Rank,Ticker,Company,Sector,Index Weight %,Website,Wikipedia,Facebook,Instagram,X,YouTube,LinkedIn,Link Confidence
1,NVDA,Nvidia,Information Technology,6.85,https://www.nvidia.com,https://en.wikipedia.org/wiki/Nvidia,https://www.facebook.com/NVIDIA,https://www.instagram.com/nvidia,https://x.com/nvidia,https://www.youtube.com/channel/UCHuiy8bXnmK5nisYHUd1J5g,https://www.linkedin.com/company/nvidia,Verified
2,AAPL,Apple Inc.,Information Technology,5.97,https://www.apple.com,https://en.wikipedia.org/wiki/Apple_Inc.,https://www.facebook.com/apple,https://www.instagram.com/apple,https://x.com/Apple,https://www.youtube.com/channel/UCE_M8A5yxnLfW0KghEeajjw,https://www.linkedin.com/company/apple,Verified
3,MSFT,Microsoft,Information Technology,3.91,https://www.microsoft.com,https://en.wikipedia.org/wiki/Microsoft,https://www.facebook.com/Microsoft,https://www.instagram.com/microsoft,https://x.com/Microsoft,https://www.youtube.com/channel/UCFtEEv80fQVKkD4h1PF-Xqw,https://www.linkedin.com/company/microsoft,Verified
4,AMZN,Amazon (company),Consumer Discretionary,3.26,https://www.amazon.com,https://en.wikipedia.org/wiki/Amazon_(company),https://www.facebook.com/Amazon,https://www.instagram.com/amazon,https://x.com/amazon,https://www.youtube.com/channel/UCkLXELm63_pH7L-r-548kig,,Verified
5,GOOGL,Alphabet Inc.,Communication,2.98,https://www.abc.xyz,https://en.wikipedia.org/wiki/Alphabet_Inc.,,,,,,Verified
6,AVGO,Broadcom,Information Technology,2.64,https://www.broadcom.com,https://en.wikipedia.org/wiki/Broadcom,https://www.facebook.com/Broadcom,,https://x.com/Broadcom,https://www.youtube.com/channel/UCTr3zah69bISSVdBcHiKhpA,https://www.linkedin.com/company/broadcom,Verified
7,GOOG,Alphabet Inc.,Communication,2.42,https://www.abc.xyz,https://en.wikipedia.org/wiki/Alphabet_Inc.,,,,,,Verified
8,MU,Micron Technology,Information Technology,1.76,https://www.micron.com,https://en.wikipedia.org/wiki/Micron_Technology,https://www.facebook.com/MicronTechUSA,,https://x.com/microntech,https://www.youtube.com/channel/UCBqcI352Dc2ExKq1uSdwZvg,https://www.linkedin.com/company/micron-technology,Verified
9,META,Meta Platforms,Communication,1.75,https://www.meta.com,https://en.wikipedia.org/wiki/Meta_Platforms,https://www.facebook.com/Meta,https://www.instagram.com/meta,https://x.com/Meta,https://www.youtube.com/channel/UC04FyDIvYXNecpbG8gyOw4A,https://www.linkedin.com/company/meta,Verified
10,TSLA,"Tesla, Inc.",Consumer Discretionary,1.57,https://www.tesla.com,"https://en.wikipedia.org/wiki/Tesla,_Inc.",https://www.facebook.com/100057777034735,https://www.instagram.com/teslamotors,https://x.com/Tesla,https://www.youtube.com/channel/UC5WjFrtBdufl6CZojX3D8dQ,https://www.linkedin.com/company/tesla-motors,Verified
11,BRKB,Berkshire Hathaway,Financials,1.25,https://www.berkshirehathaway.com,https://en.wikipedia.org/wiki/Berkshire_Hathaway,,,,,,Verified
12,JPM,JPMorgan Chase,Financials,1.23,https://www.jpmorganchase.com,https://en.wikipedia.org/wiki/JPMorgan_Chase,https://www.facebook.com/jpmorganchase,https://www.instagram.com/jpmorgan,,,https://www.linkedin.com/company/jpmorganchase,Verified
13,LLY,Eli Lilly and Company,Health Care,1.22,https://www.lilly.com,https://en.wikipedia.org/wiki/Eli_Lilly_and_Company,,,,,,Verified
14,AMD,AMD,Information Technology,1.20,https://www.amd.com,https://en.wikipedia.org/wiki/AMD,https://www.facebook.com/AMD,https://www.instagram.com/amd,https://x.com/AMD,https://www.youtube.com/channel/UCHQDjDDW8w2RieO-IuqYlyg,https://www.linkedin.com/company/amd,Verified
15,INTC,Intel,Information Technology,0.82,https://www.intel.com,https://en.wikipedia.org/wiki/Intel,https://www.facebook.com/Intel,https://www.instagram.com/intel,https://x.com/intel,https://www.youtube.com/channel/UCk7SjrXVXAj8m8BLgzh6dGA,https://www.linkedin.com/company/intel-corporation,Verified
16,XOM,ExxonMobil,Energy,0.81,https://corporate.exxonmobil.com,https://en.wikipedia.org/wiki/ExxonMobil,https://www.facebook.com/ExxonMobil,,https://x.com/exxonmobil,https://www.youtube.com/channel/UCvNc3rg1Aa9wSPECYWEfcPg,,Verified
17,V,Visa Inc.,Financials,0.77,https://corporate.visa.com,https://en.wikipedia.org/wiki/Visa_Inc.,https://www.facebook.com/Visa,https://www.instagram.com/visa_us,https://x.com/Visa,https://www.youtube.com/channel/UCvqKb7KRw1vbkYiJihoYE8w,https://www.linkedin.com/company/visa,Verified
18,JNJ,Johnson & Johnson,Health Care,0.76,https://www.jnj.com,https://en.wikipedia.org/wiki/Johnson_%26_Johnson,https://www.facebook.com/jnj,https://www.instagram.com/jnj,https://x.com/JNJNews,https://www.youtube.com/channel/UCg0sL-UssDXE2Ohk3Dfpz7g,https://www.linkedin.com/company/johnson-&-johnson,Verified
19,WMT,Walmart,Consumer Staples,0.71,https://www.walmart.com,https://en.wikipedia.org/wiki/Walmart,https://www.facebook.com/walmart,https://www.instagram.com/walmart,https://x.com/Walmart,https://www.youtube.com/channel/UC701pqb1-HJPS4RMjSmK4Yg,,Verified
20,AMAT,Applied Materials,Information Technology,0.68,https://www.appliedmaterials.com,https://en.wikipedia.org/wiki/Applied_Materials,https://www.facebook.com/AppliedMaterialsInc,,https://x.com/applied4tech,https://www.youtube.com/channel/UCRtDxSpmTncPvzBvXLurThA,,Verified
21,LRCX,Lam Research,Information Technology,0.68,https://www.lamresearch.com,https://en.wikipedia.org/wiki/Lam_Research,https://www.facebook.com/LamResearchCorporation,https://www.instagram.com/lam_research,https://x.com/lamresearch,,,Verified
22,CSCO,Cisco,Information Technology,0.66,https://www.cisco.com,https://en.wikipedia.org/wiki/Cisco,https://www.facebook.com/cisco,https://www.instagram.com/cisco,https://x.com/Cisco,https://www.youtube.com/channel/UCEWiIE6Htd8mvlOR6YQez1g,https://www.linkedin.com/company/cisco,Verified
23,CAT,Caterpillar Inc.,Industrials,0.63,https://www.caterpillar.com,https://en.wikipedia.org/wiki/Caterpillar_Inc.,https://www.facebook.com/caterpillarinc,https://www.instagram.com/caterpillarinc,https://x.com/CaterpillarInc,https://www.youtube.com/channel/UCetJvfhHNboF_Tl3auMOs5w,,Verified
24,COST,Costco,Consumer Staples,0.59,https://www.costco.com,https://en.wikipedia.org/wiki/Costco,https://www.facebook.com/Costco,https://www.instagram.com/costco,https://x.com/Costco,https://www.youtube.com/channel/UCip_exSUgwqkAa1A1KU-upA,https://www.linkedin.com/company/costco-wholesale,Verified
25,MA,Mastercard,Financials,0.55,https://www.mastercard.com,https://en.wikipedia.org/wiki/Mastercard,https://www.facebook.com/MastercardDenmark,https://www.instagram.com/mastercard.pt,https://x.com/Mastercard,https://www.youtube.com/channel/UC1z40kQzJW1RLZoYiNo8WwQ,https://www.linkedin.com/company/mastercard,Verified
26,ABBV,AbbVie,Health Care,0.53,https://www.abbvie.com,https://en.wikipedia.org/wiki/AbbVie,https://www.facebook.com/AbbVieGlobal,https://www.instagram.com/abbvie,https://x.com/abbvie,https://www.youtube.com/channel/UC023GwYXeUQQ6TYHlCaxjOA,https://www.linkedin.com/company/abbvie,Verified
27,GE,GE Aerospace,Industrials,0.52,https://www.geaerospace.com,https://en.wikipedia.org/wiki/GE_Aerospace,,https://www.instagram.com/geaviation,https://x.com/geaviation,,,Verified
28,BAC,Bank of America,Financials,0.51,https://www.bankofamerica.com,https://en.wikipedia.org/wiki/Bank_of_America,https://www.facebook.com/BankofAmerica,https://www.instagram.com/bankofamerica,https://x.com/BankofAmerica,https://www.youtube.com/channel/UCtHZ1qs5h4sx9TijVBQCMIA,,Verified
29,UNH,UnitedHealth Group,Health Care,0.51,https://www.unitedhealthgroup.com,https://en.wikipedia.org/wiki/UnitedHealth_Group,,,https://x.com/unitedhealthgrp,,,Verified
30,PG,Procter & Gamble,Consumer Staples,0.49,https://www.pg.com,https://en.wikipedia.org/wiki/Procter_%26_Gamble,https://www.facebook.com/ProcterGamble,https://www.instagram.com/proctergamble,https://x.com/ProcterGamble,https://www.youtube.com/channel/UCDzq6J0KoGCbps96JQuXWRg,https://www.linkedin.com/company/procter-and-gamble,Verified
31,KLAC,KLA Corporation,Information Technology,0.47,https://www.kla.com,https://en.wikipedia.org/wiki/KLA_Corporation,,,https://x.com/klacorp,,https://www.linkedin.com/company/klacorp,Verified
32,HD,Home Depot,Consumer Discretionary,0.46,https://www.homedepot.com,https://en.wikipedia.org/wiki/Home_Depot,https://www.facebook.com/homedepot,https://www.instagram.com/homedepot,https://x.com/HomeDepot,https://www.youtube.com/channel/UCfB9yx0y0dUwQ0lpjH8R4gA,,Verified
33,NFLX,"Netflix, Inc.",Communication,0.46,https://www.netflix.com,"https://en.wikipedia.org/wiki/Netflix,_Inc.",,,,,,Verified
34,CVX,Chevron Corporation,Energy,0.45,https://www.chevron.com,https://en.wikipedia.org/wiki/Chevron_Corporation,https://www.facebook.com/Chevron,https://www.instagram.com/chevron,https://x.com/Chevron,,,Verified
35,GS,Goldman Sachs,Financials,0.45,https://www.goldmansachs.com,https://en.wikipedia.org/wiki/Goldman_Sachs,,,https://x.com/GoldmanSachs,,https://www.linkedin.com/company/goldman-sachs,Verified
36,SNDK,Sandisk,Information Technology,0.43,https://www.sandisk.com,https://en.wikipedia.org/wiki/Sandisk,https://www.facebook.com/sandisk,https://www.instagram.com/sandisk,https://x.com/sandisk,https://www.youtube.com/channel/UCqXoT2w9gl8YNC6JM7t_Xng,https://www.linkedin.com/company/sandisk,Verified
37,ORCL,Oracle Corporation,Information Technology,0.43,https://www.oracle.com,https://en.wikipedia.org/wiki/Oracle_Corporation,https://www.facebook.com/Oracle,https://www.instagram.com/oracle,https://x.com/Oracle,https://www.youtube.com/channel/UCHCThmyZ-2yWkv0UVeBDdnQ,https://www.linkedin.com/company/oracle,Verified
38,KO,The Coca-Cola Company,Consumer Staples,0.43,https://www.coca-colacompany.com,https://en.wikipedia.org/wiki/The_Coca-Cola_Company,https://www.facebook.com/CocaColaUnitedStates,https://www.instagram.com/cocacola,https://x.com/CocaCola,https://www.youtube.com/channel/UCosXctaTYxN4YPIvI5Fpcrw,,Verified
39,GEV,GE Vernova,Industrials,0.42,https://www.gevernova.com,https://en.wikipedia.org/wiki/GE_Vernova,,,,,,Verified
40,TXN,Texas Instruments,Information Technology,0.41,https://www.ti.com,https://en.wikipedia.org/wiki/Texas_Instruments,https://www.facebook.com/TexasInstruments,https://www.instagram.com/txinstruments,https://x.com/TICalculators,https://www.youtube.com/channel/UC-EXTfLnOmCKVRJrv8xoGrQ,https://www.linkedin.com/company/texas-instruments,Verified
41,MRK,Merck & Co.,Health Care,0.39,https://www.merck.com,https://en.wikipedia.org/wiki/Merck_%26_Co.,https://www.facebook.com/MerckInvents,https://www.instagram.com/merck,https://x.com/merck,,,Verified
42,PLTR,Palantir,Information Technology,0.39,https://www.palantir.com,https://en.wikipedia.org/wiki/Palantir,https://www.facebook.com/Palantir,,https://x.com/PalantirTech,https://www.youtube.com/channel/UCwed6_f0WcDIioXvMQfcP2Q,https://www.linkedin.com/company/palantir-technologies,Verified
43,PM,Philip Morris International,Consumer Staples,0.39,https://www.pmi.com,https://en.wikipedia.org/wiki/Philip_Morris_International,https://www.facebook.com/InsidePMI,,https://x.com/InsidePMI,https://www.youtube.com/channel/UC8Ljkwa0c7Njol3g7LGW2Ww,,Verified
44,MRVL,Marvell Technology,Information Technology,0.37,https://www.marvell.com,https://en.wikipedia.org/wiki/Marvell_Technology,,,,https://www.youtube.com/channel/UCP8Fn5UIZvjALoNKDGIvUDw,,Verified
45,WFC,Wells Fargo,Financials,0.35,https://www.wellsfargo.com,https://en.wikipedia.org/wiki/Wells_Fargo,https://www.facebook.com/wellsfargo,https://www.instagram.com/wellsfargo,https://x.com/WellsFargo,,https://www.linkedin.com/company/wellsfargo,Verified
46,WDC,Western Digital,Information Technology,0.35,https://www.westerndigital.com,https://en.wikipedia.org/wiki/Western_Digital,https://www.facebook.com/WesternDigitalCorporation,https://www.instagram.com/westerndigital,https://x.com/westerndigital,https://www.youtube.com/channel/UCQpijqbZeCM3zLew0ZwiX4A,https://www.linkedin.com/company/western-digital,Verified
47,MS,Morgan Stanley,Financials,0.35,https://www.morganstanley.com,https://en.wikipedia.org/wiki/Morgan_Stanley,https://www.facebook.com/morganstanley,https://www.instagram.com/morgan.stanley,https://x.com/MorganStanley,,,Verified
48,RTX,RTX Corporation,Industrials,0.35,https://www.rtx.com,https://en.wikipedia.org/wiki/RTX_Corporation,,,,,,Verified
49,C,Citigroup,Financials,0.34,https://www.citigroup.com,https://en.wikipedia.org/wiki/Citigroup,https://www.facebook.com/citi,https://www.instagram.com/citi,https://x.com/Citi,,,Verified
50,QCOM,Qualcomm,Information Technology,0.34,https://www.qualcomm.com,https://en.wikipedia.org/wiki/Qualcomm,https://www.facebook.com/qualcomm,https://www.instagram.com/qualcomm,https://x.com/Qualcomm,https://www.youtube.com/channel/UCH6eZr6vbZ6Bx53TyuSzxrg,https://www.linkedin.com/company/qualcomm,Verified
51,LIN,Linde plc,Materials,0.33,https://www.linde.com,https://en.wikipedia.org/wiki/Linde_plc,https://www.facebook.com/lindeplc,https://www.instagram.com/lindeplc,,https://www.youtube.com/channel/UCS-WwuHZhM6anBIgoFvTbYg,https://www.linkedin.com/company/linde,Verified
52,IBM,IBM,Information Technology,0.32,https://www.ibm.com,https://en.wikipedia.org/wiki/IBM,https://www.facebook.com/IBM,https://www.instagram.com/ibm,https://x.com/IBM,https://www.youtube.com/channel/UC8cc4pVKVHG7A9fbNsRNrLQ,https://www.linkedin.com/company/ibm,Verified
53,PANW,Palo Alto Networks,Information Technology,0.32,https://www.paloaltonetworks.com,https://en.wikipedia.org/wiki/Palo_Alto_Networks,https://www.facebook.com/PaloAltoNetworks,,https://x.com/paloaltontwks,,,Verified
54,ADI,Analog Devices,Information Technology,0.29,https://www.analog.com,https://en.wikipedia.org/wiki/Analog_Devices,https://www.facebook.com/AnalogDevicesInc,https://www.instagram.com/analogdevices,https://x.com/ADI_News,https://www.youtube.com/channel/UCksc_G6DamESNilfxx2sx4w,https://www.linkedin.com/company/3450,Verified
55,APH,Amphenol,Information Technology,0.28,https://www.amphenol.com,https://en.wikipedia.org/wiki/Amphenol,,https://www.instagram.com/amphenolltd,https://x.com/amphenol,,,Verified
56,MCD,McDonald's,Consumer Discretionary,0.28,https://www.mcdonalds.com,https://en.wikipedia.org/wiki/McDonald%27s,https://www.facebook.com/mcdonalds,https://www.instagram.com/mcdonaldsid,https://x.com/mcdonalds,https://www.youtube.com/channel/UC3F7ygnasRvpbRV7QCmpsag,https://www.linkedin.com/company/2677,Verified
57,PEP,PepsiCo,Consumer Staples,0.27,https://www.pepsico.com,https://en.wikipedia.org/wiki/PepsiCo,https://www.facebook.com/PepsiCo,https://www.instagram.com/pepsico,https://x.com/PepsiCo,https://www.youtube.com/channel/UCkrcntqtKKsXHBNJ5yvdQzg,https://www.linkedin.com/company/pepsico,Verified
58,VZ,Verizon,Communication,0.27,https://www.verizon.com,https://en.wikipedia.org/wiki/Verizon,https://www.facebook.com/verizon,,https://x.com/verizon,,,Verified
59,DIS,The Walt Disney Company,Communication,0.26,https://www.thewaltdisneycompany.com,https://en.wikipedia.org/wiki/The_Walt_Disney_Company,,,,,,Verified
60,TJX,TJX,Consumer Discretionary,0.25,https://www.tjx.com,https://en.wikipedia.org/wiki/TJX,,https://www.instagram.com/tjxcareers,,,https://www.linkedin.com/company/tjx,Verified
61,AXP,American Express,Financials,0.25,https://www.americanexpress.com,https://en.wikipedia.org/wiki/American_Express,https://www.facebook.com/AmericanExpressTaiwan,https://www.instagram.com/americanexpress,https://x.com/americanexpress,https://www.youtube.com/channel/UCZ9dXmuPmcstcgjt25VmOrg,,Verified
62,AMGN,Amgen,Health Care,0.25,https://www.amgen.com,https://en.wikipedia.org/wiki/Amgen,,https://www.instagram.com/amgenbiotech,https://x.com/Amgen,https://www.youtube.com/channel/UCeC6oqHqLe4X5z0jbaWrtQw,https://www.linkedin.com/company/amgen,Verified
63,NEE,NextEra Energy,Utilities,0.25,https://www.nexteraenergy.com,https://en.wikipedia.org/wiki/NextEra_Energy,https://www.facebook.com/nexteraenergy,,https://x.com/nexteraenergy,,,Verified
64,TMO,Thermo Fisher Scientific,Health Care,0.24,https://www.thermofisher.com,https://en.wikipedia.org/wiki/Thermo_Fisher_Scientific,https://www.facebook.com/ThermoFisherJapan,https://www.instagram.com/thermofisherscientific,https://x.com/thermofisher,https://www.youtube.com/channel/UCfUs2fCDhx07fkszsJ0jOcA,https://www.linkedin.com/company/thermo-fisher-scientific,Verified
65,ANET,Arista Networks,Information Technology,0.24,https://www.arista.com,https://en.wikipedia.org/wiki/Arista_Networks,,,https://x.com/aristanetworks,,,Verified
66,CRWD,CrowdStrike,Information Technology,0.24,https://www.crowdstrike.com,https://en.wikipedia.org/wiki/CrowdStrike,https://www.facebook.com/CrowdStrike,https://www.instagram.com/crowdstrike,https://x.com/crowdstrike,https://www.youtube.com/channel/UCsRdY9CtEVWTNO4ulwfzqVA,https://www.linkedin.com/company/crowdstrike,Verified
67,BA,Boeing,Industrials,0.23,https://www.boeing.com,https://en.wikipedia.org/wiki/Boeing,https://www.facebook.com/boeing,https://www.instagram.com/boeing,https://x.com/Boeing,https://www.youtube.com/channel/UC9IEkprr46ScglWU79HF5qQ,https://www.linkedin.com/company/boeing,Verified
68,ETN,Eaton Corporation,Industrials,0.23,https://www.eaton.com,https://en.wikipedia.org/wiki/Eaton_Corporation,https://www.facebook.com/eatoncorporation,,https://x.com/eatoncorp,,,Verified
69,BLK,BlackRock,Financials,0.22,https://www.blackrock.com,https://en.wikipedia.org/wiki/BlackRock,https://www.facebook.com/BlackRock,https://www.instagram.com/blackrock,https://x.com/blackrock,https://www.youtube.com/channel/UC4mxyB0DHnJlqlDUq0aGtDw,,Verified
70,GILD,Gilead Sciences,Health Care,0.21,https://www.gilead.com,https://en.wikipedia.org/wiki/Gilead_Sciences,https://www.facebook.com/GileadSciences,,https://x.com/GileadSciences,https://www.youtube.com/channel/UCNSt7PtsfNGbezR9hmvRI1w,,Verified
71,SCHW,Charles Schwab Corporation,Financials,0.21,https://www.schwab.com,https://en.wikipedia.org/wiki/Charles_Schwab_Corporation,https://www.facebook.com/CharlesSchwab,https://www.instagram.com/charlesschwab,https://x.com/CharlesSchwab,https://www.youtube.com/channel/UCLOkwpc70MlIDNlqarBAfhg,https://www.linkedin.com/company/charles-schwab,Verified
72,UNP,Union Pacific Corporation,Industrials,0.21,https://www.up.com,https://en.wikipedia.org/wiki/Union_Pacific_Corporation,,,,,,Verified
73,ABT,Abbott Laboratories,Health Care,0.21,https://www.abbott.com,https://en.wikipedia.org/wiki/Abbott_Laboratories,https://www.facebook.com/abbott,https://www.instagram.com/abbottglobal,https://x.com/AbbottNews,https://www.youtube.com/channel/UC2KoXmpHESQE-xEu5FiVE5w,https://www.linkedin.com/company/1612,Verified
74,GLW,Corning Inc.,Information Technology,0.21,https://www.corning.com,https://en.wikipedia.org/wiki/Corning_Inc.,,,,https://www.youtube.com/channel/UCGyKit14usd5PNw_nZ-8gKQ,https://www.linkedin.com/company/corning-incorporated,Verified
75,T,AT&T,Communication,0.21,https://www.att.com,https://en.wikipedia.org/wiki/AT%26T,https://www.facebook.com/ATT,https://www.instagram.com/att,https://x.com/ATT,,,Verified
76,HON,Honeywell,Industrials,0.20,https://www.honeywell.com,https://en.wikipedia.org/wiki/Honeywell,,https://www.instagram.com/honeywell,https://x.com/honeywell,,,Verified
77,UBER,Uber,Industrials,0.20,https://www.uber.com,https://en.wikipedia.org/wiki/Uber,https://www.facebook.com/uber,https://www.instagram.com/uber,https://x.com/Uber,https://www.youtube.com/channel/UCgnxoUwDmmyzeigmmcf0hZA,https://www.linkedin.com/company/uber-com,Verified
78,DE,John Deere,Industrials,0.20,https://www.deere.com,https://en.wikipedia.org/wiki/John_Deere,https://www.facebook.com/JohnDeereUSCA,https://www.instagram.com/johndeere,https://x.com/johndeere,https://www.youtube.com/channel/UCxeAYuhwAPAsSP7Gtfeml0g,https://www.linkedin.com/company/john-deere,Verified
79,ISRG,Intuitive Surgical,Health Care,0.20,https://www.intuitive.com,https://en.wikipedia.org/wiki/Intuitive_Surgical,,,https://x.com/IntuitiveSurg,,,Verified
80,PFE,Pfizer,Health Care,0.20,https://www.pfizer.com,https://en.wikipedia.org/wiki/Pfizer,https://www.facebook.com/Pfizer,https://www.instagram.com/pfizerinc,https://x.com/pfizer,https://www.youtube.com/channel/UCzoP7l5bzSzi2gUUNn0I79w,https://www.linkedin.com/company/pfizer,Verified
81,WELL,Welltower,Real Estate,0.20,https://www.welltower.com,https://en.wikipedia.org/wiki/Welltower,,,,,,Verified
82,BKNG,Booking Holdings,Consumer Discretionary,0.19,https://www.bookingholdings.com,https://en.wikipedia.org/wiki/Booking_Holdings,,,https://x.com/BookingHoldings,,https://www.linkedin.com/company/bookingholdings,Verified
83,CRM,Salesforce,Information Technology,0.19,https://www.salesforce.com,https://en.wikipedia.org/wiki/Salesforce,https://www.facebook.com/5634829153,https://www.instagram.com/salesforce,https://x.com/salesforce,,https://www.linkedin.com/company/salesforce,Verified
84,COP,ConocoPhillips,Energy,0.19,https://www.conocophillips.com,https://en.wikipedia.org/wiki/ConocoPhillips,https://www.facebook.com/conocophillips,https://www.instagram.com/conocophillips,https://x.com/conocophillips,,,Verified
85,PLD,Prologis,Real Estate,0.18,https://www.prologis.com,https://en.wikipedia.org/wiki/Prologis,https://www.facebook.com/Prologis,,https://x.com/prologis,,,Verified
86,DELL,Dell Technologies,Information Technology,0.18,https://www.delltechnologies.com,https://en.wikipedia.org/wiki/Dell_Technologies,https://www.facebook.com/DellTechDeutschland,,https://x.com/DellTech,,https://www.linkedin.com/company/delltechnologies,Verified
87,VRT,Vertiv,Industrials,0.18,https://www.vertiv.com,https://en.wikipedia.org/wiki/Vertiv,,,,,,Verified
88,SPGI,S&P Global,Financials,0.17,https://www.spglobal.com,https://en.wikipedia.org/wiki/S%26P_Global,,,,https://www.youtube.com/channel/UCfXvCHeuAzcYIrR8WeHJgSw,,Verified
89,LOW,Lowe's,Consumer Discretionary,0.17,https://www.lowes.com,https://en.wikipedia.org/wiki/Lowe%27s,https://www.facebook.com/lowes,https://www.instagram.com/loweshomeimprovement,https://x.com/lowes,https://www.youtube.com/channel/UCqd2hbtE2N9fb0D2nTrLT1w,,Verified
90,COF,Capital One,Financials,0.17,https://www.capitalone.com,https://en.wikipedia.org/wiki/Capital_One,https://www.facebook.com/capitalone,https://www.instagram.com/capitalone,https://x.com/capitalone,https://www.youtube.com/channel/UCyGhGrs-1hA22jX6X850VEQ,https://www.linkedin.com/company/capital-one,Verified
91,CVS,CVS Health,Health Care,0.17,https://www.cvshealth.com,https://en.wikipedia.org/wiki/CVS_Health,https://www.facebook.com/CVS,https://www.instagram.com/cvshealth,https://x.com/CVSHealth,https://www.youtube.com/channel/UCFwzWrk8u5ycjhmgpSeQ_Yg,,Verified
92,PH,Parker Hannifin,Industrials,0.17,https://www.parker.com,https://en.wikipedia.org/wiki/Parker_Hannifin,,,https://x.com/ParkerHannifin,,,Verified
93,PGR,Progressive Corporation,Financials,0.17,https://www.progressive.com,https://en.wikipedia.org/wiki/Progressive_Corporation,https://www.facebook.com/progressive,https://www.instagram.com/progressive,https://x.com/Progressive,,,Verified
94,CB,Chubb Limited,Financials,0.16,https://www.chubb.com,https://en.wikipedia.org/wiki/Chubb_Limited,,,,,,Verified
95,MO,Altria,Consumer Staples,0.16,https://www.altria.com,https://en.wikipedia.org/wiki/Altria,,,https://x.com/altrianews,,,Verified
96,VRTX,Vertex Pharmaceuticals,Health Care,0.16,https://www.vrtx.com,https://en.wikipedia.org/wiki/Vertex_Pharmaceuticals,https://www.facebook.com/VertexPharmaInc,,https://x.com/vertexpharma,https://www.youtube.com/channel/UCrNu_QIE9exwVQnWKgr1toQ,https://www.linkedin.com/company/vertex-pharmaceuticals,Verified
97,SBUX,Starbucks,Consumer Discretionary,0.16,https://www.starbucks.com,https://en.wikipedia.org/wiki/Starbucks,https://www.facebook.com/StarbucksMagyarorszag,https://www.instagram.com/starbucks,https://x.com/StarbucksMex,https://www.youtube.com/channel/UCj4nCgtjKJppK_IZeY8TUJg,https://www.linkedin.com/company/starbucks,Verified
98,NEM,Newmont,Materials,0.16,https://www.newmont.com,https://en.wikipedia.org/wiki/Newmont,https://www.facebook.com/NewmontCorporation,,https://x.com/NewmontCorp,,,Verified
99,APP,AppLovin,Information Technology,0.16,https://www.applovin.com,https://en.wikipedia.org/wiki/AppLovin,https://www.facebook.com/applovin,https://www.instagram.com/applovin,https://x.com/applovin,,,Verified
100,DHR,Danaher Corporation,Health Care,0.16,https://www.danaher.com,https://en.wikipedia.org/wiki/Danaher_Corporation,,,https://x.com/danaher_u,,,Verified
101,HWM,Howmet Aerospace,Industrials,0.15,https://www.howmet.com,https://en.wikipedia.org/wiki/Howmet_Aerospace,https://www.facebook.com/arconic,,https://x.com/arconic,https://www.youtube.com/channel/UCeUmqn3t5l3qGqsJifMLIAw,,Verified
102,BMY,Bristol Myers Squibb,Health Care,0.15,https://www.bms.com,https://en.wikipedia.org/wiki/Bristol_Myers_Squibb,https://www.facebook.com/BristolMyersSquibb,https://www.instagram.com/bristolmyerssquibb,https://x.com/bmsnews,,,Verified
103,TT,Trane Technologies,Industrials,0.15,https://www.tranetechnologies.com,https://en.wikipedia.org/wiki/Trane_Technologies,,,,,,Verified
104,EQIX,Equinix,Real Estate,0.15,https://www.equinix.com,https://en.wikipedia.org/wiki/Equinix,https://www.facebook.com/Equinix,,https://x.com/Equinix,https://www.youtube.com/channel/UC9xshmMk-FKjqKCLOKklQQw,,Verified
105,SYK,Stryker Corporation,Health Care,0.15,https://www.stryker.com,https://en.wikipedia.org/wiki/Stryker_Corporation,https://www.facebook.com/strykercareers,,https://x.com/stryker_jobs,https://www.youtube.com/channel/UCmOY0v_SbO5ykRxsFlKifRg,https://www.linkedin.com/company/stryker,Verified
106,LMT,Lockheed Martin,Industrials,0.15,https://www.lockheedmartin.com,https://en.wikipedia.org/wiki/Lockheed_Martin,https://www.facebook.com/lockheedmartin,https://www.instagram.com/lockheedmartin,https://x.com/lockheedmartin,https://www.youtube.com/channel/UCJWcF0ex7_doPdIQGbVpDsQ,,Verified
107,CDNS,Cadence Design Systems,Information Technology,0.15,https://www.cadence.com,https://en.wikipedia.org/wiki/Cadence_Design_Systems,https://www.facebook.com/CadenceDesign,,https://x.com/cadence,,,Verified
108,PWR,Quanta Services,Industrials,0.14,https://www.quantaservices.com,https://en.wikipedia.org/wiki/Quanta_Services,https://www.facebook.com/quantaservicesinc,,https://x.com/quanta_services,,,Verified
109,SO,Southern Company,Utilities,0.14,https://www.southerncompany.com,https://en.wikipedia.org/wiki/Southern_Company,,,,,,Verified
110,MDT,Medtronic,Health Care,0.14,https://www.medtronic.com,https://en.wikipedia.org/wiki/Medtronic,https://www.facebook.com/Medtronic,https://www.instagram.com/medtronicdiabeteslatam,https://x.com/medtronic,,https://www.linkedin.com/company/medtronic,Verified
111,NOW,ServiceNow,Information Technology,0.14,https://www.servicenow.com,https://en.wikipedia.org/wiki/ServiceNow,https://www.facebook.com/servicenow,https://www.instagram.com/lifeatnow,https://x.com/servicenow,,,Verified
112,BNY,BNY,Financials,0.14,https://www.bny.com,https://en.wikipedia.org/wiki/BNY,https://www.facebook.com/bnymellon,https://www.instagram.com/bnymellon,https://x.com/bnymellon,https://www.youtube.com/channel/UCfstmS_rrId1ep5OCm6IF7A,,Verified
113,CMI,Cummins,Industrials,0.14,https://www.cummins.com,https://en.wikipedia.org/wiki/Cummins,https://www.facebook.com/Cummins,https://www.instagram.com/cummins,https://x.com/cummins,,,Verified
114,FCX,Freeport-McMoRan,Materials,0.14,https://www.fcx.com,https://en.wikipedia.org/wiki/Freeport-McMoRan,,https://www.instagram.com/freeportfcx,https://x.com/fm_fcx,,,Verified
115,MMC,Marsh (Marsh McLennan),Financials,0.134,https://www.marsh.com,https://en.wikipedia.org/wiki/Marsh_McLennan,https://www.facebook.com/MarshGlobal1/,,https://x.com/MarshGlobal,https://www.youtube.com/user/TheMarshChannel,https://www.linkedin.com/company/marshrisk,Auto-enriched
116,DUK,Duke Energy,Utilities,0.13,https://www.duke-energy.com,https://en.wikipedia.org/wiki/Duke_Energy,https://www.facebook.com/duke.energy,https://www.instagram.com/duke_energy,https://x.com/DukeEnergy,https://www.youtube.com/channel/UCtBjQ6-HX844dw5dD9LJodw,,Verified
117,MCK,McKesson Corporation,Health Care,0.13,https://www.mckesson.com,https://en.wikipedia.org/wiki/McKesson_Corporation,https://www.facebook.com/McKessonCorporation,https://www.instagram.com/mckessoncorporation,https://x.com/mckesson,https://www.youtube.com/channel/UCrUA5EalesVq9LKeIoT89_g,,Verified
118,BX,Blackstone Inc.,Financials,0.13,https://www.blackstone.com,https://en.wikipedia.org/wiki/Blackstone_Inc.,,,,,,Verified
119,USB,U.S. Bancorp,Financials,0.13,https://www.usbank.com,https://en.wikipedia.org/wiki/U.S._Bancorp,,,,,,Verified
120,PNC,PNC Financial Services,Financials,0.13,https://www.pnc.com,https://en.wikipedia.org/wiki/PNC_Financial_Services,https://www.facebook.com/pncbank,https://www.instagram.com/pncbank,https://x.com/pncbank,,https://www.linkedin.com/company/pnc-bank,Verified
121,FTNT,Fortinet,Information Technology,0.12,https://www.fortinet.com,https://en.wikipedia.org/wiki/Fortinet,https://www.facebook.com/Fortinet,https://www.instagram.com/behindthefirewall,https://x.com/FortiGuardLabs,,,Verified
122,WMB,Williams Companies,Energy,0.12,https://www.williams.com,https://en.wikipedia.org/wiki/Williams_Companies,https://www.facebook.com/WilliamsEnergyCo,,,,,Verified
123,JCI,Johnson Controls,Industrials,0.12,https://www.johnsoncontrols.com,https://en.wikipedia.org/wiki/Johnson_Controls,https://www.facebook.com/JohnsonControls,https://www.instagram.com/johnsoncontrols,https://x.com/johnsoncontrols,https://www.youtube.com/channel/UCVdxOo2SYGefzEFMVVkPgkQ,,Verified
124,GD,General Dynamics,Industrials,0.12,https://www.gd.com,https://en.wikipedia.org/wiki/General_Dynamics,,,https://x.com/generaldynamics,,https://www.linkedin.com/company/general-dynamics,Verified
125,ADP,ADP (company),Industrials,0.12,https://www.adp.com,https://en.wikipedia.org/wiki/ADP_(company),https://www.facebook.com/AutomaticDataProcessing,https://www.instagram.com/adp,https://x.com/ADP,,https://www.linkedin.com/company/adp,Verified
126,CME,CME Group,Financials,0.12,https://www.cmegroup.com,https://en.wikipedia.org/wiki/CME_Group,,,https://x.com/CMEGroup,,,Verified
127,CEG,Constellation Energy,Utilities,0.12,https://www.constellation.com,https://en.wikipedia.org/wiki/Constellation_Energy,https://www.facebook.com/ConstellationEnergy,,,,,Verified
128,MAR,Marriott International,Consumer Discretionary,0.12,https://www.marriott.com,https://en.wikipedia.org/wiki/Marriott_International,https://www.facebook.com/marriottinternational,,https://x.com/MarriottIntl,,https://www.linkedin.com/company/marriott-international,Verified
129,TMUS,T-Mobile US,Communication,0.12,https://www.t-mobile.com,https://en.wikipedia.org/wiki/T-Mobile_US,https://www.facebook.com/TMobile,,,,,Verified
130,SNPS,Synopsys,Information Technology,0.12,https://www.synopsys.com,https://en.wikipedia.org/wiki/Synopsys,https://www.facebook.com/Synopsys,,https://x.com/Synopsys,,,Verified
131,ELV,Elevance Health,Health Care,0.12,https://www.elevancehealth.com,https://en.wikipedia.org/wiki/Elevance_Health,,,https://x.com/ElevanceHealth,,,Verified
132,MMM,3M,Industrials,0.12,https://www.3m.com,https://en.wikipedia.org/wiki/3M,https://www.facebook.com/3M,https://www.instagram.com/3m,https://x.com/3M,https://www.youtube.com/channel/UC6YDuKO3yui0tMpnM8dEKMg,https://www.linkedin.com/company/3m,Verified
133,CSX,CSX Corporation,Industrials,0.12,https://www.csx.com,https://en.wikipedia.org/wiki/CSX_Corporation,,,,,,Verified
134,EMR,Emerson Electric,Industrials,0.12,https://www.emerson.com,https://en.wikipedia.org/wiki/Emerson_Electric,https://www.facebook.com/EmersonCorporate,,https://x.com/Emerson_News,https://www.youtube.com/channel/UCvoXW2HNGEmzLaqppLG6BsA,,Verified
135,AMT,American Tower,Real Estate,0.11,https://www.americantower.com,https://en.wikipedia.org/wiki/American_Tower,,,https://x.com/AmericanTowerUS,https://www.youtube.com/channel/UCOB1FmHAWXob-4ezZFtKjGQ,https://www.linkedin.com/company/american-tower,Verified
136,HOOD,Robinhood Markets,Financials,0.11,https://www.robinhood.com,https://en.wikipedia.org/wiki/Robinhood_Markets,https://www.facebook.com/robinhoodapp,https://www.instagram.com/robinhoodapp,https://x.com/robinhoodapp,,https://www.linkedin.com/company/robinhood,Verified
137,CMCSA,Comcast,Communication,0.11,https://www.comcast.com,https://en.wikipedia.org/wiki/Comcast,https://www.facebook.com/comcast,,https://x.com/comcast,,,Verified
138,ADBE,Adobe Inc.,Information Technology,0.11,https://www.adobe.com,https://en.wikipedia.org/wiki/Adobe_Inc.,https://www.facebook.com/Adobe,https://www.instagram.com/adobe,https://x.com/Adobe,https://www.youtube.com/channel/UC5_SBQbLA9Kg7Jh5GpXoP3g,https://www.linkedin.com/company/adobe,Verified
139,WM,"Waste Management, Inc.",Industrials,0.11,https://www.wm.com,"https://en.wikipedia.org/wiki/Waste_Management,_Inc.",https://www.facebook.com/WasteManagement,,,,,Verified
140,RCL,Royal Caribbean Group,Consumer Discretionary,0.11,https://www.royalcaribbeangroup.com,https://en.wikipedia.org/wiki/Royal_Caribbean_Group,,,https://x.com/NewsfromRCgroup,,,Verified
141,HLT,Hilton Worldwide,Consumer Discretionary,0.11,https://www.hilton.com,https://en.wikipedia.org/wiki/Hilton_Worldwide,https://www.facebook.com/hiltonnewsroom,https://www.instagram.com/hiltonnewsroom,https://x.com/HiltonHotels,,,Verified
142,MRSH,Marsh McLennan,Financials,0.11,https://www.mmc.com,https://en.wikipedia.org/wiki/Marsh_McLennan,,,,,,Verified
143,ACN,Accenture,Information Technology,0.11,https://www.accenture.com,https://en.wikipedia.org/wiki/Accenture,https://www.facebook.com/accenture,https://www.instagram.com/accenture,https://x.com/Accenture,,https://www.linkedin.com/company/accenture,Verified
144,MDLZ,Mondelez International,Consumer Staples,0.11,https://www.mondelezinternational.com,https://en.wikipedia.org/wiki/Mondelez_International,https://www.facebook.com/mondelezinternational,https://www.instagram.com/mondelez_international,https://x.com/mdlz,https://www.youtube.com/channel/UC4K4zLoKvkhNhgRTctZu8JA,,Verified
145,UPS,United Parcel Service,Industrials,0.11,https://www.ups.com,https://en.wikipedia.org/wiki/United_Parcel_Service,https://www.facebook.com/ups,https://www.instagram.com/ups,https://x.com/UPS,https://www.youtube.com/channel/UC4_qBUkZQBfYsJ7eNYqXaBg,https://www.linkedin.com/company/ups,Verified
146,SNOW,Snowflake Inc.,Information Technology,0.11,https://www.snowflake.com,https://en.wikipedia.org/wiki/Snowflake_Inc.,,https://www.instagram.com/_snowflake_inc,https://x.com/snowflakedb,https://www.youtube.com/channel/UCs10x-muRrTQMJ4Ya-fmIlw,https://www.linkedin.com/company/snowflake-computing,Verified
147,ITW,Illinois Tool Works,Industrials,0.11,https://www.itw.com,https://en.wikipedia.org/wiki/Illinois_Tool_Works,,,,,https://www.linkedin.com/company/illinoistoolworks,Verified
148,ICE,Intercontinental Exchange,Financials,0.11,https://www.ice.com,https://en.wikipedia.org/wiki/Intercontinental_Exchange,,,,,,Verified
149,CRH,CRH plc,Materials,0.10,https://www.crh.com,https://en.wikipedia.org/wiki/CRH_plc,,,,,,Verified
150,ROST,Ross Stores,Consumer Discretionary,0.10,https://www.rossstores.com,https://en.wikipedia.org/wiki/Ross_Stores,https://www.facebook.com/RossDressforLess,https://www.instagram.com/rossdressforless,https://x.com/Ross_Stores,,,Verified
151,CI,The Cigna Group,Health Care,0.10,https://www.cigna.com,https://en.wikipedia.org/wiki/The_Cigna_Group,,https://www.instagram.com/lifeatcigna,https://x.com/Cigna,,,Verified
152,SHW,Sherwin-Williams,Materials,0.10,https://www.sherwin-williams.com,https://en.wikipedia.org/wiki/Sherwin-Williams,,,,,,Verified
153,TDG,TransDigm Group,Industrials,0.10,https://www.transdigm.com,https://en.wikipedia.org/wiki/TransDigm_Group,,,,,,Verified
154,MPC,Marathon Petroleum,Energy,0.10,https://www.marathonpetroleum.com,https://en.wikipedia.org/wiki/Marathon_Petroleum,,,,,,Verified
155,INTU,Intuit,Information Technology,0.10,https://www.intuit.com,https://en.wikipedia.org/wiki/Intuit,,,,,,Verified
156,ORLY,O'Reilly Auto Parts,Consumer Discretionary,0.10,https://www.oreillyauto.com,https://en.wikipedia.org/wiki/O%27Reilly_Auto_Parts,,,,,,Verified
157,SLB,SLB,Energy,0.10,https://www.slb.com,https://en.wikipedia.org/wiki/SLB,,https://www.instagram.com/schlumberger_official,,https://www.youtube.com/channel/UCGtrayO1fyGx4HFvyy29JhA,,Verified
158,MPWR,Monolithic Power Systems,Information Technology,0.10,https://www.monolithicpower.com,https://en.wikipedia.org/wiki/Monolithic_Power_Systems,,,,,,Verified
159,CL,Colgate-Palmolive,Consumer Staples,0.10,https://www.colgatepalmolive.com,https://en.wikipedia.org/wiki/Colgate-Palmolive,,,,,,Verified
160,SPOT,Spotify,Communication,0.10,https://www.spotify.com,https://en.wikipedia.org/wiki/Spotify,,,,,,Verified
161,VLO,Valero Energy,Energy,0.10,https://www.valero.com,https://en.wikipedia.org/wiki/Valero_Energy,,,,,,Verified
162,GM,General Motors,Consumer Discretionary,0.10,https://www.gm.com,https://en.wikipedia.org/wiki/General_Motors,,,,,,Verified
163,BE,Bloom Energy,Industrials,0.10,https://www.bloomenergy.com,https://en.wikipedia.org/wiki/Bloom_Energy,,,,,,Verified
164,EOG,EOG Resources,Energy,0.10,https://www.eogresources.com,https://en.wikipedia.org/wiki/EOG_Resources,,,,,,Verified
165,NET,Cloudflare,Information Technology,0.10,https://www.cloudflare.com,https://en.wikipedia.org/wiki/Cloudflare,,,,,,Verified
166,MCO,Moody's Corporation,Financials,0.10,https://www.moodys.com,https://en.wikipedia.org/wiki/Moody%27s_Corporation,,,,,,Verified
167,FDX,FedEx,Industrials,0.10,https://www.fedex.com,https://en.wikipedia.org/wiki/FedEx,,,,,,Verified
168,NOC,Northrop Grumman,Industrials,0.10,https://www.northropgrumman.com,https://en.wikipedia.org/wiki/Northrop_Grumman,,,,,,Verified
169,DDOG,Datadog,Information Technology,0.10,https://www.datadoghq.com,https://en.wikipedia.org/wiki/Datadog,,,,,,Verified
170,FIX,Comfort Systems USA,Industrials,0.10,https://www.comfortsystemsusa.com,https://en.wikipedia.org/wiki/Comfort_Systems_USA,,,,,,Verified
171,AEP,American Electric Power,Utilities,0.10,https://www.aep.com,https://en.wikipedia.org/wiki/American_Electric_Power,,,,,,Verified
172,SPG,Simon Property Group,Real Estate,0.10,https://www.simon.com,https://en.wikipedia.org/wiki/Simon_Property_Group,,,,,,Verified
173,URI,United Rentals,Industrials,0.10,https://www.unitedrentals.com,https://en.wikipedia.org/wiki/United_Rentals,,,,,,Verified
174,TER,Teradyne,Information Technology,0.10,https://www.teradyne.com,https://en.wikipedia.org/wiki/Teradyne,,,,,,Verified
175,COHR,Coherent Corp.,Information Technology,0.09,https://www.coherent.com,https://en.wikipedia.org/wiki/Coherent_Corp.,,,,,,Verified
176,NSC,Norfolk Southern Railway,Industrials,0.09,https://www.norfolksouthern.com,https://en.wikipedia.org/wiki/Norfolk_Southern_Railway,,,,,,Verified
177,ECL,Ecolab,Materials,0.09,https://www.ecolab.com,https://en.wikipedia.org/wiki/Ecolab,,,,,,Verified
178,BSX,Boston Scientific,Health Care,0.09,https://www.bostonscientific.com,https://en.wikipedia.org/wiki/Boston_Scientific,,,,,,Verified
179,AON,Aon (company),Financials,0.09,https://www.aon.com,https://en.wikipedia.org/wiki/Aon_(company),,,,,,Verified
180,PSX,Phillips 66,Energy,0.09,https://www.phillips66.com,https://en.wikipedia.org/wiki/Phillips_66,,,,,,Verified
181,TRV,The Travelers Companies,Financials,0.09,https://www.travelers.com,https://en.wikipedia.org/wiki/The_Travelers_Companies,,,,,,Verified
182,KKR,KKR & Co.,Financials,0.09,https://www.kkr.com,https://en.wikipedia.org/wiki/KKR_%26_Co.,,,,,,Verified
183,MSI,Motorola Solutions,Information Technology,0.09,https://www.motorolasolutions.com,https://en.wikipedia.org/wiki/Motorola_Solutions,,,,,,Verified
184,DLR,Digital Realty,Real Estate,0.09,https://www.digitalrealty.com,https://en.wikipedia.org/wiki/Digital_Realty,,,,,,Verified
185,MNST,Monster Beverage,Consumer Staples,0.09,https://www.monsterbevcorp.com,https://en.wikipedia.org/wiki/Monster_Beverage,,,,,,Verified
186,DASH,DoorDash,Consumer Discretionary,0.09,https://www.doordash.com,https://en.wikipedia.org/wiki/DoorDash,,,,,,Verified
187,HPE,Hewlett Packard Enterprise,Information Technology,0.09,https://www.hpe.com,https://en.wikipedia.org/wiki/Hewlett_Packard_Enterprise,,,,,,Verified
188,KEYS,Keysight,Information Technology,0.09,https://www.keysight.com,https://en.wikipedia.org/wiki/Keysight,,,,,,Verified
189,APD,Air Products,Materials,0.09,https://www.airproducts.com,https://en.wikipedia.org/wiki/Air_Products,,,,,,Verified
190,REGN,Regeneron Pharmaceuticals,Health Care,0.09,https://www.regeneron.com,https://en.wikipedia.org/wiki/Regeneron_Pharmaceuticals,,,,,,Verified
191,KMI,Kinder Morgan,Energy,0.09,https://www.kindermorgan.com,https://en.wikipedia.org/wiki/Kinder_Morgan,,,,,,Verified
192,PCAR,Paccar,Industrials,0.08,https://www.paccar.com,https://en.wikipedia.org/wiki/Paccar,,,,,,Verified
193,TFC,Truist,Financials,0.08,https://www.truist.com,https://en.wikipedia.org/wiki/Truist,,,,,,Verified
194,WBD,Warner Bros. Discovery,Communication,0.08,https://www.wbd.com,https://en.wikipedia.org/wiki/Warner_Bros._Discovery,,,,,,Verified
195,HCA,HCA Healthcare,Health Care,0.08,https://www.hcahealthcare.com,https://en.wikipedia.org/wiki/HCA_Healthcare,,,,,,Verified
196,CIEN,Ciena,Information Technology,0.08,https://www.ciena.com,https://en.wikipedia.org/wiki/Ciena,,,,,,Verified
197,LITE,Lumentum,Information Technology,0.08,https://www.lumentum.com,https://en.wikipedia.org/wiki/Lumentum,,,,,,Verified
198,GWW,W. W. Grainger,Industrials,0.08,https://www.grainger.com,https://en.wikipedia.org/wiki/W._W._Grainger,,,,,,Verified
199,TGT,Target Corporation,Consumer Staples,0.08,https://www.target.com,https://en.wikipedia.org/wiki/Target_Corporation,,,,,,Verified
200,SRE,Sempra,Utilities,0.08,https://www.sempra.com,https://en.wikipedia.org/wiki/Sempra,,,,,,Verified
201,ABNB,Airbnb,Consumer Discretionary,0.08,https://www.airbnb.com,https://en.wikipedia.org/wiki/Airbnb,,,,,,Verified
202,CTAS,Cintas,Industrials,0.08,https://www.cintas.com,https://en.wikipedia.org/wiki/Cintas,https://www.facebook.com/Cintas,,https://x.com/cintascorp,https://www.youtube.com/channel/UCBsX3LG76zuKA2RZp8BJKGA,,Verified
203,D,Dominion Energy,Utilities,0.08,https://www.dominionenergy.com,https://en.wikipedia.org/wiki/Dominion_Energy,https://www.facebook.com/dominionenergy,https://www.instagram.com/dominionenergy,https://x.com/dominionenergy,,,Verified
204,BKR,Baker Hughes,Energy,0.08,https://www.bakerhughes.com,https://en.wikipedia.org/wiki/Baker_Hughes,https://www.facebook.com/bakerhughesco,https://www.instagram.com/bakerhughesco,https://x.com/bakerhughesco,https://www.youtube.com/channel/UCxhgTNB0eD0xUeeJnP9Ow4g,,Verified
205,APO,Apollo Global Management,Financials,0.08,https://www.apollo.com,https://en.wikipedia.org/wiki/Apollo_Global_Management,,,https://x.com/apolloglobal,,,Verified
206,ALL,Allstate,Financials,0.08,https://www.allstate.com,https://en.wikipedia.org/wiki/Allstate,https://www.facebook.com/Allstate,https://www.instagram.com/allstate,https://x.com/Allstate,https://www.youtube.com/channel/UCsqbhaLz0e3fLcF8jREJjSw,,Verified
207,CARR,Carrier Global,Industrials,0.08,https://corporate.carrier.com,https://en.wikipedia.org/wiki/Carrier_Global,,https://www.instagram.com/carrier,,https://www.youtube.com/channel/UCtKSYiZM4UMSaQ28uWlHWKg,,Verified
208,NUE,Nucor,Materials,0.08,https://www.nucor.com,https://en.wikipedia.org/wiki/Nucor,,,,,,Verified
209,O,Realty Income,Real Estate,0.08,https://www.realtyincome.com,https://en.wikipedia.org/wiki/Realty_Income,https://www.facebook.com/realtyincome,https://www.instagram.com/realtyincome,https://x.com/realtyincome,,https://www.linkedin.com/company/realty-income-corporation,Verified
210,VST,Vistra Corp.,Utilities,0.08,https://www.vistracorp.com,https://en.wikipedia.org/wiki/Vistra_Corp.,,,,,,Verified
211,LHX,L3Harris,Industrials,0.08,https://www.l3harris.com,https://en.wikipedia.org/wiki/L3Harris,https://www.facebook.com/L3HarrisTechnologies,https://www.instagram.com/l3harristech,https://x.com/l3harristech,https://www.youtube.com/channel/UCENNhz_O63zkKUHkj6bsIIQ,,Verified
212,DAL,Delta Air Lines,Industrials,0.08,https://www.delta.com,https://en.wikipedia.org/wiki/Delta_Air_Lines,https://www.facebook.com/delta,https://www.instagram.com/delta,https://x.com/Delta,https://www.youtube.com/channel/UCjSrVD08nsyPDCNRjqSV7yA,https://www.linkedin.com/company/delta-air-lines,Verified
213,F,Ford Motor Company,Consumer Discretionary,0.08,https://www.ford.com,https://en.wikipedia.org/wiki/Ford_Motor_Company,https://www.facebook.com/ford,https://www.instagram.com/ford,https://x.com/Ford,https://www.youtube.com/channel/UCKA96UxTdgFBwGZMGZ-135w,,Verified
214,AME,Ametek,Industrials,0.08,https://www.ametek.com,https://en.wikipedia.org/wiki/Ametek,,,https://x.com/ametekinc,,,Verified
215,TRGP,Targa Resources,Energy,0.08,https://www.targaresources.com,https://en.wikipedia.org/wiki/Targa_Resources,,,,,,Verified
216,FLEX,Flex Ltd.,Information Technology,0.08,https://www.flex.com,https://en.wikipedia.org/wiki/Flex_Ltd.,,https://www.instagram.com/flexintl,https://x.com/CareersatFlex,,,Verified
217,AFL,Aflac,Financials,0.08,https://www.aflac.com,https://en.wikipedia.org/wiki/Aflac,https://www.facebook.com/aflac.co.jp,https://www.instagram.com/aflacduck,https://x.com/Aflac,,https://www.linkedin.com/company/aflac,Verified
218,ALAB,Astera Labs,Information Technology,0.08,https://www.asteralabs.com,https://en.wikipedia.org/wiki/Astera_Labs,,,https://x.com/AsteraLabs,,https://www.linkedin.com/company/astera-labs,Verified
219,AJG,Arthur J. Gallagher & Co.,Financials,0.08,https://www.ajg.com,https://en.wikipedia.org/wiki/Arthur_J._Gallagher_%26_Co.,https://www.facebook.com/GallagherGlobal,,https://x.com/gallagherglobal,https://www.youtube.com/channel/UC4_iRs7tY3yrTE46d4FB6Iw,,Verified
220,ROK,Rockwell Automation,Industrials,0.07,https://www.rockwellautomation.com,https://en.wikipedia.org/wiki/Rockwell_Automation,https://www.facebook.com/ROKAutomation,https://www.instagram.com/rokautomation,https://x.com/rokautomation,,,Verified
221,OKE,Oneok,Energy,0.07,https://www.oneok.com,https://en.wikipedia.org/wiki/Oneok,https://www.facebook.com/ONEOKInc,https://www.instagram.com/oneok_inc,https://x.com/oneok,,,Verified
222,CTVA,Corteva,Materials,0.07,https://www.corteva.com,https://en.wikipedia.org/wiki/Corteva,https://www.facebook.com/CortevaUS,https://www.instagram.com/corteva,https://x.com/corteva,https://www.youtube.com/channel/UCbOwcjO4YSGOe8-gucxIkUQ,https://www.linkedin.com/company/corteva,Verified
223,MCHP,Microchip Technology,Information Technology,0.07,https://www.microchip.com,https://en.wikipedia.org/wiki/Microchip_Technology,https://www.facebook.com/microchiptechnology,https://www.instagram.com/microchiptechnologyinc,https://x.com/microchiptech,https://www.youtube.com/channel/UCU_N4jDOub9J8splDAPiMWA,https://www.linkedin.com/company/microchip-technology,Verified
224,NKE,"Nike, Inc.",Consumer Discretionary,0.07,https://www.nike.com,"https://en.wikipedia.org/wiki/Nike,_Inc.",https://www.facebook.com/nike,https://www.instagram.com/nike,https://x.com/Nike,https://www.youtube.com/channel/UCUFgkRb0ZHc4Rpq15VRCICA,https://www.linkedin.com/company/nike,Verified
225,CAH,Cardinal Health,Health Care,0.07,https://www.cardinalhealth.com,https://en.wikipedia.org/wiki/Cardinal_Health,https://www.facebook.com/cardinalhealthwings,,https://x.com/cardinalhealth,,,Verified
226,FAST,Fastenal,Industrials,0.07,https://www.fastenal.com,https://en.wikipedia.org/wiki/Fastenal,https://www.facebook.com/fastenalcompany,https://www.instagram.com/fastenal_company,https://x.com/fastenalcompany,https://www.youtube.com/channel/UC6ZcqbwWkuWDHcWnq26iK-Q,https://www.linkedin.com/company/fastenal,Verified
227,RKLB,Rocket Lab,Industrials,0.07,https://www.rocketlabcorp.com,https://en.wikipedia.org/wiki/Rocket_Lab,https://www.facebook.com/RocketLabUSA,https://www.instagram.com/rocketlabusa,https://x.com/rocketlab,https://www.youtube.com/channel/UCsWq7LZaizhIi-c-Yo_bcpw,https://www.linkedin.com/company/rocket-lab-limited,Verified
228,AZO,AutoZone,Consumer Discretionary,0.07,https://www.autozone.com,https://en.wikipedia.org/wiki/AutoZone,https://www.facebook.com/autozone,,https://x.com/autozone,,,Verified
229,EW,Edwards Lifesciences,Health Care,0.07,https://www.edwardslifesciences.com,https://en.wikipedia.org/wiki/Edwards_Lifesciences,,,https://x.com/EdwardsLifesci,,,Verified
230,EA,Electronic Arts,Communication,0.07,https://www.ea.com,https://en.wikipedia.org/wiki/Electronic_Arts,https://www.facebook.com/EA,https://www.instagram.com/ea,https://x.com/EA,https://www.youtube.com/channel/UCIHBybdoneVVpaQK7xMz1ww,https://www.linkedin.com/company/electronic-arts,Verified
231,PSA,Public Storage,Real Estate,0.07,https://www.publicstorage.com,https://en.wikipedia.org/wiki/Public_Storage,https://www.facebook.com/PublicStorage,https://www.instagram.com/publicstorage,https://x.com/PublicStorage,,,Verified
232,COR,Cencora,Health Care,0.07,https://www.cencora.com,https://en.wikipedia.org/wiki/Cencora,https://www.facebook.com/AmerisourceBergen,,https://x.com/healthcare_abc,,,Verified
233,ETR,Entergy,Utilities,0.07,https://www.entergy.com,https://en.wikipedia.org/wiki/Entergy,https://www.facebook.com/entergy,https://www.instagram.com/entergy,https://x.com/Entergy,https://www.youtube.com/channel/UCmrl4qSngNr4Xg0PVjFxKVA,,Verified
234,ON,Onsemi,Information Technology,0.07,https://www.onsemi.com,https://en.wikipedia.org/wiki/Onsemi,https://www.facebook.com/onsemi,https://www.instagram.com/onsemi_official,https://x.com/onsemi,,,Verified
235,EBAY,EBay,Consumer Discretionary,0.07,https://www.ebay.com,https://en.wikipedia.org/wiki/EBay,https://www.facebook.com/eBay,,https://x.com/AskeBay,,,Verified
236,LNG,Cheniere Energy,Energy,0.07,https://www.cheniere.com,https://en.wikipedia.org/wiki/Cheniere_Energy,https://www.facebook.com/Cheniere,,https://x.com/cheniere,,,Verified
237,DVN,Devon Energy,Energy,0.07,https://www.devonenergy.com,https://en.wikipedia.org/wiki/Devon_Energy,,,https://x.com/DevonEnergy,,,Verified
238,MET,MetLife,Financials,0.07,https://www.metlife.com,https://en.wikipedia.org/wiki/MetLife,https://www.facebook.com/metlife,,https://x.com/MetLife,https://www.youtube.com/channel/UCPW_JIdOxM0yGuFZZ6KqQJw,,Verified
239,FITB,Fifth Third Bank,Financials,0.07,https://www.53.com,https://en.wikipedia.org/wiki/Fifth_Third_Bank,https://www.facebook.com/FifthThirdBank,https://www.instagram.com/fifththirdbank,https://x.com/FifthThird,,https://www.linkedin.com/company/fifth-third-bank,Verified
240,STT,State Street Corporation,Financials,0.07,https://www.statestreet.com,https://en.wikipedia.org/wiki/State_Street_Corporation,,,https://x.com/StateStreet,,,Verified
241,EXC,Exelon,Utilities,0.06,https://www.exeloncorp.com,https://en.wikipedia.org/wiki/Exelon,https://www.facebook.com/Exelon,,https://x.com/exelon,,,Verified
242,WAB,Wabtec,Industrials,0.06,https://www.wabteccorp.com,https://en.wikipedia.org/wiki/Wabtec,,,,,,Verified
243,AU,AngloGold Ashanti,Materials,0.06,https://www.anglogoldashanti.com,https://en.wikipedia.org/wiki/AngloGold_Ashanti,,,,,,Verified
244,FERG,Ferguson Enterprises,Industrials,0.06,https://www.ferguson.com,https://en.wikipedia.org/wiki/Ferguson_Enterprises,https://www.facebook.com/FergusonOfficial,,,https://www.youtube.com/channel/UCol_0IMNqeseYSsIeQHBsSw,,Verified
245,XEL,Xcel Energy,Utilities,0.06,https://www.xcelenergy.com,https://en.wikipedia.org/wiki/Xcel_Energy,https://www.facebook.com/xcelenergy,https://www.instagram.com/xcelenergy,https://x.com/xcelenergymn,https://www.youtube.com/channel/UCXfGeNN0J3XVXAkdFD4LfDw,,Verified
246,CVNA,Carvana,Consumer Discretionary,0.06,https://www.carvana.com,https://en.wikipedia.org/wiki/Carvana,https://www.facebook.com/CARVANA.BuyCarsOnline,https://www.instagram.com/gocarvana,https://x.com/Carvana,,https://www.linkedin.com/company/carvana,Verified
247,IDXX,Idexx Laboratories,Health Care,0.06,https://www.idexx.com,https://en.wikipedia.org/wiki/Idexx_Laboratories,https://www.facebook.com/IDEXX,,,https://www.youtube.com/channel/UCJuQRh7JkUW5AI34eG0y3Pg,,Verified
248,TTWO,Take-Two Interactive,Communication,0.06,https://www.take2games.com,https://en.wikipedia.org/wiki/Take-Two_Interactive,,https://www.instagram.com/taketwocareers,,,,Verified
249,CRDO,Credo Technology Group Holding Ltd,Information Technology,0.06,https://www.credosemi.com,,https://www.facebook.com/seikogroupcorporation,https://www.instagram.com/seikowatchjapan,https://x.com/seikowatches,https://www.youtube.com/channel/UCrHxvBkU622W9hiClRTWcDw,,Verified
250,HUM,Humana,Health Care,0.06,https://www.humana.com,https://en.wikipedia.org/wiki/Humana,https://www.facebook.com/116330668439811,https://www.instagram.com/humana,https://x.com/humana,https://www.youtube.com/channel/UCMcVrkntKyA49BZcIhavFMg,https://www.linkedin.com/company/humana,Verified
251,NU,Nubank,Financials,0.06,https://nubank.com.br,https://en.wikipedia.org/wiki/Nubank,https://www.facebook.com/nubank,https://www.instagram.com/nubank,https://x.com/nubank,https://www.youtube.com/channel/UCgsDX3hTwiPdtGHJjMFfDxg,,Verified
252,AMP,Ameriprise Financial,Financials,0.06,https://www.ameriprise.com,https://en.wikipedia.org/wiki/Ameriprise_Financial,https://www.facebook.com/Ameriprise,,https://x.com/ameriprise,,,Verified
253,CMG,Chipotle Mexican Grill,Consumer Discretionary,0.06,https://www.chipotle.com,https://en.wikipedia.org/wiki/Chipotle_Mexican_Grill,https://www.facebook.com/chipotle,https://www.instagram.com/chipotlemexicangrill,https://x.com/ChipotleTweets,,,Verified
254,YUM,Yum! Brands,Consumer Discretionary,0.06,https://www.yum.com,https://en.wikipedia.org/wiki/Yum!_Brands,https://www.facebook.com/yumbrands,,https://x.com/yumbrands,,https://www.linkedin.com/company/yum-brands,Verified
255,RSG,Republic Services,Industrials,0.06,https://www.republicservices.com,https://en.wikipedia.org/wiki/Republic_Services,https://www.facebook.com/RepublicServices,https://www.instagram.com/republic_services,https://x.com/RepublicService,https://www.youtube.com/channel/UCfpPxmX8j04YOCNtE0njz0w,https://www.linkedin.com/company/republic-services-inc,Verified
256,BDX,BD (company),Health Care,0.06,https://www.bd.com,https://en.wikipedia.org/wiki/BD_(company),,,https://x.com/bdandco,https://www.youtube.com/channel/UCPGmutY43EjP_3ijOugNGnA,,Verified
257,ADSK,Autodesk,Information Technology,0.06,https://www.autodesk.com,https://en.wikipedia.org/wiki/Autodesk,https://www.facebook.com/autodesk,https://www.instagram.com/autodesk,https://x.com/autodesk,,,Verified
258,MSCI,MSCI,Financials,0.06,https://www.msci.com,https://en.wikipedia.org/wiki/MSCI,,,https://x.com/msci_inc,,,Verified
259,IBKR,Interactive Brokers,Financials,0.06,https://www.interactivebrokers.com,https://en.wikipedia.org/wiki/Interactive_Brokers,,,,,,Verified
260,DHI,D. R. Horton,Consumer Discretionary,0.06,https://www.drhorton.com,https://en.wikipedia.org/wiki/D._R._Horton,https://www.facebook.com/DRHorton.Homes,https://www.instagram.com/drhorton,https://x.com/drhorton,,,Verified
261,XYZ,"Block, Inc.",Financials,0.06,https://www.block.xyz,"https://en.wikipedia.org/wiki/Block,_Inc.",https://www.facebook.com/square,https://www.instagram.com/square,https://x.com/Square,,,Verified
262,ODFL,Old Dominion Freight Line,Industrials,0.06,https://www.odfl.com,https://en.wikipedia.org/wiki/Old_Dominion_Freight_Line,https://www.facebook.com/OldDominionFreightLine,https://www.instagram.com/odfl_inc,https://x.com/odfl_inc,,https://www.linkedin.com/company/old-dominion-freight-line,Verified
263,VMC,Vulcan Materials Company,Materials,0.06,https://www.vulcanmaterials.com,https://en.wikipedia.org/wiki/Vulcan_Materials_Company,,,,,,Verified
264,AIG,American International Group,Financials,0.06,https://www.aig.com,https://en.wikipedia.org/wiki/American_International_Group,https://www.facebook.com/AIGInsurance,https://www.instagram.com/aiginsurance,https://x.com/AIGinsurance,https://www.youtube.com/channel/UC_TiuQCQxeke6A4Nu0TpmYw,,Verified
265,PYPL,PayPal,Financials,0.06,https://www.paypal.com,https://en.wikipedia.org/wiki/PayPal,https://www.facebook.com/PayPalUSA,https://www.instagram.com/paypal,https://x.com/PayPal,https://www.youtube.com/channel/UCXe1qKfGweMKTnmRrMw9yOg,,Verified
266,PEG,Public Service Enterprise Group,Utilities,0.06,https://www.pseg.com,https://en.wikipedia.org/wiki/Public_Service_Enterprise_Group,https://www.facebook.com/PSEG,https://www.instagram.com/pseg,https://x.com/psegdelivers,,,Verified
267,KDP,Keurig Dr Pepper,Consumer Staples,0.06,https://www.keurigdrpepper.com,https://en.wikipedia.org/wiki/Keurig_Dr_Pepper,,,https://x.com/greenmtncoffee,,,Verified
268,CCL,Carnival Corporation,Consumer Discretionary,0.05,https://www.carnivalcorp.com,https://en.wikipedia.org/wiki/Carnival_Corporation,,,https://x.com/carnivalplc,,,Verified
269,CBRE,CBRE Group,Real Estate,0.05,https://www.cbre.com,https://en.wikipedia.org/wiki/CBRE_Group,https://www.facebook.com/cbre,https://www.instagram.com/cbre,https://x.com/cbreamericas,,,Verified
270,JBL,Jabil,Information Technology,0.05,https://www.jabil.com,https://en.wikipedia.org/wiki/Jabil,https://www.facebook.com/Jabil,,https://x.com/jabil,,,Verified
271,UAL,United Airlines,Industrials,0.05,https://www.united.com,https://en.wikipedia.org/wiki/United_Airlines,https://www.facebook.com/United,https://www.instagram.com/united,https://x.com/united,https://www.youtube.com/channel/UCmPCDirz9wCBghJLZ-HL3BQ,https://www.linkedin.com/company/united-airlines,Verified
272,ED,Consolidated Edison,Utilities,0.05,https://www.coned.com,https://en.wikipedia.org/wiki/Consolidated_Edison,https://www.facebook.com/ConEdison,https://www.instagram.com/conedison,https://x.com/conedison,,,Verified
273,VTR,Ventas (company),Real Estate,0.05,https://www.ventasreit.com,https://en.wikipedia.org/wiki/Ventas_(company),,,,,,Verified
274,SYY,Sysco,Consumer Staples,0.05,https://www.sysco.com,https://en.wikipedia.org/wiki/Sysco,,,https://x.com/Sysco,,,Verified
275,GRMN,Garmin,Consumer Discretionary,0.05,https://www.garmin.com,https://en.wikipedia.org/wiki/Garmin,https://www.facebook.com/Garmin,https://www.instagram.com/garmin,https://x.com/Garmin,https://www.youtube.com/channel/UC6vopISsINRLQ8seRlI_LtA,,Verified
276,PRU,Prudential Financial,Financials,0.05,https://www.prudential.com,https://en.wikipedia.org/wiki/Prudential_Financial,https://www.facebook.com/Prudential,https://www.instagram.com/prudential,https://x.com/Prudential,,,Verified
277,IRM,Iron Mountain (company),Real Estate,0.05,https://www.ironmountain.com,https://en.wikipedia.org/wiki/Iron_Mountain_(company),https://www.facebook.com/ironmountain,,https://x.com/IronMountain,https://www.youtube.com/channel/UCu5Cs9TET9LydgVymChdWjw,https://www.linkedin.com/company/iron-mountain,Verified
278,NDAQ,"Nasdaq, Inc.",Financials,0.05,https://www.nasdaq.com,"https://en.wikipedia.org/wiki/Nasdaq,_Inc.",,,,,,Verified
279,EME,Emcor,Industrials,0.05,https://www.emcorgroup.com,https://en.wikipedia.org/wiki/Emcor,,,,,,Verified
280,A,Agilent Technologies,Health Care,0.05,https://www.agilent.com,https://en.wikipedia.org/wiki/Agilent_Technologies,https://www.facebook.com/Agilent.Tech,https://www.instagram.com/agilenttechnologies,https://x.com/agilent,https://www.youtube.com/channel/UCv_MeA0Opio0_NrD_BWIKwg,https://www.linkedin.com/company/agilent-technologies,Verified
281,WEC,WEC Energy Group,Utilities,0.05,https://www.wecenergygroup.com,https://en.wikipedia.org/wiki/WEC_Energy_Group,,,https://x.com/wecenergygroup,https://www.youtube.com/channel/UCoHNSOrlhVHD1SGpTYFD-hg,,Verified
282,OXY,Occidental Petroleum,Energy,0.05,https://www.oxy.com,https://en.wikipedia.org/wiki/Occidental_Petroleum,,,https://x.com/weareoxy,,,Verified
283,MLM,Martin Marietta Materials,Materials,0.05,https://www.martinmarietta.com,https://en.wikipedia.org/wiki/Martin_Marietta_Materials,https://www.facebook.com/MartinMariettaMaterials,,,,https://www.linkedin.com/company/martinmarietta,Verified
284,COIN,Coinbase,Financials,0.05,https://www.coinbase.com,https://en.wikipedia.org/wiki/Coinbase,https://www.facebook.com/Coinbase,https://www.instagram.com/coinbase,https://x.com/coinbase,https://www.youtube.com/channel/UCofTOFX4QuhT8OY-3-fFRFw,https://www.linkedin.com/company/coinbase,Verified
285,HIG,The Hartford,Financials,0.05,https://www.thehartford.com,https://en.wikipedia.org/wiki/The_Hartford,https://www.facebook.com/TheHartford,https://www.instagram.com/thehartford,https://x.com/thehartford,,,Verified
286,FANG,Diamondback Energy,Energy,0.05,https://www.diamondbackenergy.com,https://en.wikipedia.org/wiki/Diamondback_Energy,,,,,,Verified
287,PCG,Pacific Gas and Electric Company,Utilities,0.05,https://www.pge.com,https://en.wikipedia.org/wiki/Pacific_Gas_and_Electric_Company,https://www.facebook.com/pacificgasandelectric,https://www.instagram.com/pacificgasandelectric,https://x.com/pge4me,,,Verified
288,ADM,Archer Daniels Midland,Consumer Staples,0.05,https://www.adm.com,https://en.wikipedia.org/wiki/Archer_Daniels_Midland,,,https://x.com/admupdates,,,Verified
289,CCI,Crown Castle,Real Estate,0.05,https://www.crowncastle.com,https://en.wikipedia.org/wiki/Crown_Castle,https://www.facebook.com/Crown-Castle-857671374331148,,https://x.com/CrownCastle,https://www.youtube.com/channel/UCVCnY_MSWwm64RGkR6e_zHw,,Verified
290,ROP,Roper Technologies,Information Technology,0.05,https://www.ropertech.com,https://en.wikipedia.org/wiki/Roper_Technologies,,,,,,Verified
291,ALNY,Alnylam Pharmaceuticals,Health Care,0.05,https://www.alnylam.com,https://en.wikipedia.org/wiki/Alnylam_Pharmaceuticals,,,https://x.com/alnylam,https://www.youtube.com/channel/UCUZReY0GSAJ1w-MULQb9_Rw,,Verified
292,Q,Qnity Electronics,Information Technology,0.05,https://www.qnityelectronics.com,https://en.wikipedia.org/wiki/Qnity_Electronics,,,,,,Verified
293,MSTR,MicroStrategy,Information Technology,0.05,https://www.microstrategy.com,https://en.wikipedia.org/wiki/MicroStrategy,https://www.facebook.com/MicroStrategy,,https://x.com/MicroStrategy,https://www.youtube.com/channel/UCeMr7Ji0skwzjp5D21BOO6Q,https://www.linkedin.com/company/3643,Verified
294,ZTS,Zoetis,Health Care,0.05,https://www.zoetis.com,https://en.wikipedia.org/wiki/Zoetis,https://www.facebook.com/Zoetis,,https://x.com/zoetis,,,Verified
295,WAT,Waters Corporation,Health Care,0.05,https://www.waters.com,https://en.wikipedia.org/wiki/Waters_Corporation,https://www.facebook.com/Waters,,https://x.com/waterscorp,,https://www.linkedin.com/company/waters,Verified
296,KVUE,Kenvue,Consumer Staples,0.05,https://www.kenvue.com,https://en.wikipedia.org/wiki/Kenvue,,,https://x.com/kenvue,,,Verified
297,MTB,M&T Bank,Financials,0.05,https://www.mtb.com,https://en.wikipedia.org/wiki/M%26T_Bank,https://www.facebook.com/MandTBank,,https://x.com/MandT_Bank,https://www.youtube.com/channel/UCP_euyMh-Ase06MuFPGn4XQ,,Verified
298,STLD,Steel Dynamics,Materials,0.05,https://www.steeldynamics.com,https://en.wikipedia.org/wiki/Steel_Dynamics,,,,,,Verified
299,KMB,Kimberly-Clark,Consumer Staples,0.05,https://www.kimberly-clark.com,https://en.wikipedia.org/wiki/Kimberly-Clark,https://www.facebook.com/KimberlyClarkCorp,https://www.instagram.com/kccorp,https://x.com/kccorp,https://www.youtube.com/channel/UCQTji98_5hWkvusJTrCMJSg,https://www.linkedin.com/company/kimberly-clark,Verified
300,HBAN,Huntington Bancshares,Financials,0.05,https://www.huntington.com,https://en.wikipedia.org/wiki/Huntington_Bancshares,https://www.facebook.com/HuntingtonBank,https://www.instagram.com/huntingtonbank,https://x.com/Huntington_Bank,,https://www.linkedin.com/company/huntington-national-bank,Verified
301,KR,Kroger,Consumer Staples,0.05,https://www.kroger.com,https://en.wikipedia.org/wiki/Kroger,https://www.facebook.com/Kroger,https://www.instagram.com/krogerco,https://x.com/kroger,,,Verified
302,ACGL,Arch Capital Group,Financials,0.05,https://www.archcapgroup.com,https://en.wikipedia.org/wiki/Arch_Capital_Group,,,,,,Verified
303,CTRA,Coterra Energy Inc.,Energy,0.042,https://www.coterra.com,https://en.wikipedia.org/wiki/Coterra,,,,,,Auto-enriched
304,AXON,Axon Enterprise,Industrials,0.04,https://www.axon.com,https://en.wikipedia.org/wiki/Axon_Enterprise,https://www.facebook.com/Axon.ProtectLife,,https://x.com/axon_us,,,Verified
305,NTAP,NetApp,Information Technology,0.04,https://www.netapp.com,https://en.wikipedia.org/wiki/NetApp,https://www.facebook.com/NetApp,,https://x.com/NetApp,,,Verified
306,RBLX,Roblox Corporation,Communication,0.04,https://corp.roblox.com,https://en.wikipedia.org/wiki/Roblox_Corporation,,,,,,Verified
307,NTRS,Northern Trust,Financials,0.04,https://www.northerntrust.com,https://en.wikipedia.org/wiki/Northern_Trust,,,https://x.com/northerntrust,,,Verified
308,PAYX,Paychex,Industrials,0.04,https://www.paychex.com,https://en.wikipedia.org/wiki/Paychex,https://www.facebook.com/Paychex,,https://x.com/paychex,,,Verified
309,CASY,Casey's,Consumer Staples,0.04,https://www.caseys.com,https://en.wikipedia.org/wiki/Casey%27s,https://www.facebook.com/caseys,https://www.instagram.com/caseys,https://x.com/CaseysGenStore,https://www.youtube.com/channel/UCsKpFpXVEgwwLSo8OhJajbw,https://www.linkedin.com/company/caseys,Verified
310,IR,Ingersoll Rand,Industrials,0.04,https://www.ingersollrand.com,https://en.wikipedia.org/wiki/Ingersoll_Rand,https://www.facebook.com/ingersollrand,https://www.instagram.com/ingersollrand,,,,Verified
311,DTE,DTE Energy,Utilities,0.04,https://www.dteenergy.com,https://en.wikipedia.org/wiki/DTE_Energy,https://www.facebook.com/dteenergy,https://www.instagram.com/dte_energy_official,https://x.com/dte_energy,,,Verified
312,NTRA,Natera,Health Care,0.04,https://www.natera.com,https://en.wikipedia.org/wiki/Natera,,,,,,Verified
313,EQT,EQT Corporation,Energy,0.04,https://www.eqt.com,https://en.wikipedia.org/wiki/EQT_Corporation,,,,,,Verified
314,EXR,Extra Space Storage,Real Estate,0.04,https://www.extraspace.com,https://en.wikipedia.org/wiki/Extra_Space_Storage,https://www.facebook.com/extraspace,https://www.instagram.com/extraspace,https://x.com/extraspace,,,Verified
315,DOV,Dover Corporation,Industrials,0.04,https://www.dovercorporation.com,https://en.wikipedia.org/wiki/Dover_Corporation,https://www.facebook.com/dovercorp,,https://x.com/dovercorp,https://www.youtube.com/channel/UC4tQo3R8GYBRDPGQ6qD9NAw,,Verified
316,CNC,Centene Corporation,Health Care,0.04,https://www.centene.com,https://en.wikipedia.org/wiki/Centene_Corporation,https://www.facebook.com/CenteneCorporation,,https://x.com/centene,https://www.youtube.com/channel/UC1fien5XXb1voeybJcWr6kQ,,Verified
317,HAL,Halliburton,Energy,0.04,https://www.halliburton.com,https://en.wikipedia.org/wiki/Halliburton,https://www.facebook.com/halliburton,,https://x.com/Halliburton,https://www.youtube.com/channel/UCx4OzQWvmHHd0IxFGuo7UoA,,Verified
318,TPR,"Tapestry, Inc.",Consumer Discretionary,0.04,https://www.tapestry.com,"https://en.wikipedia.org/wiki/Tapestry,_Inc.",https://www.facebook.com/Coach-758720794153912,,https://x.com/Coach,,,Verified
319,CFG,Citizens Financial Group,Financials,0.04,https://www.citizensbank.com,https://en.wikipedia.org/wiki/Citizens_Financial_Group,https://www.facebook.com/citizensbank,https://www.instagram.com/citizensbank,https://x.com/citizensbank,,https://www.linkedin.com/company/citizens-bank,Verified
320,RVMD,Revolution Medicines,Health Care,0.04,https://www.revmed.com,https://en.wikipedia.org/wiki/Revolution_Medicines,,,,,,Verified
321,AEE,Ameren,Utilities,0.04,https://www.ameren.com,https://en.wikipedia.org/wiki/Ameren,https://www.facebook.com/AmerenCorp,,https://x.com/AmerenCorp,,,Verified
322,CW,Curtiss-Wright,Industrials,0.04,https://www.curtisswright.com,https://en.wikipedia.org/wiki/Curtiss-Wright,,,,,,Verified
323,BIIB,Biogen,Health Care,0.04,https://www.biogen.com,https://en.wikipedia.org/wiki/Biogen,https://www.facebook.com/Biogen,,https://x.com/biogen,https://www.youtube.com/channel/UCkfBi9LonvHancXtN7YG8jg,,Verified
324,VICI,Vici Properties,Real Estate,0.04,https://www.viciproperties.com,https://en.wikipedia.org/wiki/Vici_Properties,,,https://x.com/ViciProp,,https://www.linkedin.com/company/vici-properties-inc,Verified
325,TDY,Teledyne Technologies,Information Technology,0.04,https://www.teledyne.com,https://en.wikipedia.org/wiki/Teledyne_Technologies,,,,,,Verified
326,OTIS,Otis Worldwide,Industrials,0.04,https://www.otis.com,https://en.wikipedia.org/wiki/Otis_Worldwide,https://www.facebook.com/OtisElevatorCo,https://www.instagram.com/otiselevatorco,https://x.com/otiselevatorco,https://www.youtube.com/channel/UC2tvX2P8F5nIh4LV-AfguSA,,Verified
327,CRS,Carpenter Technology Corporation,Industrials,0.04,https://www.cartech.com,https://en.wikipedia.org/wiki/Carpenter_Technology_Corporation,,,,,,Verified
328,IQV,IQVIA,Health Care,0.04,https://www.iqvia.com,https://en.wikipedia.org/wiki/IQVIA,https://www.facebook.com/IQVIA,,https://x.com/iqvia_global,,,Verified
329,DXCM,Dexcom,Health Care,0.04,https://www.dexcom.com,https://en.wikipedia.org/wiki/Dexcom,https://www.facebook.com/dexcom,https://www.instagram.com/dexcom,,https://www.youtube.com/channel/UCCY5ydvJD6932sh4XQGifxQ,,Verified
330,NVT,NVent Electric,Industrials,0.04,https://www.nvent.com,https://en.wikipedia.org/wiki/NVent_Electric,,,,,,Verified
331,EXPE,Expedia Group,Consumer Discretionary,0.04,https://www.expediagroup.com,https://en.wikipedia.org/wiki/Expedia_Group,https://www.facebook.com/expedia.group,https://www.instagram.com/expedia,https://x.com/ExpediaGroup,,https://www.linkedin.com/company/expedia,Verified
332,HUBB,Hubbell Incorporated,Industrials,0.04,https://www.hubbell.com,https://en.wikipedia.org/wiki/Hubbell_Incorporated,,,,,,Verified
333,FTAI,Ftai Aviation Ltd,Industrials,0.04,https://www.ftaiaviation.com,,,,,,,Verified
334,CNP,CenterPoint Energy,Utilities,0.04,https://www.centerpointenergy.com,https://en.wikipedia.org/wiki/CenterPoint_Energy,https://www.facebook.com/CenterPointEnergy,,https://x.com/centerpoint,,,Verified
335,GEHC,GE HealthCare,Health Care,0.04,https://www.gehealthcare.com,https://en.wikipedia.org/wiki/GE_HealthCare,,,,,,Verified
336,RJF,Raymond James Financial,Financials,0.04,https://www.raymondjames.com,https://en.wikipedia.org/wiki/Raymond_James_Financial,https://www.facebook.com/RaymondJames,https://www.instagram.com/raymondjames,https://x.com/raymondjames,,,Verified
337,MKSI,MKS Instruments,Information Technology,0.04,https://www.mks.com,https://en.wikipedia.org/wiki/MKS_Instruments,,,,,,Verified
338,RMD,ResMed,Health Care,0.04,https://www.resmed.com,https://en.wikipedia.org/wiki/ResMed,https://www.facebook.com/ResMed,,https://x.com/resmed,https://www.youtube.com/channel/UCwjFC_AikD4--KeVnU7mbJg,,Verified
339,EIX,Edison International,Utilities,0.04,https://www.edison.com,https://en.wikipedia.org/wiki/Edison_International,,,,,,Verified
340,NRG,NRG Energy,Utilities,0.04,https://www.nrg.com,https://en.wikipedia.org/wiki/NRG_Energy,https://www.facebook.com/NRG,https://www.instagram.com/nrgenergy,https://x.com/nrgenergy,,,Verified
341,XYL,Xylem Inc.,Industrials,0.04,https://www.xylem.com,https://en.wikipedia.org/wiki/Xylem_Inc.,https://www.facebook.com/XylemIncorporated,,https://x.com/xyleminc,https://www.youtube.com/channel/UCEmL4tuhm-Akr0dv350Iofg,,Verified
342,ATI,ATI Inc.,Industrials,0.04,https://www.atimaterials.com,https://en.wikipedia.org/wiki/ATI_Inc.,,,,,,Verified
343,PPG,PPG Industries,Materials,0.04,https://www.ppg.com,https://en.wikipedia.org/wiki/PPG_Industries,https://www.facebook.com/ppgindustries,https://www.instagram.com/ppgindustries,https://x.com/ppg,https://www.youtube.com/channel/UCZgwAKb_gxV8rpI3Fbzi9fQ,,Verified
344,ATO,Atmos Energy,Utilities,0.04,https://www.atmosenergy.com,https://en.wikipedia.org/wiki/Atmos_Energy,,,https://x.com/atmosenergy,https://www.youtube.com/channel/UCBfDOqKmjYCuMVBJC_vY4EQ,,Verified
345,LYV,Live Nation Entertainment,Communication,0.04,https://www.livenationentertainment.com,https://en.wikipedia.org/wiki/Live_Nation_Entertainment,,https://www.instagram.com/livenationgsa,https://x.com/LiveNation,https://www.youtube.com/channel/UCHyN_VqlbQF8ZGo09oCRwwQ,,Verified
346,CPRT,Copart,Industrials,0.04,https://www.copart.com,https://en.wikipedia.org/wiki/Copart,https://www.facebook.com/Copart,https://www.instagram.com/copart1982,https://x.com/Copart,,,Verified
347,ENTG,Entegris,Information Technology,0.04,https://www.entegris.com,https://en.wikipedia.org/wiki/Entegris,,,,,,Verified
348,ES,Eversource Energy,Utilities,0.04,https://www.eversource.com,https://en.wikipedia.org/wiki/Eversource_Energy,https://www.facebook.com/EversourceEnergy,https://www.instagram.com/eversourceenergy,https://x.com/eversourcecorp,https://www.youtube.com/channel/UCpq2zozgxhuM4iafvhVImVg,,Verified
349,PPL,PPL Corporation,Utilities,0.04,https://www.pplweb.com,https://en.wikipedia.org/wiki/PPL_Corporation,https://www.facebook.com/PPLElectric,https://www.instagram.com/pplelectric,https://x.com/pplelectric,,,Verified
350,TWLO,Twilio,Information Technology,0.04,https://www.twilio.com,https://en.wikipedia.org/wiki/Twilio,https://www.facebook.com/TeamTwilio,,https://x.com/twilio,,,Verified
351,CBOE,Cboe Global Markets,Financials,0.04,https://www.cboe.com,https://en.wikipedia.org/wiki/Cboe_Global_Markets,,,,,,Verified
352,SYF,Synchrony Financial,Financials,0.04,https://www.synchrony.com,https://en.wikipedia.org/wiki/Synchrony_Financial,https://www.facebook.com/SynchronyFinancial,https://www.instagram.com/synchrony,https://x.com/synchrony,,https://www.linkedin.com/company/synchrony-financial,Verified
353,FTI,TechnipFMC,Energy,0.04,https://www.technipfmc.com,https://en.wikipedia.org/wiki/TechnipFMC,https://www.facebook.com/TechnipFMC,https://www.instagram.com/technipfmc,https://x.com/TechnipFMC,https://www.youtube.com/channel/UCbRQbMxnU_54nlhF1XneL1A,,Verified
354,MDB,MongoDB Inc.,Information Technology,0.04,https://www.mongodb.com,https://en.wikipedia.org/wiki/MongoDB_Inc.,https://www.facebook.com/MongoDB,,https://x.com/MongoDB,https://www.youtube.com/channel/UCP07WTRq6Qx4eREw4IfCigw,https://www.linkedin.com/company/mongodbinc,Verified
355,FSLR,First Solar,Information Technology,0.04,https://www.firstsolar.com,https://en.wikipedia.org/wiki/First_Solar,https://www.facebook.com/FirstSolarInc,,https://x.com/firstsolar,https://www.youtube.com/channel/UCZ0FeFDZf0DL7AFbtjbxDmw,,Verified
356,WSM,"Williams-Sonoma, Inc.",Consumer Discretionary,0.04,https://www.williams-sonomainc.com,"https://en.wikipedia.org/wiki/Williams-Sonoma,_Inc.",https://www.facebook.com/WilliamsSonoma,https://www.instagram.com/williamssonoma,https://x.com/WilliamsSonoma,,,Verified
357,MTSI,MACOM Technology Solutions,Information Technology,0.04,https://www.macom.com,https://en.wikipedia.org/wiki/MACOM_Technology_Solutions,,,,,https://www.linkedin.com/company/m-a-com-technology-solutions,Verified
358,CINF,Cincinnati Financial,Financials,0.04,https://www.cinfin.com,https://en.wikipedia.org/wiki/Cincinnati_Financial,,,,,,Verified
359,FISV,Fiserv,Financials,0.04,https://www.fiserv.com,https://en.wikipedia.org/wiki/Fiserv,,,,,,Verified
360,WWD,"Woodward, Inc.",Industrials,0.04,https://www.woodward.com,"https://en.wikipedia.org/wiki/Woodward,_Inc.",https://www.facebook.com/woodwardinc,,https://x.com/woodward_inc,https://www.youtube.com/channel/UC7Er89PO4KTaqiBnGkVilNg,,Verified
361,FICO,FICO,Information Technology,0.04,https://www.fico.com,https://en.wikipedia.org/wiki/FICO,,,https://x.com/FICO,,,Verified
362,STRL,Sterling Infrastructure,Industrials,0.04,https://www.strlco.com,https://en.wikipedia.org/wiki/Sterling_Infrastructure,,,,,,Verified
363,FE,FirstEnergy,Utilities,0.04,https://www.firstenergycorp.com,https://en.wikipedia.org/wiki/FirstEnergy,https://www.facebook.com/FirstEnergyCareers,,https://x.com/firstenergycorp,https://www.youtube.com/channel/UCBR8-60-B28hp2BmDPdntcQ,https://www.linkedin.com/company/firstenergy-corp,Verified
364,AVB,AvalonBay Communities,Real Estate,0.03,https://www.avaloncommunities.com,https://en.wikipedia.org/wiki/AvalonBay_Communities,https://www.facebook.com/AvalonBayCommunities,https://www.instagram.com/avalonbaycommunities,https://x.com/avalonbay,https://www.youtube.com/channel/UCcB8yiAEzSvbs3wmTud9Xsg,,Verified
365,QSR,Restaurant Brands International,Consumer Discretionary,0.03,https://www.rbi.com,https://en.wikipedia.org/wiki/Restaurant_Brands_International,,,,,,Verified
366,WDAY,"Workday, Inc.",Information Technology,0.03,https://www.workday.com,"https://en.wikipedia.org/wiki/Workday,_Inc.",https://www.facebook.com/118878077237,https://www.instagram.com/workday,https://x.com/Workday,,https://www.linkedin.com/company/workday,Verified
367,DG,Dollar General,Consumer Staples,0.03,https://www.dollargeneral.com,https://en.wikipedia.org/wiki/Dollar_General,https://www.facebook.com/dollargeneral,https://www.instagram.com/dollargeneral,https://x.com/DollarGeneral,https://www.youtube.com/channel/UCleGBG-nRB5n_D23OfbLJgw,https://www.linkedin.com/company/dollar-general,Verified
368,PHM,PulteGroup,Consumer Discretionary,0.03,https://www.pultegroupinc.com,https://en.wikipedia.org/wiki/PulteGroup,https://www.facebook.com/PulteHomes,https://www.instagram.com/pultehomes,https://x.com/pultehomes,https://www.youtube.com/channel/UCrPJwUg14aQWyT1LNolnIlw,,Verified
369,DRI,Darden Restaurants,Consumer Discretionary,0.03,https://www.darden.com,https://en.wikipedia.org/wiki/Darden_Restaurants,,,https://x.com/darden,,,Verified
370,HSY,The Hershey Company,Consumer Staples,0.03,https://www.thehersheycompany.com,https://en.wikipedia.org/wiki/The_Hershey_Company,https://www.facebook.com/HersheyCompany,https://www.instagram.com/hersheycompany,https://x.com/AskHershey,https://www.youtube.com/channel/UC7JmBzSkSkndBJdlREKUfUA,,Verified
371,RF,Regions Financial Corporation,Financials,0.03,https://www.regions.com,https://en.wikipedia.org/wiki/Regions_Financial_Corporation,https://www.facebook.com/RegionsBank,https://www.instagram.com/regionsbank,https://x.com/askregions,,,Verified
372,ILMN,"Illumina, Inc.",Health Care,0.03,https://www.illumina.com,"https://en.wikipedia.org/wiki/Illumina,_Inc.",https://www.facebook.com/illuminainc,https://www.instagram.com/illuminainc,https://x.com/illumina,,,Verified
373,WTW,Willis Towers Watson,Financials,0.03,https://www.wtwco.com,https://en.wikipedia.org/wiki/Willis_Towers_Watson,,,https://x.com/WTWcorporate,,,Verified
374,AWK,American Water Works,Utilities,0.03,https://www.amwater.com,https://en.wikipedia.org/wiki/American_Water_Works,,,https://x.com/amwater,,,Verified
375,EQR,Equity Residential,Real Estate,0.03,https://www.equityapartments.com,https://en.wikipedia.org/wiki/Equity_Residential,https://www.facebook.com/equityapartments,,https://x.com/equityres,,,Verified
376,PFG,Principal Financial Group,Financials,0.03,https://www.principal.com,https://en.wikipedia.org/wiki/Principal_Financial_Group,https://www.facebook.com/PrincipalFinancial,,https://x.com/principal,,,Verified
377,ARES,Ares Management,Financials,0.03,https://www.aresmgmt.com,https://en.wikipedia.org/wiki/Ares_Management,,,,,,Verified
378,VRSK,Verisk Analytics,Industrials,0.03,https://www.verisk.com,https://en.wikipedia.org/wiki/Verisk_Analytics,,,,,,Verified
379,MTZ,MasTec,Industrials,0.03,https://www.mastec.com,https://en.wikipedia.org/wiki/MasTec,,,,,,Verified
380,WST,West Pharmaceutical Services,Health Care,0.03,https://www.westpharma.com,https://en.wikipedia.org/wiki/West_Pharmaceutical_Services,,,,,,Verified
381,P,Pure Storage,Information Technology,0.03,https://www.purestorage.com,https://en.wikipedia.org/wiki/Pure_Storage,,,,,,Verified
382,CPAY,Corpay,Financials,0.03,https://www.corpay.com,https://en.wikipedia.org/wiki/Corpay,,,,,,Verified
383,MTD,Mettler Toledo,Health Care,0.03,https://www.mt.com,https://en.wikipedia.org/wiki/Mettler_Toledo,,,,,,Verified
384,CPNG,Coupang,Consumer Discretionary,0.03,https://www.coupang.com,https://en.wikipedia.org/wiki/Coupang,https://www.facebook.com/Coupang.korea,https://www.instagram.com/coupang,https://x.com/Coupang,https://www.youtube.com/channel/UCTOPrhKvNxvCtNZ2uAy1pQw,,Verified
385,MRNA,Moderna,Health Care,0.03,https://www.modernatx.com,https://en.wikipedia.org/wiki/Moderna,https://www.facebook.com/modernatx,,https://x.com/moderna_tx,https://www.youtube.com/channel/UChCzhLMQnwF1w-_J8q1IpPA,,Verified
386,TROW,T. Rowe Price,Financials,0.03,https://www.troweprice.com,https://en.wikipedia.org/wiki/T._Rowe_Price,,,,,,Verified
387,LPLA,LPL Financial,Financials,0.03,https://www.lpl.com,https://en.wikipedia.org/wiki/LPL_Financial,,,https://x.com/lpl,,,Verified
388,SW,Smurfit Westrock,Materials,0.03,https://www.smurfitwestrock.com,https://en.wikipedia.org/wiki/Smurfit_Westrock,,,https://x.com/smurfitkappa,https://www.youtube.com/channel/UC-VvZzkkbOnQbmvPa9hWpFg,,Verified
389,MKL,Markel Group,Financials,0.03,https://www.markel.com,https://en.wikipedia.org/wiki/Markel_Group,https://www.facebook.com/MarkelCorp,,https://x.com/markelstyle,https://www.youtube.com/channel/UC-_M1cjpyPeTQ7AxswcL2fg,,Verified
390,CHD,Church & Dwight,Consumer Staples,0.03,https://www.churchdwight.com,https://en.wikipedia.org/wiki/Church_%26_Dwight,,,,,,Verified
391,ZM,Zoom Communications,Information Technology,0.03,https://www.zoom.com,https://en.wikipedia.org/wiki/Zoom_Communications,https://www.facebook.com/zoomvideocommunications,https://www.instagram.com/zoom_video_communications,https://x.com/zoom_us,,https://www.linkedin.com/company/zoom-video-communications,Verified
392,UTHR,United Therapeutics,Health Care,0.03,https://www.unither.com,https://en.wikipedia.org/wiki/United_Therapeutics,,,,,,Verified
393,NI,NiSource,Utilities,0.03,https://www.nisource.com,https://en.wikipedia.org/wiki/NiSource,https://www.facebook.com/NiSource,,https://x.com/nisourceinc,,,Verified
394,VEEV,Veeva Systems,Health Care,0.03,https://www.veeva.com,https://en.wikipedia.org/wiki/Veeva_Systems,,,https://x.com/veevasystems,,,Verified
395,RDDT,Reddit,Communication,0.03,https://www.redditinc.com,https://en.wikipedia.org/wiki/Reddit,https://www.facebook.com/reddit,https://www.instagram.com/reddit,https://x.com/reddit,https://www.youtube.com/channel/UCUgrUBKwSnXwQOBG4v3igMg,,Verified
396,LUV,Southwest Airlines,Industrials,0.03,https://www.southwest.com,https://en.wikipedia.org/wiki/Southwest_Airlines,https://www.facebook.com/Southwest,https://www.instagram.com/southwestair,https://x.com/southwestair,https://www.youtube.com/channel/UCAjsIzgAqJBC70wYt45cMYg,https://www.linkedin.com/company/southwest-airlines,Verified
397,XPO,"XPO, Inc.",Industrials,0.03,https://www.xpo.com,"https://en.wikipedia.org/wiki/XPO,_Inc.",https://www.facebook.com/xpologistics,https://www.instagram.com/xpologistics,https://x.com/XPOLogistics,https://www.youtube.com/channel/UCglTX9HLSwfns3SFjxeJBTQ,https://www.linkedin.com/company/xpologistics,Verified
398,CMS,CMS Energy,Utilities,0.03,https://www.cmsenergy.com,https://en.wikipedia.org/wiki/CMS_Energy,,,,,,Verified
399,DOW,Dow Chemical Company,Materials,0.03,https://www.dow.com,https://en.wikipedia.org/wiki/Dow_Chemical_Company,https://www.facebook.com/dow,,https://x.com/DowChemical,https://www.youtube.com/channel/UC4xDu6sUFTESPODrjM8WaLA,https://www.linkedin.com/company/2562,Verified
400,VRSN,Verisign,Information Technology,0.03,https://www.verisign.com,https://en.wikipedia.org/wiki/Verisign,https://www.facebook.com/Verisign,,https://x.com/verisign,,,Verified
401,OMC,Omnicom Group,Communication,0.03,https://www.omnicomgroup.com,https://en.wikipedia.org/wiki/Omnicom_Group,https://www.facebook.com/OmnicomGroupInc,https://www.instagram.com/omnicom,https://x.com/omnicom,,,Verified
402,DGX,Quest Diagnostics,Health Care,0.03,https://www.questdiagnostics.com,https://en.wikipedia.org/wiki/Quest_Diagnostics,https://www.facebook.com/questdiagnostics,https://www.instagram.com/questdx,https://x.com/QuestDX,https://www.youtube.com/channel/UCiylgcbQtZMTdQbRw73yr3w,https://www.linkedin.com/company/quest-diagnostics,Verified
403,CHRW,C.H. Robinson,Industrials,0.03,https://www.chrobinson.com,https://en.wikipedia.org/wiki/C.H._Robinson,,,https://x.com/CHRobinson,,,Verified
404,TTMI,TTM Technologies,Information Technology,0.03,https://www.ttm.com,https://en.wikipedia.org/wiki/TTM_Technologies,,,,,,Verified
405,HPQ,HP Inc.,Information Technology,0.03,https://www.hp.com,https://en.wikipedia.org/wiki/HP_Inc.,https://www.facebook.com/HP,https://www.instagram.com/hp,https://x.com/HP,https://www.youtube.com/channel/UCqcEzOKaA4nc0gISklN0Ryw,https://www.linkedin.com/company/hp,Verified
406,FFIV,"F5, Inc.",Information Technology,0.03,https://www.f5.com,"https://en.wikipedia.org/wiki/F5,_Inc.",https://www.facebook.com/f5incorporated,https://www.instagram.com/f5.global,https://x.com/f5,https://www.youtube.com/channel/UCygAPH6oWFdZ_MPGASS4gwQ,https://www.linkedin.com/company/f5,Verified
407,SNX,TD Synnex,Information Technology,0.03,https://www.tdsynnex.com,https://en.wikipedia.org/wiki/TD_Synnex,,,,,,Verified
408,SOFI,SoFi,Financials,0.03,https://www.sofi.com,https://en.wikipedia.org/wiki/SoFi,https://www.facebook.com/SoFi,https://www.instagram.com/sofi,https://x.com/SoFi,,,Verified
409,LH,Labcorp,Health Care,0.03,https://www.labcorp.com,https://en.wikipedia.org/wiki/Labcorp,https://www.facebook.com/Labcorp,https://www.instagram.com/labcorp,https://x.com/LABCORP,,https://www.linkedin.com/company/labcorp,Verified
410,EXPD,Expeditors International,Industrials,0.03,https://www.expeditors.com,https://en.wikipedia.org/wiki/Expeditors_International,,,,,,Verified
411,BURL,Burlington (department store),Consumer Discretionary,0.03,https://www.burlington.com,https://en.wikipedia.org/wiki/Burlington_(department_store),https://www.facebook.com/BurlingtonStores,https://www.instagram.com/burlingtonstyle,https://x.com/Burlington,,,Verified
412,KEY,KeyBank,Financials,0.03,https://www.key.com,https://en.wikipedia.org/wiki/KeyBank,https://www.facebook.com/keybank,https://www.instagram.com/keybank,https://x.com/keybank,,https://www.linkedin.com/company/keybank,Verified
413,CTSH,Cognizant,Information Technology,0.03,https://www.cognizant.com,https://en.wikipedia.org/wiki/Cognizant,,,,,,Verified
414,JBHT,J. B. Hunt,Industrials,0.03,https://www.jbhunt.com,https://en.wikipedia.org/wiki/J._B._Hunt,,,,,,Verified
415,LSCC,Lattice Semiconductor,Information Technology,0.03,https://www.latticesemi.com,https://en.wikipedia.org/wiki/Lattice_Semiconductor,,,https://x.com/latticesemi,https://www.youtube.com/channel/UCQGp6u4dMHW5iLchBWuOqTQ,,Verified
416,VLTO,Veralto,Industrials,0.03,https://www.veralto.com,https://en.wikipedia.org/wiki/Veralto,,,,https://www.youtube.com/channel/UCPujgPTKACYu2Z2-C8SCNgg,https://www.linkedin.com/company/veralto,Verified
417,DLTR,Dollar Tree,Consumer Staples,0.03,https://www.dollartree.com,https://en.wikipedia.org/wiki/Dollar_Tree,https://www.facebook.com/dollartree,https://www.instagram.com/dollartree,https://x.com/DollarTree,,https://www.linkedin.com/company/dollar-tree-stores,Verified
418,FN,Fabrinet,Information Technology,0.03,https://www.fabrinet.com,,,,,,,Verified
419,AFRM,Affirm Holdings,Financials,0.03,https://www.affirm.com,https://en.wikipedia.org/wiki/Affirm_Holdings,,,,,,Verified
420,EL,Estée Lauder Companies,Consumer Staples,0.03,https://www.elcompanies.com,https://en.wikipedia.org/wiki/Est%C3%A9e_Lauder_Companies,https://www.facebook.com/esteelauder,https://www.instagram.com/esteelauder,https://x.com/esteelauder,https://www.youtube.com/channel/UCxwZnmLwSvrp1RjHNNeAeFQ,,Verified
421,RPRX,Royalty Pharma,Health Care,0.03,https://www.royaltypharma.com,https://en.wikipedia.org/wiki/Royalty_Pharma,,,,,,Verified
422,RS,"Reliance, Inc.",Materials,0.03,https://www.rsac.com,"https://en.wikipedia.org/wiki/Reliance,_Inc.",,,,,,Verified
423,RBA,RB Global,Industrials,0.03,https://www.rbglobal.com,https://en.wikipedia.org/wiki/RB_Global,,,,,,Verified
424,TPL,Texas Pacific Land Corporation,Energy,0.03,https://www.texaspacific.com,https://en.wikipedia.org/wiki/Texas_Pacific_Land_Corporation,,,,,,Verified
425,PKG,Packaging Corporation of America,Materials,0.03,https://www.packagingcorp.com,https://en.wikipedia.org/wiki/Packaging_Corporation_of_America,,,https://x.com/packagingcorp,,,Verified
426,USFD,US Foods,Consumer Staples,0.03,https://www.usfoods.com,https://en.wikipedia.org/wiki/US_Foods,,,https://x.com/USFoods,,,Verified
427,STZ,Constellation Brands,Consumer Staples,0.03,https://www.cbrands.com,https://en.wikipedia.org/wiki/Constellation_Brands,,,https://x.com/cbrands,,,Verified
428,ULTA,Ulta Beauty,Consumer Discretionary,0.03,https://www.ulta.com,https://en.wikipedia.org/wiki/Ulta_Beauty,https://www.facebook.com/UltaBeauty,https://www.instagram.com/ultabeauty,https://x.com/ultabeauty,,,Verified
429,INSM,Insmed Inc,Health Care,0.03,https://www.insmed.com,,,,,,,Verified
430,SNA,Snap-on,Industrials,0.03,https://www.snapon.com,https://en.wikipedia.org/wiki/Snap-on,,,https://x.com/Snapon_Tools,,,Verified
431,DD,DuPont,Materials,0.03,https://www.dupont.com,https://en.wikipedia.org/wiki/DuPont,https://www.facebook.com/dupontco,,https://x.com/DuPont_News,https://www.youtube.com/channel/UCDt6F15t8rXnZLDgJA0Cfwg,https://www.linkedin.com/company/dupont,Verified
432,SBAC,SBA Communications,Real Estate,0.03,https://www.sbasite.com,https://en.wikipedia.org/wiki/SBA_Communications,,,,,,Verified
433,STE,Steris,Health Care,0.03,https://www.steris.com,https://en.wikipedia.org/wiki/Steris,,,https://x.com/steris,,,Verified
434,OKTA,"Okta, Inc.",Information Technology,0.03,https://www.okta.com,"https://en.wikipedia.org/wiki/Okta,_Inc.",,,https://x.com/okta,,,Verified
435,FIS,FIS (company),Financials,0.03,https://www.fisglobal.com,https://en.wikipedia.org/wiki/FIS_(company),,,,,,Verified
436,EXE,Expand Energy,Energy,0.03,https://www.expandenergy.com,https://en.wikipedia.org/wiki/Expand_Energy,,,https://x.com/chesapeake,,,Verified
437,RBC,Rbc Bearings Inc,Industrials,0.03,https://www.rbcbearings.com,,https://www.facebook.com/ABB,https://www.instagram.com/abbgroup,https://x.com/ABBgroupnews,,https://www.linkedin.com/company/abb,Verified
438,TLN,Talen Energy,Utilities,0.03,https://www.talenenergy.com,https://en.wikipedia.org/wiki/Talen_Energy,,,,,,Verified
439,IFF,International Flavors & Fragrances,Materials,0.03,https://www.iff.com,https://en.wikipedia.org/wiki/International_Flavors_%26_Fragrances,https://www.facebook.com/InternationalFlavorsandFragrances,https://www.instagram.com/iffinc,https://x.com/iff,https://www.youtube.com/channel/UC_Vyt7tViA5GP7_-okrbatw,https://www.linkedin.com/company/iff,Verified
440,IONQ,IonQ,Information Technology,0.03,https://www.ionq.com,https://en.wikipedia.org/wiki/IonQ,,,,,,Verified
441,KHC,Kraft Heinz,Consumer Staples,0.03,https://www.kraftheinzcompany.com,https://en.wikipedia.org/wiki/Kraft_Heinz,https://www.facebook.com/kraftheinzcompany,https://www.instagram.com/kraftheinzus,https://x.com/KraftHeinzCo,,,Verified
442,FTV,Fortive,Industrials,0.03,https://www.fortive.com,https://en.wikipedia.org/wiki/Fortive,https://www.facebook.com/fortivecorp,,https://x.com/fortivecorp,https://www.youtube.com/channel/UCmnWkUlabmRqekE9mnjwY9g,,Verified
443,IP,International Paper,Materials,0.03,https://www.internationalpaper.com,https://en.wikipedia.org/wiki/International_Paper,https://www.facebook.com/InternationalPaper,,https://x.com/intlpaperco,https://www.youtube.com/channel/UCQOdCcFM1tSTA8jOheSdf8g,,Verified
444,FWONK,Liberty Media,Communication,0.03,https://www.libertymedia.com,https://en.wikipedia.org/wiki/Liberty_Media,,,,,,Verified
445,LNT,Alliant Energy,Utilities,0.03,https://www.alliantenergy.com,https://en.wikipedia.org/wiki/Alliant_Energy,https://www.facebook.com/AlliantEnergy,https://www.instagram.com/alliant_energy,https://x.com/alliantenergy,https://www.youtube.com/channel/UC7tbflqpZ_4nlAiAYXhBPAg,,Verified
446,ALB,Albemarle Corporation,Materials,0.03,https://www.albemarle.com,https://en.wikipedia.org/wiki/Albemarle_Corporation,https://www.facebook.com/AlbemarleCorp,,https://x.com/AlbemarleCorp,,,Verified
447,EVRG,Evergy,Utilities,0.03,https://www.evergy.com,https://en.wikipedia.org/wiki/Evergy,https://www.facebook.com/EvergyPower,,https://x.com/evergypower,https://www.youtube.com/channel/UCAzdlieirXso2a1k90zLP7Q,,Verified
448,EFX,Equifax,Industrials,0.03,https://www.equifax.com,https://en.wikipedia.org/wiki/Equifax,,,https://x.com/Equifax,,,Verified
449,AMCR,Amcor,Materials,0.03,https://www.amcor.com,https://en.wikipedia.org/wiki/Amcor,https://www.facebook.com/amcorlimited,https://www.instagram.com/amcor_official,https://x.com/amcorpackaging,,,Verified
450,FCNCA,First Citizens BancShares,Financials,0.03,https://www.firstcitizens.com,https://en.wikipedia.org/wiki/First_Citizens_BancShares,,,,,,Verified
451,BWXT,BWX Technologies,Industrials,0.03,https://www.bwxt.com,https://en.wikipedia.org/wiki/BWX_Technologies,,,https://x.com/bwxtech,,,Verified
452,HEIA,Heico,Industrials,0.03,https://www.heico.com,https://en.wikipedia.org/wiki/Heico,,,,,,Verified
453,LEN,Lennar,Consumer Discretionary,0.03,https://www.lennar.com,https://en.wikipedia.org/wiki/Lennar,,,,,,Verified
454,L,Loews Corporation,Financials,0.03,https://www.loews.com,https://en.wikipedia.org/wiki/Loews_Corporation,,,,,,Verified
455,RGLD,Royal Gold,Materials,0.03,https://www.royalgold.com,https://en.wikipedia.org/wiki/Royal_Gold,,,,,,Verified
456,BAM,Brookfield Asset Management,Financials,0.03,https://bam.brookfield.com,https://en.wikipedia.org/wiki/Brookfield_Asset_Management,,,,,,Verified
457,ROKU,"Roku, Inc.",Communication,0.03,https://www.roku.com,"https://en.wikipedia.org/wiki/Roku,_Inc.",https://www.facebook.com/roku,https://www.instagram.com/rokuplayer,https://x.com/rokuplayer,https://www.youtube.com/channel/UCFQO_SIhc5hNuvB88uIYo7Q,,Verified
458,NXT,Nextracker,Industrials,0.03,https://www.nextracker.com,https://en.wikipedia.org/wiki/Nextracker,,,,,,Verified
459,GIS,General Mills,Consumer Staples,0.02,https://www.generalmills.com,https://en.wikipedia.org/wiki/General_Mills,https://www.facebook.com/GeneralMills,https://www.instagram.com/generalmills,https://x.com/generalmills,https://www.youtube.com/channel/UC-416ZQNyLIvTsUijkSplIw,https://www.linkedin.com/company/general-mills,Verified
460,WY,Weyerhaeuser,Real Estate,0.02,https://www.weyerhaeuser.com,https://en.wikipedia.org/wiki/Weyerhaeuser,,,https://x.com/weyerhaeuser,,,Verified
461,ASTS,AST SpaceMobile,Communication,0.02,https://www.ast-science.com,https://en.wikipedia.org/wiki/AST_SpaceMobile,,,https://x.com/AST_SpaceMobile,,,Verified
462,CDE,Coeur Mining,Materials,0.02,https://www.coeur.com,https://en.wikipedia.org/wiki/Coeur_Mining,,,,,,Verified
463,EWBC,East West Bank,Financials,0.02,https://www.eastwestbank.com,https://en.wikipedia.org/wiki/East_West_Bank,https://www.facebook.com/eastwestbank.us,https://www.instagram.com/eastwestbank.us,,,,Verified
464,VTRS,Viatris,Health Care,0.02,https://www.viatris.com,https://en.wikipedia.org/wiki/Viatris,,,https://x.com/ViatrisInc,https://www.youtube.com/channel/UCWVqREHI9o39CMlIzqczAag,https://www.linkedin.com/company/viatris,Verified
465,ESS,Essex Property Trust,Real Estate,0.02,https://www.essexapartmenthomes.com,https://en.wikipedia.org/wiki/Essex_Property_Trust,,,,,,Verified
466,AKAM,Akamai Technologies,Information Technology,0.02,https://www.akamai.com,https://en.wikipedia.org/wiki/Akamai_Technologies,https://www.facebook.com/6918186981,,https://x.com/Akamai,,https://www.linkedin.com/company/akamai-technologies,Verified
467,FDXF,FedEx,Industrials,0.02,https://www.fedex.com,https://en.wikipedia.org/wiki/FedEx,,,,,,Verified
468,NVR,"NVR, Inc.",Consumer Discretionary,0.02,https://www.nvrinc.com,"https://en.wikipedia.org/wiki/NVR,_Inc.",,,,,,Verified
469,HST,Host Hotels & Resorts,Real Estate,0.02,https://www.hosthotels.com,https://en.wikipedia.org/wiki/Host_Hotels_%26_Resorts,,,,,,Verified
470,WCC,WESCO International,Industrials,0.02,https://www.wesco.com,https://en.wikipedia.org/wiki/WESCO_International,,,https://x.com/wescocorp,,,Verified
471,ZBH,Zimmer Biomet,Health Care,0.02,https://www.zimmerbiomet.com,https://en.wikipedia.org/wiki/Zimmer_Biomet,https://www.facebook.com/zimmerbiomet,,https://x.com/zimmerbiomet,,,Verified
472,INVH,Invitation Homes,Real Estate,0.02,https://www.invitationhomes.com,https://en.wikipedia.org/wiki/Invitation_Homes,,,https://x.com/InvitationHomes,,,Verified
473,BRO,Brown & Brown,Financials,0.02,https://www.bbinsurance.com,https://en.wikipedia.org/wiki/Brown_%26_Brown,,,,,,Verified
474,VIK,Viking Holdings,Consumer Discretionary,0.02,https://www.vikingcruises.com,https://en.wikipedia.org/wiki/Viking_Holdings,,,,,,Verified
475,IEX,IDEX Corporation,Industrials,0.02,https://www.idexcorp.com,https://en.wikipedia.org/wiki/IDEX_Corporation,,,,,,Verified
476,LII,Lennox International,Industrials,0.02,https://www.lennox.com,https://en.wikipedia.org/wiki/Lennox_International,,,,,,Verified
477,ONTO,Onto Innovation,Information Technology,0.02,https://www.ontoinnovation.com,https://en.wikipedia.org/wiki/Onto_Innovation,,,,,,Verified
478,ITT,ITT Inc.,Industrials,0.02,https://www.itt.com,https://en.wikipedia.org/wiki/ITT_Inc.,,,,,,Verified
479,CDW,CDW,Information Technology,0.02,https://www.cdw.com,https://en.wikipedia.org/wiki/CDW,https://www.facebook.com/CDWCorporation,,https://x.com/CDWCares,,,Verified
480,SITM,SiTime,Information Technology,0.02,https://www.sitime.com,https://en.wikipedia.org/wiki/SiTime,,,,,https://www.linkedin.com/company/sitime,Verified
481,KIM,Kimco Realty,Real Estate,0.02,https://www.kimcorealty.com,https://en.wikipedia.org/wiki/Kimco_Realty,https://www.facebook.com/KimcoRealty,,https://x.com/kimcorealty,,,Verified
482,SCCO,Southern Copper Corporation,Materials,0.02,https://www.southerncoppercorp.com,https://en.wikipedia.org/wiki/Southern_Copper_Corporation,,,,,,Verified
483,GPN,Global Payments,Financials,0.02,https://www.globalpaymentsinc.com,https://en.wikipedia.org/wiki/Global_Payments,,,https://x.com/GlobalPayInc,,,Verified
484,GNRC,Generac,Industrials,0.02,https://www.generac.com,https://en.wikipedia.org/wiki/Generac,https://www.facebook.com/generacpowersystems,,,,,Verified
485,PFGC,Performance Food Group,Consumer Staples,0.02,https://www.pfgc.com,https://en.wikipedia.org/wiki/Performance_Food_Group,https://www.facebook.com/PerformanceFoodGroup,https://www.instagram.com/performancefoodservice,,https://www.youtube.com/channel/UCa-I11d_0SEs2SEIGSm80rA,,Verified
486,BR,Broadridge Financial Solutions,Industrials,0.02,https://www.broadridge.com,https://en.wikipedia.org/wiki/Broadridge_Financial_Solutions,https://www.facebook.com/BroadridgeCareers,,https://x.com/broadridge,https://www.youtube.com/channel/UCtvrrt99KXBkMsFd7xgpoig,,Verified
487,FLUT,Flutter Entertainment,Consumer Discretionary,0.02,https://www.flutter.com,https://en.wikipedia.org/wiki/Flutter_Entertainment,,,https://x.com/flutterplc,,https://www.linkedin.com/company/flutter-entertainment-plc,Verified
488,GH,Guardant Health,Health Care,0.02,https://www.guardanthealth.com,https://en.wikipedia.org/wiki/Guardant_Health,,,,,,Verified
489,RL,Ralph Lauren Corporation,Consumer Discretionary,0.02,https://www.ralphlauren.com,https://en.wikipedia.org/wiki/Ralph_Lauren_Corporation,https://www.facebook.com/RalphLauren,https://www.instagram.com/ralphlauren,https://x.com/RalphLauren,,https://www.linkedin.com/company/ralph-lauren,Verified
490,TXT,Textron,Industrials,0.02,https://www.textron.com,https://en.wikipedia.org/wiki/Textron,,,,,,Verified
491,TSCO,Tractor Supply Company,Consumer Discretionary,0.02,https://www.tractorsupply.com,https://en.wikipedia.org/wiki/Tractor_Supply_Company,https://www.facebook.com/TractorSupplyCo,https://www.instagram.com/tractorsupply,https://x.com/TractorSupply,,,Verified
492,NDSN,Nordson Corporation,Industrials,0.02,https://www.nordson.com,https://en.wikipedia.org/wiki/Nordson_Corporation,,,,,,Verified
493,NLY,Annaly Capital Management,Financials,0.02,https://www.annaly.com,https://en.wikipedia.org/wiki/Annaly_Capital_Management,,,,,,Verified
494,MOD,Modine Manufacturing,Industrials,0.02,https://www.modine.com,https://en.wikipedia.org/wiki/Modine_Manufacturing,,,,,,Verified
495,DECK,Deckers Brands,Consumer Discretionary,0.02,https://www.deckers.com,https://en.wikipedia.org/wiki/Deckers_Brands,,,,,,Verified
496,CF,CF Industries,Materials,0.02,https://www.cfindustries.com,https://en.wikipedia.org/wiki/CF_Industries,,,,,,Verified
497,MAS,Masco,Industrials,0.02,https://www.masco.com,https://en.wikipedia.org/wiki/Masco,,,,https://www.youtube.com/channel/UCUT74RmhYpcB0SI66-f8VBw,,Verified
498,SMCI,Supermicro,Information Technology,0.02,https://www.supermicro.com,https://en.wikipedia.org/wiki/Supermicro,,,https://x.com/supermicro_smci,https://www.youtube.com/channel/UCrE6-2q7uNnfkNiMhF4Ok2w,,Verified
499,BALL,Ball Corporation,Materials,0.02,https://www.ball.com,https://en.wikipedia.org/wiki/Ball_Corporation,https://www.facebook.com/BallCorpHQ,https://www.instagram.com/ballcorporation,https://x.com/ballcorphq,,https://www.linkedin.com/company/ball,Verified
500,INCY,Incyte,Health Care,0.02,https://www.incyte.com,https://en.wikipedia.org/wiki/Incyte,,,https://x.com/incyte,https://www.youtube.com/channel/UCQu_9fYXOTWn4q3h-c0sKCg,,Verified
501,APG,API Group,Industrials,0.02,https://www.apigroupcorp.com,https://en.wikipedia.org/wiki/API_Group,,,,,,Verified
502,LYB,LyondellBasell,Materials,0.02,https://www.lyondellbasell.com,https://en.wikipedia.org/wiki/LyondellBasell,https://www.facebook.com/LyondellBasell,,https://x.com/lyondellbasell,,,Verified
503,TSN,Tyson Foods,Consumer Staples,0.02,https://www.tysonfoods.com,https://en.wikipedia.org/wiki/Tyson_Foods,https://www.facebook.com/TysonFoods,https://www.instagram.com/tysonfoods,https://x.com/TysonBrand,https://www.youtube.com/channel/UCKCjhEmGPpTuYzP9hqbubng,https://www.linkedin.com/company/tyson-foods,Verified
504,NBIX,Neurocrine Biosciences,Health Care,0.02,https://www.neurocrine.com,https://en.wikipedia.org/wiki/Neurocrine_Biosciences,,,,,,Verified
505,UNM,Unum,Financials,0.02,https://www.unum.com,https://en.wikipedia.org/wiki/Unum,https://www.facebook.com/unumbenefits,,https://x.com/unumnews,,,Verified
506,WPC,W. P. Carey,Real Estate,0.02,https://www.wpcarey.com,https://en.wikipedia.org/wiki/W._P._Carey,,,,,,Verified
507,AA,Alcoa,Materials,0.02,https://www.alcoa.com,https://en.wikipedia.org/wiki/Alcoa,https://www.facebook.com/alcoa,,https://x.com/Alcoa,https://www.youtube.com/channel/UCiWfTm0EoruOGN6OTQcJnTQ,,Verified
508,CSL,Carlisle Companies,Industrials,0.02,https://www.carlisle.com,https://en.wikipedia.org/wiki/Carlisle_Companies,,https://www.instagram.com/carlislecompaniesinc,,,,Verified
509,RMBS,Rambus,Information Technology,0.02,https://www.rambus.com,https://en.wikipedia.org/wiki/Rambus,,,,,,Verified
510,BWA,BorgWarner,Consumer Discretionary,0.02,https://www.borgwarner.com,https://en.wikipedia.org/wiki/BorgWarner,https://www.facebook.com/BorgWarnerInc,,https://x.com/borgwarner,,,Verified
511,MAA,Mid-America Apartment Communities,Real Estate,0.02,https://www.maac.com,https://en.wikipedia.org/wiki/Mid-America_Apartment_Communities,https://www.facebook.com/MAACommunities,https://www.instagram.com/maacommunities,,,https://www.linkedin.com/company/mid-america-apartment-communities,Verified
512,LECO,Lincoln Electric,Industrials,0.02,https://www.lincolnelectric.com,https://en.wikipedia.org/wiki/Lincoln_Electric,,,,,,Verified
513,DKS,Dick's Sporting Goods,Consumer Discretionary,0.02,https://www.dickssportinggoods.com,https://en.wikipedia.org/wiki/Dick%27s_Sporting_Goods,https://www.facebook.com/dickssportinggoods,https://www.instagram.com/dickssportinggoods,https://x.com/DICKS,https://www.youtube.com/channel/UCyHC4Fa_GiPd56FXy3Imdww,,Verified
514,SGI,Somnigroup International,Consumer Discretionary,0.02,https://www.tempursealy.com,https://en.wikipedia.org/wiki/Somnigroup_International,,,,,,Verified
515,WRB,W. R. Berkley Corporation,Financials,0.02,https://www.wrberkley.com,https://en.wikipedia.org/wiki/W._R._Berkley_Corporation,,,,,,Verified
516,LVS,Las Vegas Sands,Consumer Discretionary,0.02,https://www.lasvegassands.com,https://en.wikipedia.org/wiki/Las_Vegas_Sands,,https://www.instagram.com/las_vegas_sands,https://x.com/LasVegasSands,,https://www.linkedin.com/company/1807052,Verified
517,OVV,Ovintiv,Energy,0.02,https://www.ovintiv.com,https://en.wikipedia.org/wiki/Ovintiv,,,,,,Verified
518,SMTC,Semtech,Information Technology,0.02,https://www.semtech.com,https://en.wikipedia.org/wiki/Semtech,,,https://x.com/SemtechCorp,,,Verified
519,GPC,Genuine Parts Company,Consumer Discretionary,0.02,https://www.genpt.com,https://en.wikipedia.org/wiki/Genuine_Parts_Company,https://www.facebook.com/genuinepartscompany,https://www.instagram.com/genuine.parts.company,https://x.com/napaknowhow,https://www.youtube.com/channel/UCDpofNNntMJI1rltR_80o7Q,,Verified
520,THC,Tenet Healthcare,Health Care,0.02,https://www.tenethealth.com,https://en.wikipedia.org/wiki/Tenet_Healthcare,,,,,,Verified
521,SATS,EchoStar,Communication,0.02,https://www.echostar.com,https://en.wikipedia.org/wiki/EchoStar,,,,,,Verified
522,TOL,Toll Brothers,Consumer Discretionary,0.02,https://www.tollbrothers.com,https://en.wikipedia.org/wiki/Toll_Brothers,https://www.facebook.com/tollbrothers,https://www.instagram.com/tollbrothers,https://x.com/tollbrothersinc,,,Verified
523,MLI,Mueller Industries,Industrials,0.02,https://www.muellerindustries.com,https://en.wikipedia.org/wiki/Mueller_Industries,,,,,,Verified
524,BG,Bunge Global,Consumer Staples,0.02,https://www.bunge.com,https://en.wikipedia.org/wiki/Bunge_Global,https://www.facebook.com/Bunge,https://www.instagram.com/proudtobebunge,,,,Verified
525,RRX,Regal Rexnord,Industrials,0.02,https://www.regalrexnord.com,https://en.wikipedia.org/wiki/Regal_Rexnord,,,,,,Verified
526,J,Jacobs Solutions,Industrials,0.02,https://www.jacobs.com,https://en.wikipedia.org/wiki/Jacobs_Solutions,https://www.facebook.com/JacobsConnects,https://www.instagram.com/jacobsconnects,https://x.com/jacobsconnects,https://www.youtube.com/channel/UCN_0FrQl44wgPR8TOyI-ZhQ,https://www.linkedin.com/company/jacobs,Verified
527,CLH,Clean Harbors,Industrials,0.02,https://www.cleanharbors.com,https://en.wikipedia.org/wiki/Clean_Harbors,https://www.facebook.com/CleanHarborsEnvironmental,,https://x.com/cleanharbors,,,Verified
528,SUI,Sun Communities,Real Estate,0.02,https://www.suncommunities.com,https://en.wikipedia.org/wiki/Sun_Communities,https://www.facebook.com/SunCommunitiesInc,,,,,Verified
529,BBY,Best Buy,Consumer Discretionary,0.02,https://www.bestbuy.com,https://en.wikipedia.org/wiki/Best_Buy,https://www.facebook.com/bestbuy,https://www.instagram.com/bestbuy,https://x.com/BestBuy,,,Verified
530,PNFP,Pinnacle Financial Partners,Financials,0.02,https://www.pnfp.com,https://en.wikipedia.org/wiki/Pinnacle_Financial_Partners,,,,,,Verified
531,MDLN,Medline Inc.,Health Care,0.02,https://www.medline.com,https://en.wikipedia.org/wiki/Medline_Inc.,,,,,,Verified
532,HEI,Heico,Industrials,0.02,https://www.heico.com,https://en.wikipedia.org/wiki/Heico,,,,,,Verified
533,DTM,DT Midstream,Energy,0.02,https://www.dtmidstream.com,https://en.wikipedia.org/wiki/DT_Midstream,https://www.facebook.com/ONEOKInc,https://www.instagram.com/oneok_inc,https://x.com/oneok,,,Verified
534,JLL,JLL (company),Real Estate,0.02,https://us.jll.com,https://en.wikipedia.org/wiki/JLL_(company),,,https://x.com/JLL,,,Verified
535,GL,Globe Life,Financials,0.02,https://www.globelifeinsurance.com,https://en.wikipedia.org/wiki/Globe_Life,,,,,,Verified
536,EG,Everest Group,Financials,0.02,https://www.everestre.com,https://en.wikipedia.org/wiki/Everest_Group,,,https://x.com/Everest_Re,,,Verified
537,AEIS,Advanced Energy,Information Technology,0.02,https://www.advanced-energy.com,https://en.wikipedia.org/wiki/Advanced_Energy,,,,,,Verified
538,RPM,RPM International,Materials,0.02,https://www.rpminc.com,https://en.wikipedia.org/wiki/RPM_International,,,,,,Verified
539,EXEL,Exelixis,Health Care,0.02,https://www.exelixis.com,https://en.wikipedia.org/wiki/Exelixis,,,https://x.com/exelixisinc,,,Verified
540,SSNC,SS&C Technologies,Industrials,0.02,https://www.ssctech.com,https://en.wikipedia.org/wiki/SS%26C_Technologies,,,https://x.com/ssctechnologies,https://www.youtube.com/channel/UCMB61ITN_T6QbASPTUsQsrw,,Verified
541,ARMK,Aramark,Consumer Discretionary,0.02,https://www.aramark.com,https://en.wikipedia.org/wiki/Aramark,https://www.facebook.com/108418935969656,https://www.instagram.com/aramark,https://x.com/Aramark,,,Verified
542,EVR,Evercore,Financials,0.02,https://www.evercore.com,https://en.wikipedia.org/wiki/Evercore,,,,,,Verified
543,REG,Regency Centers,Real Estate,0.02,https://www.regencycenters.com,https://en.wikipedia.org/wiki/Regency_Centers,https://www.facebook.com/RegencyCenters,,https://x.com/regencycenters,,,Verified
544,WSO,Watsco,Industrials,0.02,https://www.watsco.com,https://en.wikipedia.org/wiki/Watsco,,,,,,Verified
545,RGA,Reinsurance Group of America,Financials,0.02,https://www.rgare.com,https://en.wikipedia.org/wiki/Reinsurance_Group_of_America,,,https://x.com/rga_re,,,Verified
546,APTV,Aptiv,Consumer Discretionary,0.02,https://www.aptiv.com,https://en.wikipedia.org/wiki/Aptiv,https://www.facebook.com/aptiv,https://www.instagram.com/aptiv,https://x.com/aptiv,https://www.youtube.com/channel/UCWVCDnFeqEjslQYjXf_Xr8w,,Verified
547,RNR,RenaissanceRe,Financials,0.02,https://www.renre.com,https://en.wikipedia.org/wiki/RenaissanceRe,,,https://x.com/renreinsurance,,,Verified
548,DOC,Healthpeak Properties,Real Estate,0.02,https://www.healthpeak.com,https://en.wikipedia.org/wiki/Healthpeak_Properties,,,,,,Verified
549,RKT,Rocket Companies,Financials,0.02,https://www.rocketcompanies.com,https://en.wikipedia.org/wiki/Rocket_Companies,https://www.facebook.com/Rocket,https://www.instagram.com/rocketofficial,https://x.com/RocketOTD,,https://www.linkedin.com/company/rocket,Verified
550,TEAM,Atlassian,Information Technology,0.02,https://www.atlassian.com,https://en.wikipedia.org/wiki/Atlassian,,,,,,Verified
551,LDOS,Leidos,Industrials,0.02,https://www.leidos.com,https://en.wikipedia.org/wiki/Leidos,https://www.facebook.com/LeidosInc,https://www.instagram.com/leidosinc,https://x.com/leidosinc,,https://www.linkedin.com/company/leidos,Verified
552,TKO,TKO Group Holdings,Communication,0.02,https://www.tkogrp.com,https://en.wikipedia.org/wiki/TKO_Group_Holdings,,https://www.instagram.com/tkogrp,https://x.com/TKOGrp,,https://www.linkedin.com/company/96878012,Verified
553,SOLS,Solstice Advanced Materials,Materials,0.02,https://www.solstice.com,https://en.wikipedia.org/wiki/Solstice_Advanced_Materials,,,,,,Verified
554,PTC,PTC Inc.,Information Technology,0.02,https://www.ptc.com,https://en.wikipedia.org/wiki/PTC_Inc.,https://www.facebook.com/PTC.Inc,https://www.instagram.com/ptc_inc,https://x.com/PTC,https://www.youtube.com/channel/UCcECp_XO890MXSVfIR19vRg,https://www.linkedin.com/company/ptc,Verified
555,ROL,"Rollins, Inc.",Industrials,0.02,https://www.rollins.com,"https://en.wikipedia.org/wiki/Rollins,_Inc.",,,,,,Verified
556,AIZ,Assurant,Financials,0.02,https://www.assurant.com,https://en.wikipedia.org/wiki/Assurant,https://www.facebook.com/AssurantMatters,,https://x.com/assurant,,,Verified
557,COO,The Cooper Companies,Health Care,0.02,https://www.coopercos.com,https://en.wikipedia.org/wiki/The_Cooper_Companies,,,,,,Verified
558,DY,Dycom Industries,Industrials,0.02,https://www.dycomind.com,https://en.wikipedia.org/wiki/Dycom_Industries,,,,,,Verified
559,ROIV,Roivant Sciences,Health Care,0.02,https://www.roivant.com,https://en.wikipedia.org/wiki/Roivant_Sciences,https://www.facebook.com/Roivant,,https://x.com/Roivant,,,Verified
560,GEN,Gen Digital,Information Technology,0.02,https://www.gendigital.com,https://en.wikipedia.org/wiki/Gen_Digital,https://www.facebook.com/Gen-Digital-100095212367251,https://www.instagram.com/gendigital,https://x.com/GenDigitalInc,https://www.youtube.com/channel/UCqAXoA68ASQOKihHMstrO9A,https://www.linkedin.com/company/gendigitalinc,Verified
561,SWK,Stanley Black & Decker,Industrials,0.02,https://www.stanleyblackanddecker.com,https://en.wikipedia.org/wiki/Stanley_Black_%26_Decker,https://www.facebook.com/stanleyblackanddecker,https://www.instagram.com/stanleyblackdecker,https://x.com/stanleyblkdeckr,,,Verified
562,EQH,Equitable Holdings,Financials,0.02,https://www.equitable.com,https://en.wikipedia.org/wiki/Equitable_Holdings,,,https://x.com/equitablefin,,,Verified
563,JAZZ,Jazz Pharmaceuticals,Health Care,0.02,https://www.jazzpharma.com,https://en.wikipedia.org/wiki/Jazz_Pharmaceuticals,,,,,,Verified
564,PR,Permian Resources,Energy,0.02,https://www.permianres.com,https://en.wikipedia.org/wiki/Permian_Resources,,,,,,Verified
565,DOCN,DigitalOcean,Information Technology,0.02,https://www.digitalocean.com,https://en.wikipedia.org/wiki/DigitalOcean,https://www.facebook.com/DigitalOceanCloudHosting,https://www.instagram.com/thedigitalocean,https://x.com/digitalocean,https://www.youtube.com/channel/UCaPX53JLxxSbwZz_Ra_cL0g,https://www.linkedin.com/company/digitalocean,Verified
566,LAMR,Lamar Advertising Company,Real Estate,0.02,https://www.lamar.com,https://en.wikipedia.org/wiki/Lamar_Advertising_Company,https://www.facebook.com/lamaradvertising,https://www.instagram.com/lamaradvertisingcompany,https://x.com/lamarooh,,,Verified
567,RIVN,Rivian,Consumer Discretionary,0.02,https://www.rivian.com,https://en.wikipedia.org/wiki/Rivian,https://www.facebook.com/rivianofficial,https://www.instagram.com/rivianofficial,https://x.com/rivian,https://www.youtube.com/channel/UCPMdVVKDEUrbp3nH46sTZmg,https://www.linkedin.com/company/rivian,Verified
568,OHI,Omega Healthcare Investors,Real Estate,0.02,https://www.omegahealthcare.com,https://en.wikipedia.org/wiki/Omega_Healthcare_Investors,,,,,,Verified
569,CSGP,CoStar Group,Real Estate,0.02,https://www.costargroup.com,https://en.wikipedia.org/wiki/CoStar_Group,https://www.facebook.com/CoStarGroup,https://www.instagram.com/costarcareers,https://x.com/CoStarGroup,https://www.youtube.com/channel/UCiR5npw9N4wBKCYaA5UWzIw,https://www.linkedin.com/company/costar-group,Verified
570,SANM,Sanmina Corporation,Information Technology,0.02,https://www.sanmina.com,https://en.wikipedia.org/wiki/Sanmina_Corporation,https://www.facebook.com/SanminaCorp,,https://x.com/sanminacorp,https://www.youtube.com/channel/UCXol3BtJkd6vc73xQ-NKy8Q,,Verified
571,DKNG,DraftKings,Consumer Discretionary,0.02,https://www.draftkings.com,https://en.wikipedia.org/wiki/DraftKings,https://www.facebook.com/draftkings,,https://x.com/DK_Assist,https://www.youtube.com/channel/UCMJAKnrVv1sRzlq_vqige3Q,,Verified
572,GGG,Graco Inc.,Industrials,0.02,https://www.graco.com,https://en.wikipedia.org/wiki/Graco_Inc.,,,,,,Verified
573,AIT,Applied Industrial Technologies,Industrials,0.02,https://www.applied.com,https://en.wikipedia.org/wiki/Applied_Industrial_Technologies,,,,,,Verified
574,TRU,TransUnion,Industrials,0.02,https://www.transunion.com,https://en.wikipedia.org/wiki/TransUnion,https://www.facebook.com/TransUnion,,https://x.com/TransUnion,,https://www.linkedin.com/company/transunion,Verified
575,ARW,Arrow Electronics,Information Technology,0.02,https://www.arrow.com,https://en.wikipedia.org/wiki/Arrow_Electronics,,,,,,Verified
576,ALGN,Align Technology,Health Care,0.02,https://www.aligntech.com,https://en.wikipedia.org/wiki/Align_Technology,,https://www.instagram.com/aligntechinc,https://x.com/aligntechinc,,https://www.linkedin.com/company/align-technology,Verified
577,FHN,First Horizon Bank,Financials,0.02,https://www.firsthorizon.com,https://en.wikipedia.org/wiki/First_Horizon_Bank,https://www.facebook.com/FirstHorizonBank,,https://x.com/firsthorizonbnk,https://www.youtube.com/channel/UCEVs5OMj-b0H9Dr5Q209_-Q,,Verified
578,PNW,Pinnacle West Capital,Utilities,0.02,https://www.pinnaclewest.com,https://en.wikipedia.org/wiki/Pinnacle_West_Capital,,,,,,Verified
579,WBS,Webster Bank,Financials,0.02,https://www.websterbank.com,https://en.wikipedia.org/wiki/Webster_Bank,https://www.facebook.com/websterbank,https://www.instagram.com/websterbank,https://x.com/WebsterBank,https://www.youtube.com/channel/UC6lkeAUn2ZqFwn-IQ4UvZDA,,Verified
580,UDR,"UDR, Inc.",Real Estate,0.02,https://www.udr.com,"https://en.wikipedia.org/wiki/UDR,_Inc.",https://www.facebook.com/UDRApartments,,,,https://www.linkedin.com/company/udr,Verified
581,FNF,Fidelity National Financial,Financials,0.02,https://www.fnf.com,https://en.wikipedia.org/wiki/Fidelity_National_Financial,,,,,,Verified
582,PNR,Pentair,Industrials,0.02,https://www.pentair.com,https://en.wikipedia.org/wiki/Pentair,https://www.facebook.com/pentair,https://www.instagram.com/pentair,https://x.com/pentair,,,Verified
583,ALLY,Ally Financial,Financials,0.02,https://www.ally.com,https://en.wikipedia.org/wiki/Ally_Financial,https://www.facebook.com/ally,,https://x.com/Ally,,https://www.linkedin.com/company/ally,Verified
584,DT,Dynatrace,Information Technology,0.02,https://www.dynatrace.com,https://en.wikipedia.org/wiki/Dynatrace,https://www.facebook.com/Dynatrace,https://www.instagram.com/dynatrace,https://x.com/Dynatrace,,,Verified
585,PEN,Penumbra (medical company),Health Care,0.02,https://www.penumbrainc.com,https://en.wikipedia.org/wiki/Penumbra_(medical_company),,,,,,Verified
586,AVY,Avery Dennison,Materials,0.02,https://www.averydennison.com,https://en.wikipedia.org/wiki/Avery_Dennison,https://www.facebook.com/AveryDennisonCorporation,https://www.instagram.com/averydennison,https://x.com/AveryDennison,https://www.youtube.com/channel/UCq6YOKEm3iw-kUev-ndCgaw,,Verified
587,TYL,Tyler Technologies,Information Technology,0.02,https://www.tylertech.com,https://en.wikipedia.org/wiki/Tyler_Technologies,https://www.facebook.com/tylertech,https://www.instagram.com/tylertechnologies,https://x.com/tylertech,https://www.youtube.com/channel/UC51gVpDFA2KM8lFk8cka9WQ,https://www.linkedin.com/company/tyler-technologies,Verified
588,ZS,Zscaler,Information Technology,0.02,https://www.zscaler.com,https://en.wikipedia.org/wiki/Zscaler,https://www.facebook.com/Zscaler,,https://x.com/zscaler,,https://www.linkedin.com/company/zscaler,Verified
589,BLD,TopBuild,Consumer Discretionary,0.02,https://www.topbuild.com,https://en.wikipedia.org/wiki/TopBuild,,,,,,Verified
590,TXRH,Texas Roadhouse,Consumer Discretionary,0.02,https://www.texasroadhouse.com,https://en.wikipedia.org/wiki/Texas_Roadhouse,https://www.facebook.com/texasroadhouse,https://www.instagram.com/texasroadhouseme,https://x.com/texasroadhouse,https://www.youtube.com/channel/UCzGGKk_v-x3tXi5GiW5JGyw,,Verified
591,HUT,Hut 8,Information Technology,0.02,https://www.hut8.io,https://en.wikipedia.org/wiki/Hut_8,,,,,,Verified
592,ELS,Equity Lifestyle Properties,Real Estate,0.02,https://www.equitylifestyleproperties.com,https://en.wikipedia.org/wiki/Equity_Lifestyle_Properties,,,,,,Verified
593,GLPI,Gaming and Leisure Properties,Real Estate,0.02,https://www.glpropinc.com,https://en.wikipedia.org/wiki/Gaming_and_Leisure_Properties,,,,,,Verified
594,NYT,The New York Times Company,Communication,0.02,https://www.nytco.com,https://en.wikipedia.org/wiki/The_New_York_Times_Company,https://www.facebook.com/nytimes,https://www.instagram.com/nytimes,https://x.com/nytimes,https://www.youtube.com/channel/UCqnbDFdCpuN8CMEg0VuEBqA,https://www.linkedin.com/company/the-new-york-times,Verified
595,ZBRA,Zebra Technologies,Information Technology,0.02,https://www.zebra.com,https://en.wikipedia.org/wiki/Zebra_Technologies,https://www.facebook.com/ZebraTechnologiesGlobal,,https://x.com/zebratechnology,,,Verified
596,RVTY,Revvity,Health Care,0.02,https://www.revvity.com,https://en.wikipedia.org/wiki/Revvity,https://www.facebook.com/RevvityInc,https://www.instagram.com/revvity,https://x.com/RevvityInc,https://www.youtube.com/channel/UCUqLrqOpUUwhz3UaLn78tVQ,https://www.linkedin.com/company/revvity,Verified
597,TRMB,Trimble Inc.,Information Technology,0.02,https://www.trimble.com,https://en.wikipedia.org/wiki/Trimble_Inc.,https://www.facebook.com/TrimbleCorporate,,https://x.com/TrimbleCorpNews,,,Verified
598,PINS,Pinterest,Communication,0.02,https://www.pinterest.com,https://en.wikipedia.org/wiki/Pinterest,https://www.facebook.com/pinterest,https://www.instagram.com/pinterestjp,https://x.com/Pinterest,https://www.youtube.com/channel/UCO3RbIm_joTS3om0DOTMN9A,,Verified
599,CCK,Crown Holdings,Materials,0.02,https://www.crowncork.com,https://en.wikipedia.org/wiki/Crown_Holdings,,,,,,Verified
600,CPT,Camden Property Trust,Real Estate,0.02,https://www.camdenliving.com,https://en.wikipedia.org/wiki/Camden_Property_Trust,https://www.facebook.com/CamdenLiving,https://www.instagram.com/camdenliving,https://x.com/CamdenLiving,,https://www.linkedin.com/company/camden-property-trust,Verified
601,HAS,Hasbro,Consumer Discretionary,0.02,https://www.hasbro.com,https://en.wikipedia.org/wiki/Hasbro,https://www.facebook.com/HasbroGaming.it,https://www.instagram.com/hasbro,https://x.com/HasbroNews,https://www.youtube.com/channel/UC-r13SLLdZtZNmuC2bMnlmw,,Verified
602,MKC,McCormick & Company,Consumer Staples,0.02,https://www.mccormick.com,https://en.wikipedia.org/wiki/McCormick_%26_Company,https://www.facebook.com/McCormickSpice,https://www.instagram.com/mccormickspice,https://x.com/McCormickCorp,https://www.youtube.com/channel/UCnB2eTGbUxEuRHtkAx0j71A,,Verified
603,NTNX,Nutanix,Information Technology,0.02,https://www.nutanix.com,https://en.wikipedia.org/wiki/Nutanix,,,https://x.com/nutanix,,,Verified
604,CLX,Clorox,Consumer Staples,0.02,https://www.thecloroxcompany.com,https://en.wikipedia.org/wiki/Clorox,https://www.facebook.com/CloroxPE,https://www.instagram.com/cloroxco,https://x.com/Clorox,https://www.youtube.com/channel/UCr0HUAUrGlWBxPffqTiMt1w,,Verified
605,ELAN,Elanco,Health Care,0.02,https://www.elanco.com,https://en.wikipedia.org/wiki/Elanco,,,,,,Verified
606,MOGA,Moog Inc.,Industrials,0.02,https://www.moog.com,https://en.wikipedia.org/wiki/Moog_Inc.,,,,,,Verified
607,VMI,Valmont Industries,Industrials,0.02,https://www.valmont.com,https://en.wikipedia.org/wiki/Valmont_Industries,,,,,,Verified
608,LULU,Lululemon,Consumer Discretionary,0.02,https://www.lululemon.com,https://en.wikipedia.org/wiki/Lululemon,https://www.facebook.com/lululemon,https://www.instagram.com/lululemon,https://x.com/lululemon,https://www.youtube.com/channel/UCCzODDnIM4xdZxOLUGF7KSg,https://www.linkedin.com/company/lululemon,Verified
609,TW,Tradeweb,Financials,0.02,https://www.tradeweb.com,https://en.wikipedia.org/wiki/Tradeweb,,,,,,Verified
610,CG,The Carlyle Group,Financials,0.02,https://www.carlyle.com,https://en.wikipedia.org/wiki/The_Carlyle_Group,,https://www.instagram.com/onecarlyle,https://x.com/OneCarlyle,,https://www.linkedin.com/company/the-carlyle-group,Verified
611,KNX,Knight-Swift Transportation,Industrials,0.02,https://www.knight-swift.com,https://en.wikipedia.org/wiki/Knight-Swift_Transportation,,,,,,Verified
612,SN,SharkNinja,Consumer Discretionary,0.02,https://www.sharkninja.com,https://en.wikipedia.org/wiki/SharkNinja,,https://www.instagram.com/lifeatsharkninja,,,https://www.linkedin.com/company/sharkninja,Verified
613,APA,APA Corporation,Energy,0.02,https://www.apacorp.com,https://en.wikipedia.org/wiki/APA_Corporation,,,https://x.com/apachecorp,https://www.youtube.com/channel/UCUYagpwQ5b7ASLVr0GzKohA,,Verified
614,IONS,Ionis Pharmaceuticals,Health Care,0.02,https://www.ionispharma.com,https://en.wikipedia.org/wiki/Ionis_Pharmaceuticals,,,,,,Verified
615,SPXC,SPX Technologies,Industrials,0.02,https://www.spx.com,https://en.wikipedia.org/wiki/SPX_Technologies,,,,,,Verified
616,ALLE,Allegion,Industrials,0.02,https://www.allegion.com,https://en.wikipedia.org/wiki/Allegion,https://www.facebook.com/AllegionPlc,,https://x.com/allegionplc,https://www.youtube.com/channel/UCufDIevUmPZVZVByiKPF9Jw,https://www.linkedin.com/company/allegion-plc,Verified
617,SAIA,Saia,Industrials,0.02,https://www.saia.com,https://en.wikipedia.org/wiki/Saia,https://www.facebook.com/SaiaLTLFreight,https://www.instagram.com/saialtlfreight,https://x.com/saia_inc,https://www.youtube.com/channel/UC_MO9gIW_TyZeC2yxgtsLvw,,Verified
618,AGNC,AGNC Investment,Financials,0.02,https://www.agnc.com,https://en.wikipedia.org/wiki/AGNC_Investment,,,,,,Verified
619,QXO,QXO,Industrials,0.02,https://www.qxo.com,https://en.wikipedia.org/wiki/QXO,,,,,,Verified
620,FORM,"FormFactor, Inc.",Information Technology,0.02,https://www.formfactor.com,"https://en.wikipedia.org/wiki/FormFactor,_Inc.",,,,,,Verified
621,TOST,"Toast, Inc.",Financials,0.02,https://www.toasttab.com,"https://en.wikipedia.org/wiki/Toast,_Inc.",,,,,,Verified
622,SJM,The J.M. Smucker Company,Consumer Staples,0.02,https://www.jmsmucker.com,https://en.wikipedia.org/wiki/The_J.M._Smucker_Company,https://www.facebook.com/smuckers,https://www.instagram.com/jmsmuckerco,https://x.com/smuckers,,,Verified
623,SF,Stifel,Financials,0.02,https://www.stifel.com,https://en.wikipedia.org/wiki/Stifel,https://www.facebook.com/StifelFinancial,https://www.instagram.com/stifelfinancial,https://x.com/stifel,https://www.youtube.com/channel/UCTzM4X9rNwfYpEClAaonU7g,https://www.linkedin.com/company/stifel-financial-corp-,Verified
624,LFUS,Littelfuse,Information Technology,0.02,https://www.littelfuse.com,https://en.wikipedia.org/wiki/Littelfuse,,,,,,Verified
625,AMKR,Amkor Technology,Information Technology,0.02,https://www.amkor.com,https://en.wikipedia.org/wiki/Amkor_Technology,,,,,,Verified
626,CGNX,Cognex Corporation,Information Technology,0.02,https://www.cognex.com,https://en.wikipedia.org/wiki/Cognex_Corporation,,,,,,Verified
627,BJ,BJ's Wholesale Club,Consumer Staples,0.02,https://www.bjs.com,https://en.wikipedia.org/wiki/BJ%27s_Wholesale_Club,https://www.facebook.com/bjswholesaleclub,https://www.instagram.com/bjswholesale,https://x.com/BJsWholesale,,,Verified
628,SOLV,Solventum,Health Care,0.02,https://www.solventum.com,https://en.wikipedia.org/wiki/Solventum,,,,,,Verified
629,HII,Huntington Ingalls Industries,Industrials,0.02,https://www.hii.com,https://en.wikipedia.org/wiki/Huntington_Ingalls_Industries,https://www.facebook.com/HuntingtonIngallsIndustries,https://www.instagram.com/huntingtoningalls,https://x.com/hiindustries,,,Verified
630,SWKS,Skyworks Solutions,Information Technology,0.02,https://www.skyworksinc.com,https://en.wikipedia.org/wiki/Skyworks_Solutions,,,,,,Verified
631,OC,Owens Corning,Industrials,0.02,https://www.owenscorning.com,https://en.wikipedia.org/wiki/Owens_Corning,https://www.facebook.com/OwensCorningCorporate,,https://x.com/OCInsulation,,,Verified
632,VIAV,Viavi Solutions,Information Technology,0.02,https://www.viavisolutions.com,https://en.wikipedia.org/wiki/Viavi_Solutions,https://www.facebook.com/viavisolutions,https://www.instagram.com/viavifiber,https://x.com/viavisolutions,https://www.youtube.com/channel/UCCCGcTKD1teKf8VyaEKm-MA,,Verified
633,FOXA,Fox Corporation,Communication,0.02,https://www.foxcorporation.com,https://en.wikipedia.org/wiki/Fox_Corporation,,,,,https://www.linkedin.com/company/fox-corporation,Verified
634,APLD,Applied Digital,Information Technology,0.02,https://www.applieddigital.com,https://en.wikipedia.org/wiki/Applied_Digital,,,,,,Verified
635,CR,Crane Company,Industrials,0.02,https://www.craneco.com,https://en.wikipedia.org/wiki/Crane_Company,,,,,,Verified
636,FLS,Flowserve,Industrials,0.02,https://www.flowserve.com,https://en.wikipedia.org/wiki/Flowserve,https://www.facebook.com/flowserve,,https://x.com/flowserve,https://www.youtube.com/channel/UCMolk3hdarTAS6RkpNftEUw,,Verified
637,MASI,Masimo Corporation,Health Care,0.013,https://www.masimo.com,https://en.wikipedia.org/wiki/Masimo,,,https://x.com/Masimo,https://www.youtube.com/c/masimo,https://www.linkedin.com/company/masimo-corporation,Auto-enriched
638,AL,Sumisho Air Lease Corp (formerly Air Lease Corporation),Industrials,0.011,https://sumisho.aero,https://en.wikipedia.org/wiki/Air_Lease_Corporation,,,,,,Auto-enriched
639,AAOI,Applied Optoelectronics,Information Technology,0.01,https://www.ao-inc.com,https://en.wikipedia.org/wiki/Applied_Optoelectronics,,,,,https://www.linkedin.com/company/appliedopto,Verified
640,R,Ryder,Industrials,0.01,https://www.ryder.com,https://en.wikipedia.org/wiki/Ryder,https://www.facebook.com/RyderSystemInc,https://www.instagram.com/rydersystem,https://x.com/RyderSystemInc,https://www.youtube.com/channel/UCe2OdGoXbpZ2GuK1A7Xl77A,https://www.linkedin.com/company/ryder-system-inc,Verified
641,ARWR,Arrowhead Pharmaceuticals,Health Care,0.01,https://www.arrowheadpharma.com,https://en.wikipedia.org/wiki/Arrowhead_Pharmaceuticals,,,https://x.com/ArrowheadPharma,,,Verified
642,FIVE,Five Below,Consumer Discretionary,0.01,https://www.fivebelow.com,https://en.wikipedia.org/wiki/Five_Below,https://www.facebook.com/FiveBelow,https://www.instagram.com/fivebelow,https://x.com/fivebelow,,,Verified
643,BPOP,Banco Popular de Puerto Rico,Financials,0.01,https://www.popular.com,https://en.wikipedia.org/wiki/Banco_Popular_de_Puerto_Rico,,,,,,Verified
644,CACI,CACI,Industrials,0.01,https://www.caci.com,https://en.wikipedia.org/wiki/CACI,https://www.facebook.com/CACIIntl,,https://x.com/CACIIntl,https://www.youtube.com/channel/UC9iS11xBx8qDkCMrk_kLD4Q,https://www.linkedin.com/company/caci-international-inc,Verified
645,GDDY,GoDaddy,Information Technology,0.01,https://www.godaddy.com,https://en.wikipedia.org/wiki/GoDaddy,https://www.facebook.com/GoDaddy,https://www.instagram.com/godaddy,https://x.com/GoDaddy,https://www.youtube.com/channel/UCgH_SmWw9WianYyOB5Y6tEA,,Auto-enriched
646,GFS,GlobalFoundries,Information Technology,0.01,https://www.gf.com,https://en.wikipedia.org/wiki/GlobalFoundries,https://www.facebook.com/GLOBALFOUNDRIES,,https://x.com/GlobalFoundries,,,Auto-enriched
647,CHTR,Charter Communications,Communication,0.01,https://www.charter.com,https://en.wikipedia.org/wiki/Charter_Communications,,,https://x.com/getspectrum,,,Auto-enriched
648,WMS,Advanced Drainage Systems,Industrials,0.01,https://www.adspipe.com,https://en.wikipedia.org/wiki/Advanced_Drainage_Systems,,,,,,Auto-enriched
649,IVZ,Invesco,Financials,0.01,https://www.invesco.com,https://en.wikipedia.org/wiki/Invesco,https://www.facebook.com/InvescoUS,,https://x.com/InvescoCanada,,https://www.linkedin.com/company/invesco-ltd,Auto-enriched
650,MEDP,Medpace,Health Care,0.01,https://www.medpace.com,https://en.wikipedia.org/wiki/Medpace,,,https://x.com/workatmedpace,https://www.youtube.com/channel/UCXTQchJV9hr_jdkaeU2ZPow,,Auto-enriched
651,AMH,American Homes Rent Reit Class A,Real Estate,0.01,,,,,,,,Auto-enriched
652,EGP,Eastgroup Properties Reit Inc,Real Estate,0.01,https://www.eastgroup.net,,,,,,,Auto-enriched
653,MOH,Molina Healthcare,Health Care,0.01,https://www.molinahealthcare.com,https://en.wikipedia.org/wiki/Molina_Healthcare,https://www.facebook.com/MolinaHealth,,https://x.com/molinahealth,,,Auto-enriched
654,DCI,Donaldson Company,Industrials,0.01,https://www.donaldson.com,https://en.wikipedia.org/wiki/Donaldson_Company,,,,,,Auto-enriched
655,AXSM,Axsome Therapeutics Inc,Health Care,0.01,https://www.axsome.com,,,,,,,Auto-enriched
656,AAL,American Airlines Group,Industrials,0.01,https://www.aa.com,https://en.wikipedia.org/wiki/American_Airlines_Group,,,,,,Auto-enriched
657,SCI,Service Corporation International,Consumer Discretionary,0.01,https://www.sci-corp.com,,,,,,,Auto-enriched
658,SNEX,StoneX Group Inc.,Financials,0.01,https://www.stonex.com,https://en.wikipedia.org/wiki/StoneX_Group_Inc.,,,,,,Auto-enriched
659,BBIO,Bridgebio Pharma Inc,Health Care,0.01,https://www.bridgebio.com,,,,,,,Auto-enriched
660,PODD,Insulet Corp,Health Care,0.01,https://www.insulet.com,,,,,,,Auto-enriched
661,DINO,HF Sinclair,Energy,0.01,https://www.hfsinclair.com,https://en.wikipedia.org/wiki/HF_Sinclair,,,,,,Auto-enriched
662,ALSN,Allison Transmission,Industrials,0.01,https://www.allisontransmission.com,https://en.wikipedia.org/wiki/Allison_Transmission,,,,,,Auto-enriched
663,CYTK,Cytokinetics,Health Care,0.01,https://www.cytokinetics.com,https://en.wikipedia.org/wiki/Cytokinetics,,,https://x.com/cytokinetics,https://www.youtube.com/channel/UC68QXjKH0m-39pYd2zWbjVQ,,Auto-enriched
664,COKE,Coca-Cola Consolidated,Consumer Staples,0.01,https://www.cokeconsolidated.com,https://en.wikipedia.org/wiki/Coca-Cola_Consolidated,https://www.facebook.com/CocaColaConsolidated,https://www.instagram.com/cocacolaconsolidated,https://x.com/CokeCCBCC,,https://www.linkedin.com/company/cocacolaconsolidated,Auto-enriched
665,RBRK,Rubrik,Information Technology,0.01,https://www.rubrik.com,https://en.wikipedia.org/wiki/Rubrik,https://www.facebook.com/RubrikInc,,https://x.com/rubrikinc,https://www.youtube.com/channel/UCDoKLwlfdfH61rkzD3pu_ZQ,,Auto-enriched
666,AES,AES Corporation,Utilities,0.01,https://www.aes.com,https://en.wikipedia.org/wiki/AES_Corporation,https://www.facebook.com/TheAESCorporation,,https://x.com/theaescorp,,,Auto-enriched
667,BMRN,BioMarin Pharmaceutical,Health Care,0.01,https://www.biomarin.com,https://en.wikipedia.org/wiki/BioMarin_Pharmaceutical,,,,,,Auto-enriched
668,AYI,Acuity Brands,Industrials,0.01,https://www.acuitybrands.com,https://en.wikipedia.org/wiki/Acuity_Brands,https://www.facebook.com/acuitybrands,https://www.instagram.com/acuitybrands,https://x.com/acuitybrands,,,Auto-enriched
669,BAX,Baxter International,Health Care,0.01,https://www.baxter.com,https://en.wikipedia.org/wiki/Baxter_International,,,,,,Auto-enriched
670,ESI,Element Solutions,Materials,0.01,https://www.elementsolutionsinc.com,https://en.wikipedia.org/wiki/Element_Solutions,,,,,,Auto-enriched
671,WTRG,Essential Utilities,Utilities,0.01,https://www.essential.co,https://en.wikipedia.org/wiki/Essential_Utilities,,,https://x.com/myaquaamerica,,,Auto-enriched
672,BXP,"BXP, Inc.",Real Estate,0.01,https://www.bxp.com,"https://en.wikipedia.org/wiki/BXP,_Inc.",,,https://x.com/bxpboston,,,Auto-enriched
673,FRT,Federal Realty Investment Trust Re,Real Estate,0.01,https://www.federalrealty.com,,,,,,,Auto-enriched
674,HL,Hecla Mining,Materials,0.01,https://www.hecla.com,https://en.wikipedia.org/wiki/Hecla_Mining,,,,,,Auto-enriched
675,EHC,Encompass Health,Health Care,0.01,https://www.encompasshealth.com,https://en.wikipedia.org/wiki/Encompass_Health,https://www.facebook.com/EncompassHealth,,https://x.com/encompasshlth,https://www.youtube.com/channel/UCDODsI1dzjeo0MUSoKsPFYQ,,Auto-enriched
676,WULF,TeraWulf,Information Technology,0.01,https://www.terawulf.com,https://en.wikipedia.org/wiki/TeraWulf,,,,,,Auto-enriched
677,IOT,Samsara (company),Information Technology,0.01,https://www.samsara.com,https://en.wikipedia.org/wiki/Samsara_(company),,,,,,Auto-enriched
678,DPZ,Domino's,Consumer Discretionary,0.01,https://www.dominos.com,https://en.wikipedia.org/wiki/Domino%27s,https://www.facebook.com/Dominos,https://www.instagram.com/dominos_ch,https://x.com/Dominos_GH,https://www.youtube.com/channel/UC2rjTzAKJmjvdbr4ssII4fg,https://www.linkedin.com/company/domino's-pakistan,Auto-enriched
679,ZION,Zions Bancorporation,Financials,0.01,https://www.zionsbancorporation.com,https://en.wikipedia.org/wiki/Zions_Bancorporation,,,,,,Auto-enriched
680,WTFC,Wintrust Financial,Financials,0.01,https://www.wintrust.com,https://en.wikipedia.org/wiki/Wintrust_Financial,https://www.facebook.com/wintrust,,,,,Auto-enriched
681,AMG,Affiliated Managers Group,Financials,0.01,https://www.amg.com,https://en.wikipedia.org/wiki/Affiliated_Managers_Group,,,,,,Auto-enriched
682,NWSA,News Corp,Communication,0.01,https://www.newscorp.com,https://en.wikipedia.org/wiki/News_Corp,https://www.facebook.com/newscorp,,https://x.com/newscorp,,https://www.linkedin.com/company/newscorp,Auto-enriched
683,AGX,Argan Inc,Industrials,0.01,https://www.arganinc.com,,,,,,,Auto-enriched
684,OGE,Oklahoma Gas & Electric,Utilities,0.01,https://www.oge.com,https://en.wikipedia.org/wiki/Oklahoma_Gas_%26_Electric,https://www.facebook.com/OGEpower,,https://x.com/ogande,,,Auto-enriched
685,KTOS,Kratos Defense And Security Soluti,Industrials,0.01,https://www.kratosdefense.com,,,,,,,Auto-enriched
686,UMBF,UMB Financial Corporation,Financials,0.01,https://www.umb.com,https://en.wikipedia.org/wiki/UMB_Financial_Corporation,https://www.facebook.com/UMBBank,https://www.instagram.com/umbbank,https://x.com/UMBBank,,https://www.linkedin.com/company/umbbank,Auto-enriched
687,SSB,SouthState Bank,Financials,0.01,https://www.southstatebank.com,https://en.wikipedia.org/wiki/SouthState_Bank,https://www.facebook.com/SouthStateBank,https://www.instagram.com/southstatebank,https://x.com/SouthStateBank,,https://www.linkedin.com/company/south-state-bank,Auto-enriched
688,RIOT,Riot Platforms Inc,Information Technology,0.01,https://www.riotplatforms.com,,,,,,,Auto-enriched
689,MGM,MGM Resorts International,Consumer Discretionary,0.01,https://www.mgmresorts.com,https://en.wikipedia.org/wiki/MGM_Resorts_International,,,,,,Auto-enriched
690,AR,Antero Resources,Energy,0.01,https://www.anteroresources.com,https://en.wikipedia.org/wiki/Antero_Resources,,,,,,Auto-enriched
691,CRL,Charles River Laboratories Interna,Health Care,0.01,https://www.criver.com,,,,,,,Auto-enriched
692,JEF,Jefferies Financial Group,Financials,0.01,https://www.jefferies.com,https://en.wikipedia.org/wiki/Jefferies_Financial_Group,,,,,,Auto-enriched
693,JKHY,Jack Henry & Associates,Financials,0.01,https://www.jackhenry.com,https://en.wikipedia.org/wiki/Jack_Henry_%26_Associates,,,https://x.com/jackhenryassoc,https://www.youtube.com/channel/UCVKJwFR0Ogw6-2LAwV2oIUg,,Auto-enriched
694,GTLS,Chart Industries Inc,Industrials,0.01,https://www.chartindustries.com,,,,,,,Auto-enriched
695,CIFR,Cipher Mining Inc,Information Technology,0.01,https://www.ciphermining.com,,,,,,,Auto-enriched
696,MUSA,Murphy USA,Consumer Discretionary,0.01,https://www.murphyusa.com,https://en.wikipedia.org/wiki/Murphy_USA,https://www.facebook.com/MurphyUSA,,https://x.com/murphyusa,,,Auto-enriched
697,PRI,Primerica,Financials,0.01,https://www.primerica.com,https://en.wikipedia.org/wiki/Primerica,https://www.facebook.com/Primerica,,https://x.com/Primerica,https://www.youtube.com/channel/UCZfGTtQfq0YbujWv2PRidCA,https://www.linkedin.com/company/4416,Auto-enriched
698,COLB,Columbia Banking System Inc,Financials,0.01,https://www.columbiabank.com,,,,,,,Auto-enriched
699,CNM,Core & Main,Industrials,0.01,https://www.coreandmain.com,https://en.wikipedia.org/wiki/Core_%26_Main,https://www.facebook.com/coreandmain,,,,,Auto-enriched
700,BRX,Brixmor Property Group,Real Estate,0.01,https://www.brixmor.com,https://en.wikipedia.org/wiki/Brixmor_Property_Group,,,,,,Auto-enriched
701,FCFS,FirstCash,Financials,0.01,https://www.firstcash.com,https://en.wikipedia.org/wiki/FirstCash,,,https://x.com/cashamerica,,,Auto-enriched
702,ACM,AECOM,Industrials,0.01,https://www.aecom.com,https://en.wikipedia.org/wiki/AECOM,https://www.facebook.com/AecomTechnologyCorporation,https://www.instagram.com/aecom,https://x.com/AECOM,https://www.youtube.com/channel/UCtyDqoF3dStguXQk37yPLmg,https://www.linkedin.com/company/aecom,Auto-enriched
703,BHE,Benchmark Electronics,Information Technology,0.01,https://www.bench.com,https://en.wikipedia.org/wiki/Benchmark_Electronics,https://www.facebook.com/BenchBHE,,,,,Auto-enriched
704,CGON,Cg Oncology Inc,Health Care,0.01,https://www.cgoncology.com,,,,,,,Auto-enriched
705,PJT,PJT Partners,Financials,0.01,https://www.pjtpartners.com,https://en.wikipedia.org/wiki/PJT_Partners,,,,,,Auto-enriched
706,FUL,H.B. Fuller,Materials,0.01,https://www.hbfuller.com,https://en.wikipedia.org/wiki/H.B._Fuller,,,,,https://www.linkedin.com/company/hb-fuller,Auto-enriched
707,SXI,Standex International,Industrials,0.01,https://www.standex.com,https://en.wikipedia.org/wiki/Standex_International,,,,,,Auto-enriched
708,OPCH,Option Care Health Inc,Health Care,0.01,https://www.optioncarehealth.com,,,,,,,Auto-enriched
709,RDNT,RadNet,Health Care,0.01,https://www.radnet.com,https://en.wikipedia.org/wiki/RadNet,https://www.facebook.com/RadNetInc,,,,,Auto-enriched
710,GEO,GEO Group,Industrials,0.01,https://www.geogroup.com,https://en.wikipedia.org/wiki/GEO_Group,https://www.facebook.com/GEOGroup,,https://x.com/wearegeo,https://www.youtube.com/channel/UC0klQ5yOBEhwlYLFZJ0mv5Q,,Auto-enriched
711,GHC,Graham Holdings,Consumer Discretionary,0.01,https://www.ghco.com,https://en.wikipedia.org/wiki/Graham_Holdings,,,,,,Auto-enriched
712,BNL,Broadstone Net Lease Inc,Real Estate,0.01,https://www.broadstone.com,,,,,,,Auto-enriched
713,VRNS,Varonis Systems,Information Technology,0.01,https://www.varonis.com,https://en.wikipedia.org/wiki/Varonis_Systems,,,,,,Auto-enriched
714,CHEF,Chefs Warehouse Inc,Consumer Staples,0.01,https://www.chefswarehouse.com,,,,,,,Auto-enriched
715,CDP,COPT Defense Properties,Real Estate,0.01,https://www.copt.com,https://en.wikipedia.org/wiki/COPT_Defense_Properties,,,,,,Auto-enriched
716,DAN,Dana Incorporated,Consumer Discretionary,0.01,https://www.dana.com,https://en.wikipedia.org/wiki/Dana_Incorporated,https://www.facebook.com/DanaIncorporated,,https://x.com/danainc_,https://www.youtube.com/channel/UCgiJCVb5jswuYesWsGXKBvw,https://www.linkedin.com/company/dana-incorporated,Auto-enriched
717,COCO,Vita Coco,Consumer Staples,0.01,https://www.vitacoco.com,https://en.wikipedia.org/wiki/Vita_Coco,,,,,,Auto-enriched
718,AGO,Assured Guaranty,Financials,0.01,https://www.assuredguaranty.com,https://en.wikipedia.org/wiki/Assured_Guaranty,,,,,,Auto-enriched
719,APGE,Apogee Therapeutics Inc,Health Care,0.01,https://www.apogeetherapeutics.com,,,,,,,Auto-enriched
720,FHB,First Hawaiian Bank,Financials,0.01,https://www.fhb.com,https://en.wikipedia.org/wiki/First_Hawaiian_Bank,https://www.facebook.com/FirstHawaiianBank,https://www.instagram.com/fhbhawaii,,,,Auto-enriched
721,CNK,Cinemark Theatres,Communication,0.01,https://www.cinemark.com,https://en.wikipedia.org/wiki/Cinemark_Theatres,https://www.facebook.com/cinemarkoficial,https://www.instagram.com/cinemark,https://x.com/cinemarkoficial,https://www.youtube.com/channel/UCPcHHZkJyHbRzf1Eiw2TDqg,,Auto-enriched
722,KBH,KB Home,Consumer Discretionary,0.01,https://www.kbhome.com,https://en.wikipedia.org/wiki/KB_Home,https://www.facebook.com/KBHome,https://www.instagram.com/kbhome,https://x.com/kbhome,https://www.youtube.com/channel/UCc7Fa9m2q6_Q3jogC4VyKNw,,Auto-enriched
723,STNG,Scorpio Tankers,Energy,0.01,https://www.scorpiotankers.com,https://en.wikipedia.org/wiki/Scorpio_Tankers,,,,,,Auto-enriched
724,UCB,United Community Banks,Financials,0.01,https://www.ucbi.com,https://en.wikipedia.org/wiki/United_Community_Banks,https://www.facebook.com/unitedcommunitybank,,https://x.com/ucbi,,https://www.linkedin.com/company/united-community-bank,Auto-enriched
725,CPRX,Catalyst Pharmaceuticals,Health Care,0.01,https://www.catalystpharma.com,https://en.wikipedia.org/wiki/Catalyst_Pharmaceuticals,,,,,,Auto-enriched
726,HAE,Haemonetics,Health Care,0.01,https://www.haemonetics.com,https://en.wikipedia.org/wiki/Haemonetics,,,,,,Auto-enriched
727,OSIS,OSI Systems,Information Technology,0.01,https://www.osi-systems.com,https://en.wikipedia.org/wiki/OSI_Systems,,,,,,Auto-enriched
728,JHX,James Hardie Industries,Materials,0.01,https://www.jameshardie.com,https://en.wikipedia.org/wiki/James_Hardie_Industries,,https://www.instagram.com/jameshardie,,,,Auto-enriched
729,GFF,Griffon Corporation,Industrials,0.01,https://www.griffon.com,https://en.wikipedia.org/wiki/Griffon_Corporation,,,,,,Auto-enriched
730,KAI,Kadant,Industrials,0.01,https://www.kadant.com,https://en.wikipedia.org/wiki/Kadant,,,,,,Auto-enriched
731,KFY,Korn Ferry,Industrials,0.01,https://www.kornferry.com,https://en.wikipedia.org/wiki/Korn_Ferry,https://www.facebook.com/KornFerry,,https://x.com/korn_ferry,,,Auto-enriched
732,CATY,Cathay Bank,Financials,0.01,https://www.cathaygeneralbancorp.com,https://en.wikipedia.org/wiki/Cathay_Bank,https://www.facebook.com/cathaybank,,,,https://www.linkedin.com/company/cathay-bank,Auto-enriched
733,EXLS,EXL (company),Industrials,0.01,https://www.exlservice.com,https://en.wikipedia.org/wiki/EXL_(company),https://www.facebook.com/ExlService,,https://x.com/exl_service,https://www.youtube.com/channel/UC4hGbT7BftgRRBriFj3eBRg,,Auto-enriched
734,REZI,Resideo,Industrials,0.01,https://www.resideo.com,https://en.wikipedia.org/wiki/Resideo,,https://www.instagram.com/weareresideo,,,,Auto-enriched
735,MMSI,Merit Medical Systems,Health Care,0.01,https://www.merit.com,https://en.wikipedia.org/wiki/Merit_Medical_Systems,,,,,,Auto-enriched
736,PII,Polaris Inc.,Consumer Discretionary,0.01,https://www.polaris.com,https://en.wikipedia.org/wiki/Polaris_Inc.,https://www.facebook.com/Polaris,https://www.instagram.com/polarisinc,https://x.com/polarisinc,,https://www.linkedin.com/company/polarisinc,Auto-enriched
737,GTLB,GitLab,Information Technology,0.01,https://www.gitlab.com,https://en.wikipedia.org/wiki/GitLab,,,,,https://www.linkedin.com/company/gitlab-com,Auto-enriched
738,CSTM,Constellium,Materials,0.01,https://www.constellium.com,https://en.wikipedia.org/wiki/Constellium,,,,,,Auto-enriched
739,SIG,Signet Jewelers,Consumer Discretionary,0.01,https://www.signetjewelers.com,https://en.wikipedia.org/wiki/Signet_Jewelers,,,,,,Auto-enriched
740,PLUG,Plug Power,Industrials,0.01,https://www.plugpower.com,https://en.wikipedia.org/wiki/Plug_Power,https://www.facebook.com/PlugPowerInc,https://www.instagram.com/plug.power.inc,https://x.com/plugpowerinc,https://www.youtube.com/channel/UCIUy_PatfFUWEmW_FdAlyHw,,Auto-enriched
741,SRRK,Scholar Rock Holding Corp,Health Care,0.01,https://www.scholarrock.com,,,,,,,Auto-enriched
742,TPC,Tutor Perini,Industrials,0.01,https://www.tutorperini.com,https://en.wikipedia.org/wiki/Tutor_Perini,,,,,,Auto-enriched
743,BGC,BGC Group,Financials,0.01,https://www.bgcg.com,https://en.wikipedia.org/wiki/BGC_Group,,,,,,Auto-enriched
744,ABG,Asbury Automotive Group,Consumer Discretionary,0.01,https://www.asburyauto.com,https://en.wikipedia.org/wiki/Asbury_Automotive_Group,,,,,,Auto-enriched
745,VCYT,Veracyte Inc,Health Care,0.01,https://www.veracyte.com,,,,,,,Auto-enriched
746,PTEN,Patterson-UTI,Energy,0.01,https://www.patenergy.com,https://en.wikipedia.org/wiki/Patterson-UTI,,,,,,Auto-enriched
747,APLE,Apple Hospitality Reit Inc,Real Estate,0.01,https://www.applehospitalityreit.com,,,,,,,Auto-enriched
748,GPI,Group Automotive Inc,Consumer Discretionary,0.01,https://www.group1auto.com,,,,,,,Auto-enriched
749,MWA,Mueller Water Products Inc Series,Industrials,0.01,https://www.muellerwaterproducts.com,,,,,,,Auto-enriched
750,SKYW,Skywest Inc,Industrials,0.01,https://www.skywest.com,,,,,,,Auto-enriched
751,TXG,10X Genomics Inc Class A,Health Care,0.01,https://www.10xgenomics.com,,,,,,,Auto-enriched
752,BFB,Brown-Forman,Consumer Staples,0.01,https://www.brown-forman.com,https://en.wikipedia.org/wiki/Brown-Forman,,,,,,Auto-enriched
753,LIVN,Livanova Plc,Health Care,0.01,https://www.livanova.com,,,,,,,Auto-enriched
754,SPHR,Sphere Entertainment Class A,Communication,0.01,https://www.sphereentertainmentco.com,,,,,,,Auto-enriched
755,KN,Knowles Corp,Information Technology,0.01,https://www.knowles.com,,,,,,,Auto-enriched
756,IBOC,International Bancshares Corp,Financials,0.01,https://www.ibc.com,,,,,,,Auto-enriched
757,UUUU,Energy Fuels Inc,Energy,0.01,https://www.energyfuels.com,,,,,,,Auto-enriched
758,CVSA,Covista Inc,Consumer Discretionary,0.01,,,,,,,,Auto-enriched
759,RXO,Rxo Inc,Industrials,0.01,https://www.rxo.com,,,,,,,Auto-enriched
760,CPB,Campbell Soup,Consumer Staples,0.01,https://www.thecampbellscompany.com,,,,,,,Auto-enriched
761,UNF,Unifirst Corp,Industrials,0.01,https://www.unifirst.com,,,,,,,Auto-enriched
762,COLD,Americold Realty Inc Trust,Real Estate,0.01,https://www.americold.com,,,,,,,Auto-enriched
763,IRDM,Iridium Communications Inc,Communication,0.01,https://www.iridium.com,,,,,,,Auto-enriched
764,BMI,Badger Meter Inc,Information Technology,0.01,https://www.badgermeter.com,,,,,,,Auto-enriched
765,TDS,Telephone And Data Systems Inc,Communication,0.01,https://www.tdsinc.com,,,,,,,Auto-enriched
766,LAZ,Lazard Inc,Financials,0.01,https://www.lazard.com,,,,,,,Auto-enriched
767,NWE,Northwestern Energy Group Inc,Utilities,0.01,https://www.northwesternenergy.com,,,,,,,Auto-enriched
768,RUSHA,Rush Enterprises Inc Class A,Industrials,0.01,https://www.rushenterprises.com,,,,,,,Auto-enriched
769,MHO,M I Homes Inc,Consumer Discretionary,0.01,https://www.mihomes.com,,,,,,,Auto-enriched
770,OPLN,Openlane Inc,Industrials,0.01,https://www.openlane.com,,,,,,,Auto-enriched
771,SHC,Sotera Health Company,Health Care,0.01,https://www.soterahealth.com,,,,,,,Auto-enriched
772,ZETA,Zeta Global Holdings Corp Class A,Information Technology,0.01,https://www.zetaglobal.com,,,,,,,Auto-enriched
773,QLYS,Qualys Inc,Information Technology,0.01,https://www.qualys.com,,,,,,,Auto-enriched
774,YETI,Yeti Holdings Inc,Consumer Discretionary,0.01,https://www.yeti.com,,,,,,,Auto-enriched
775,PATH,Uipath Inc Class A,Information Technology,0.01,https://www.uipath.com,,,,,,,Auto-enriched
776,KTB,Kontoor Brands Inc,Consumer Discretionary,0.01,https://www.kontoorbrands.com,,,,,,,Auto-enriched
777,SFBS,Servisfirst Bancshares Inc,Financials,0.01,https://www.servisfirstbank.com,,,,,,,Auto-enriched
778,EXTR,Extreme Networks,Information Technology,0.01,https://www.extremenetworks.com,https://en.wikipedia.org/wiki/Extreme_Networks,,,https://x.com/extremenetworks,,,Auto-enriched
779,FBP,First Bancorp,Financials,0.01,https://www.1firstbank.com,,,,,,,Auto-enriched
780,RNST,Renasant Corp,Financials,0.01,https://www.renasant.com,,,,,,,Auto-enriched
781,MC,Moelis & Company,Financials,0.01,https://www.moelis.com,https://en.wikipedia.org/wiki/Moelis_%26_Company,,,https://x.com/moelis,,https://www.linkedin.com/company/moelis-&-company,Auto-enriched
782,BFH,Bread Financial,Financials,0.01,https://www.breadfinancial.com,https://en.wikipedia.org/wiki/Bread_Financial,,,https://x.com/alliancedata,https://www.youtube.com/channel/UCHC4txPWUnSVtlFS1NOS9CA,,Auto-enriched
783,SKT,Tanger Inc.,Real Estate,0.01,https://www.tanger.com,https://en.wikipedia.org/wiki/Tanger_Inc.,https://www.facebook.com/tangeroutlets,https://www.instagram.com/tangeroutlets,https://x.com/TangerOutlets,,,Auto-enriched
784,FULT,Fulton Financial Corporation,Financials,0.01,https://www.fultonbank.com,https://en.wikipedia.org/wiki/Fulton_Financial_Corporation,,,,,,Auto-enriched
785,CNX,CNX Resources,Energy,0.01,https://www.cnx.com,https://en.wikipedia.org/wiki/CNX_Resources,,,https://x.com/CNXtweets,https://www.youtube.com/channel/UCEjT3jxlze_C5hJ0WbbJL4A,https://www.linkedin.com/company/cnxresourcescorp,Auto-enriched
786,GSAT,Globalstar,Communication,0.01,https://www.globalstar.com,https://en.wikipedia.org/wiki/Globalstar,https://www.facebook.com/GlobalstarInc,,https://x.com/globalstar,https://www.youtube.com/channel/UCcomboDzyYeH_Cqflm1nrXw,https://www.linkedin.com/company/globalstar,Auto-enriched
787,OLED,Universal Display Corporation,Information Technology,0.01,https://www.oled.com,https://en.wikipedia.org/wiki/Universal_Display_Corporation,,,,,,Auto-enriched
788,LBRT,Liberty Energy,Energy,0.01,https://www.libertyenergy.com,https://en.wikipedia.org/wiki/Liberty_Energy,,,,,,Auto-enriched
789,ALHC,Alignment Healthcare Inc,Health Care,0.01,https://www.alignmenthealthcare.com,,,,,,,Auto-enriched
790,NVST,Envista Holdings Corp,Health Care,0.01,https://www.envistaco.com,,,,,,,Auto-enriched
791,MIRM,Mirum Pharmaceuticals Inc,Health Care,0.01,https://www.mirumpharma.com,,,,,,,Auto-enriched
792,MDU,MDU Resources,Utilities,0.01,https://www.mdu.com,https://en.wikipedia.org/wiki/MDU_Resources,https://www.facebook.com/mduresourcesgroup,https://www.instagram.com/mduresources,https://x.com/mduresources,,,Auto-enriched
793,WEX,WEX Inc.,Financials,0.01,https://www.wexinc.com,https://en.wikipedia.org/wiki/WEX_Inc.,https://www.facebook.com/WEXIncNews,https://www.instagram.com/wexatwork,https://x.com/WEXFleet,,,Auto-enriched
794,XMTR,Xometry,Industrials,0.01,https://www.xometry.com,https://en.wikipedia.org/wiki/Xometry,,,,,,Auto-enriched
795,EPAM,Epam Systems Inc,Information Technology,0.01,https://www.epam.com,,,,,,,Auto-enriched
796,KRC,Kilroy Realty Reit Corp,Real Estate,0.01,https://www.kilroyrealty.com,,,,,,,Auto-enriched
797,CHWY,Chewy (company),Consumer Discretionary,0.01,https://www.chewy.com,https://en.wikipedia.org/wiki/Chewy_(company),https://www.facebook.com/Chewy,https://www.instagram.com/chewy,https://x.com/chewy,https://www.youtube.com/channel/UCpWl2nwLDQQI4TTa1kJgxrg,https://www.linkedin.com/company/chewy-com,Auto-enriched
798,SBRA,Sabra Health Care Reit Inc,Real Estate,0.01,https://www.sabrahealth.com,,,,,,,Auto-enriched
799,LOPE,Grand Canyon Education Inc,Consumer Discretionary,0.01,https://www.gce.com,,https://www.facebook.com/GrandCanyonU,https://www.instagram.com/gcu,https://x.com/gcu,https://www.youtube.com/channel/UCNlCLbfwsNGySLzPxaL1OxQ,,Auto-enriched
800,BCO,Brink's,Industrials,0.01,https://www.brinks.com,https://en.wikipedia.org/wiki/Brink%27s,https://www.facebook.com/brinks,,https://x.com/brinks,,,Auto-enriched
801,FFIN,First Financial Bankshares Inc,Financials,0.01,https://www.ffin.com,,,,,,,Auto-enriched
802,YOU,Clear Secure,Information Technology,0.01,https://www.clearme.com,https://en.wikipedia.org/wiki/Clear_Secure,,https://www.instagram.com/clear,https://x.com/clear,,https://www.linkedin.com/company/clear-by-alclear-llc,Auto-enriched
803,POST,Post Holdings,Consumer Staples,0.01,https://www.postholdings.com,https://en.wikipedia.org/wiki/Post_Holdings,,,,,,Auto-enriched
804,FLG,Flagstar Bank,Financials,0.01,https://www.flagstar.com,https://en.wikipedia.org/wiki/Flagstar_Bank,,,,,,Auto-enriched
805,FCN,FTI Consulting,Industrials,0.01,https://www.fticonsulting.com,https://en.wikipedia.org/wiki/FTI_Consulting,,,https://x.com/fticonsulting,,,Auto-enriched
806,CWEN,Clearway Energy Inc Class C,Utilities,0.01,https://www.clearwayenergy.com,,,,,,,Auto-enriched
807,INDB,Independent Bank Corp,Financials,0.01,https://www.rocklandtrust.com,,,,,,,Auto-enriched
808,MRP,Millrose Properties Inc Class A,Real Estate,0.01,https://www.millroseproperties.com,,,,,,,Auto-enriched
809,CRC,California Resources Corp,Energy,0.01,https://www.crc.com,,,,,,,Auto-enriched
810,LGN,Legence Corp Class A,Industrials,0.01,https://www.legence.com,,,,,,,Auto-enriched
811,ATMU,Atmus Filtration Technologies Inc,Industrials,0.01,https://www.atmus.com,,,,,,,Auto-enriched
812,CLSK,Cleanspark Inc,Information Technology,0.01,https://www.cleanspark.com,,,,,,,Auto-enriched
813,LLYVK,Liberty Media,Consumer Discretionary,0.01,https://www.libertymedia.com,https://en.wikipedia.org/wiki/Liberty_Media,,,,,,Auto-enriched
814,TVTX,Travere Therapeutics Inc,Health Care,0.01,https://www.travere.com,,,,,,,Auto-enriched
815,USAR,USA Rare Earth,Materials,0.01,https://www.usare.com,https://en.wikipedia.org/wiki/USA_Rare_Earth,,,,,https://www.linkedin.com/company/usarareearth,Auto-enriched
816,WSFS,WSFS Financial,Financials,0.01,https://www.wsfsbank.com,https://en.wikipedia.org/wiki/WSFS_Financial,https://www.facebook.com/WSFSBank,,https://x.com/WSFS,,,Auto-enriched
817,ANF,Abercrombie & Fitch,Consumer Discretionary,0.01,https://www.abercrombie.com,https://en.wikipedia.org/wiki/Abercrombie_%26_Fitch,https://www.facebook.com/abercrombieofficial,https://www.instagram.com/abercrombie,https://x.com/Abercrombie,,,Auto-enriched
818,KBR,"KBR, Inc.",Industrials,0.01,https://www.kbr.com,"https://en.wikipedia.org/wiki/KBR,_Inc.",,,,,,Auto-enriched
819,PLNT,Planet Fitness,Consumer Discretionary,0.01,https://www.planetfitness.com,https://en.wikipedia.org/wiki/Planet_Fitness,https://www.facebook.com/planetfitness,https://www.instagram.com/planetfitness,https://x.com/PlanetFitness,,,Auto-enriched
820,MKTX,MarketAxess,Financials,0.01,https://www.marketaxess.com,https://en.wikipedia.org/wiki/MarketAxess,,,,,,Auto-enriched
821,MIR,Mirion Technologies Inc Class A,Information Technology,0.01,https://www.mirion.com,,,,,,,Auto-enriched
822,EPR,EPR Properties,Real Estate,0.01,https://www.eprkc.com,https://en.wikipedia.org/wiki/EPR_Properties,,,,,,Auto-enriched
823,RLI,RLI Corp.,Financials,0.01,https://www.rlicorp.com,https://en.wikipedia.org/wiki/RLI_Corp.,,,,,,Auto-enriched
824,NEU,NewMarket Corporation,Materials,0.01,https://www.newmarket.com,https://en.wikipedia.org/wiki/NewMarket_Corporation,,,,,,Auto-enriched
825,CUZ,Cousins Properties,Real Estate,0.01,https://www.cousinsproperties.com,https://en.wikipedia.org/wiki/Cousins_Properties,,,,,,Auto-enriched
826,PCTY,Paylocity,Industrials,0.01,https://www.paylocity.com,https://en.wikipedia.org/wiki/Paylocity,https://www.facebook.com/Paylocity,https://www.instagram.com/paylocity,https://x.com/Paylocity,,,Auto-enriched
827,XENE,Xenon Pharmaceuticals Inc,Health Care,0.01,https://www.xenon-pharma.com,,,,,,,Auto-enriched
828,ACIW,ACI Worldwide,Information Technology,0.01,https://www.aciworldwide.com,https://en.wikipedia.org/wiki/ACI_Worldwide,,,https://x.com/ACI_Worldwide,,,Auto-enriched
829,G,Genpact,Industrials,0.01,https://www.genpact.com,https://en.wikipedia.org/wiki/Genpact,https://www.facebook.com/ProudToBeGenpact,,https://x.com/genpact,https://www.youtube.com/channel/UCE0q2Ui0H84RSx62gc5rhag,,Auto-enriched
830,SR,Spire Inc.,Utilities,0.01,https://www.spireenergy.com,https://en.wikipedia.org/wiki/Spire_Inc.,https://www.facebook.com/spireenergy,,,https://www.youtube.com/channel/UC_ljt4pBbVcKf8B20JsgBvw,,Auto-enriched
831,OUT,Outfront Media,Real Estate,0.01,https://www.outfrontmedia.com,https://en.wikipedia.org/wiki/Outfront_Media,https://www.facebook.com/OutfrontMediaUSA,https://www.instagram.com/outfrontmediausa,https://x.com/OutfrontMediaUS,https://www.youtube.com/channel/UCc23-UrKSi9PDL9YqNe624g,,Auto-enriched
832,VECO,Veeco,Information Technology,0.01,https://www.veeco.com,https://en.wikipedia.org/wiki/Veeco,,,,,,Auto-enriched
833,MAT,Mattel,Consumer Discretionary,0.01,https://www.mattel.com,https://en.wikipedia.org/wiki/Mattel,https://www.facebook.com/Mattel,https://www.instagram.com/mattel,https://x.com/Mattel,https://www.youtube.com/channel/UC3Hzs3IhldhQnGfcmUOHsug,https://www.linkedin.com/company/mattel,Auto-enriched
834,DUOL,Duolingo,Consumer Discretionary,0.01,https://www.duolingo.com,https://en.wikipedia.org/wiki/Duolingo,https://www.facebook.com/DuolingoDeutschland,https://www.instagram.com/duolingofrance,https://x.com/Duolingo_Japan,https://www.youtube.com/channel/UCG98ruDeyp55THxbpBCIv3g,,Auto-enriched
835,LQDA,Liquidia Corp,Health Care,0.01,https://www.liquidia.com,,,,,,,Auto-enriched
836,VAL,Valaris Limited,Energy,0.01,https://www.valaris.com,https://en.wikipedia.org/wiki/Valaris_Limited,,,,,,Auto-enriched
837,HASI,Ha Sustainable Infrastructure Capi,Financials,0.01,https://www.hannonarmstrong.com,,,,,,,Auto-enriched
838,BSY,Bentley Systems,Information Technology,0.01,https://www.bentley.com,https://en.wikipedia.org/wiki/Bentley_Systems,https://www.facebook.com/BentleySystems,https://www.instagram.com/bentleysystems,https://x.com/BentleySystems,,,Auto-enriched
839,CNR,Core Natural Resources Inc,Energy,0.01,https://www.corenaturalresources.com,,,,,,,Auto-enriched
840,CSW,Csw Industrials Inc,Industrials,0.01,https://www.cswindustrials.com,,,,,,,Auto-enriched
841,INDV,Indivior,Health Care,0.01,https://www.indivior.com,https://en.wikipedia.org/wiki/Indivior,,,,,,Auto-enriched
842,FELE,Franklin Electric,Industrials,0.01,https://www.franklin-electric.com,https://en.wikipedia.org/wiki/Franklin_Electric,,,,,,Auto-enriched
843,BBWI,"Bath & Body Works, Inc.",Consumer Discretionary,0.01,https://www.bathandbodyworks.com,"https://en.wikipedia.org/wiki/Bath_%26_Body_Works,_Inc.",,https://www.instagram.com/lbrandsinc,https://x.com/l_brands,https://www.youtube.com/channel/UCUGD5Oxjr2MFnzkPDUBuc5w,,Auto-enriched
844,TNL,Travel + Leisure Co.,Consumer Discretionary,0.01,https://www.travelandleisureco.com,https://en.wikipedia.org/wiki/Travel_%2B_Leisure_Co.,https://www.facebook.com/wyndhamhotelsresorts,https://www.instagram.com/wyndhamdestinations,https://x.com/wyndestinations,,,Auto-enriched
845,SKY,Champion Homes,Consumer Discretionary,0.01,https://www.championhomes.com,https://en.wikipedia.org/wiki/Champion_Homes,,,,,,Auto-enriched
846,HRB,H&R Block,Consumer Discretionary,0.01,https://www.hrblock.com,https://en.wikipedia.org/wiki/H%26R_Block,https://www.facebook.com/hrblock,https://www.instagram.com/hrblock,https://x.com/HRBlock,https://www.youtube.com/channel/UCPFpPjgTSLLFgfFU7VZM3Zg,https://www.linkedin.com/company/h&r-block,Auto-enriched
847,ASB,Associated Banc-Corp,Financials,0.01,https://www.associatedbank.com,https://en.wikipedia.org/wiki/Associated_Banc-Corp,https://www.facebook.com/associatedbank,,https://x.com/AssociatedBank,,,Auto-enriched
848,AX,Axos Financial,Financials,0.01,https://www.axosfinancial.com,https://en.wikipedia.org/wiki/Axos_Financial,,,,,,Auto-enriched
849,BIPC,Brookfield Infrastructure Corp Cla,Utilities,0.01,https://bip.brookfield.com,,,,,,,Auto-enriched
850,GLNG,Golar Lng Ltd,Energy,0.01,https://www.golarlng.com,,,,,,,Auto-enriched
851,BYD,Boyd Gaming,Consumer Discretionary,0.01,https://www.boydgaming.com,https://en.wikipedia.org/wiki/Boyd_Gaming,https://www.facebook.com/BoydGaming,,https://x.com/boydgaming,https://www.youtube.com/channel/UCoaYtOoB_8Tw4QQh6SoJZ5Q,,Auto-enriched
852,EBC,Eastern Bank,Financials,0.01,https://www.easternbank.com,https://en.wikipedia.org/wiki/Eastern_Bank,https://www.facebook.com/easternbank,https://www.instagram.com/easternbank,https://x.com/easternbank,,,Auto-enriched
853,S,SentinelOne,Information Technology,0.01,https://www.sentinelone.com,https://en.wikipedia.org/wiki/SentinelOne,https://www.facebook.com/SentinelOne,https://www.instagram.com/sentinelsec,https://x.com/sentinelone,https://www.youtube.com/channel/UCm-vzfQy1lNglsXRBY6Vu5w,https://www.linkedin.com/company/sentinelone,Auto-enriched
854,VNT,Vontier Corp,Information Technology,0.01,https://www.vontier.com,,,,,,,Auto-enriched
855,MGY,Magnolia Oil Gas Corp Class A,Energy,0.01,https://www.magnoliaoilgas.com,,,,,,,Auto-enriched
856,OGS,One Gas,Utilities,0.01,https://www.onegas.com,https://en.wikipedia.org/wiki/One_Gas,https://www.facebook.com/onegasincorporated,,https://x.com/onegasinc,,,Auto-enriched
857,ACI,Albertsons,Consumer Staples,0.01,https://www.albertsonscompanies.com,https://en.wikipedia.org/wiki/Albertsons,https://www.facebook.com/Albertsons,https://www.instagram.com/albertsons,https://x.com/Albertsons,https://www.youtube.com/channel/UCikQkES0ipE52xJLQxLl6FQ,,Auto-enriched
858,URBN,Urban Outfitters,Consumer Discretionary,0.01,https://www.urbn.com,https://en.wikipedia.org/wiki/Urban_Outfitters,https://www.facebook.com/urbanoutfitters,https://www.instagram.com/urbanoutfitters,https://x.com/UrbanOutfitters,https://www.youtube.com/channel/UCUXs81OOTxxTx_mGVD0NfOQ,,Auto-enriched
859,CVCO,Cavco Industries,Consumer Discretionary,0.01,https://www.cavco.com,https://en.wikipedia.org/wiki/Cavco_Industries,,,,,,Auto-enriched
860,RIG,Transocean,Energy,0.01,https://www.deepwater.com,https://en.wikipedia.org/wiki/Transocean,,,,,https://www.linkedin.com/company/transocean,Auto-enriched
861,AIR,AAR Corp.,Industrials,0.01,https://www.aarcorp.com,https://en.wikipedia.org/wiki/AAR_Corp.,https://www.facebook.com/AARCORP,,https://x.com/aarcorp,https://www.youtube.com/channel/UCMQlsJoAlvC044poZwUoiHQ,,Auto-enriched
862,WING,Wingstop,Consumer Discretionary,0.01,https://www.wingstop.com,https://en.wikipedia.org/wiki/Wingstop,https://www.facebook.com/Wingstop,https://www.instagram.com/wingstop,https://x.com/wingstop,https://www.youtube.com/channel/UCtN2qAfLM35CDQnpwjlp24Q,,Auto-enriched
863,VVV,Valvoline,Consumer Discretionary,0.01,https://www.valvoline.com,https://en.wikipedia.org/wiki/Valvoline,https://www.facebook.com/valvoline,https://www.instagram.com/valvoline,https://x.com/valvoline,,https://www.linkedin.com/company/valvoline,Auto-enriched
864,GAP,Gap Inc.,Consumer Discretionary,0.01,https://www.gapinc.com,https://en.wikipedia.org/wiki/Gap_Inc.,https://www.facebook.com/GapJapan,https://www.instagram.com/gap,https://x.com/Gap,,https://www.linkedin.com/company/gap-inc-,Auto-enriched
865,AN,AutoNation,Consumer Discretionary,0.01,https://www.autonation.com,https://en.wikipedia.org/wiki/AutoNation,https://www.facebook.com/autonation,https://www.instagram.com/autonation,https://x.com/autonation,,,Auto-enriched
866,SXT,Sensient Technologies,Materials,0.01,https://www.sensient.com,https://en.wikipedia.org/wiki/Sensient_Technologies,,https://www.instagram.com/sensient_inkjet,,https://www.youtube.com/channel/UCdAfZJjWox0Athg9t9Zbieg,,Auto-enriched
867,CBT,Cabot Corporation,Materials,0.01,https://www.cabotcorp.com,https://en.wikipedia.org/wiki/Cabot_Corporation,,,,,,Auto-enriched
868,BEPC,Brookfield Renewable Subordinate V,Utilities,0.01,https://bep.brookfield.com,,https://www.facebook.com/IFCwbg,https://www.instagram.com/ifc_org,https://x.com/ifc_org,https://www.youtube.com/channel/UC9jX4IqG7TCCkaJM0LhVKHA,https://www.linkedin.com/company/ifclinkedin,Auto-enriched
869,SLM,Sallie Mae,Financials,0.01,https://www.salliemae.com,https://en.wikipedia.org/wiki/Sallie_Mae,,,,,,Auto-enriched
870,TCBI,Texas Capital Bank,Financials,0.01,https://www.texascapitalbank.com,https://en.wikipedia.org/wiki/Texas_Capital_Bank,https://www.facebook.com/tcbmidway,,,,https://www.linkedin.com/company/texas-capital-bank,Auto-enriched
871,DBX,Dropbox,Information Technology,0.01,https://www.dropbox.com,https://en.wikipedia.org/wiki/Dropbox,https://www.facebook.com/Dropbox,,https://x.com/Dropbox,https://www.youtube.com/channel/UCCCE60hbs7krfrK6mUCzqmw,https://www.linkedin.com/company/dropbox,Auto-enriched
872,LAUR,Laureate Education,Consumer Discretionary,0.01,https://www.laureate.net,https://en.wikipedia.org/wiki/Laureate_Education,https://www.facebook.com/Laureate,,https://x.com/laureateintlu,https://www.youtube.com/channel/UCvS6-K6Ydmb4gH-kim3AmjA,,Auto-enriched
873,KNF,Knife River Corp,Materials,0.01,https://www.kniferiver.com,,,,,,,Auto-enriched
874,HCC,Warrior Met Coal Inc,Materials,0.01,https://www.warriormetcoal.com,,,,,,,Auto-enriched
875,HRI,Herc Rentals,Industrials,0.01,https://www.hercrentals.com,https://en.wikipedia.org/wiki/Herc_Rentals,https://www.facebook.com/HercRentalsInc,https://www.instagram.com/herc_rentals,https://x.com/HercRentalsInc,https://www.youtube.com/channel/UCqTU67XvUy1ENGXG6_3MVDg,https://www.linkedin.com/company/hercrentalsinc,Auto-enriched
876,IBP,Installed Building Products Inc,Consumer Discretionary,0.01,https://www.installedbuildingproducts.com,,,,,,,Auto-enriched
877,TEM,Tempus AI,Health Care,0.01,https://www.tempus.com,https://en.wikipedia.org/wiki/Tempus_AI,,,,,,Auto-enriched
878,WTM,White Mountains Insurance Group Lt,Financials,0.01,https://www.whitemountains.com,,,,,,,Auto-enriched
879,LPX,Louisiana-Pacific,Materials,0.01,https://www.lpcorp.com,https://en.wikipedia.org/wiki/Louisiana-Pacific,,,,,,Auto-enriched
880,OLLI,Ollie's Bargain Outlet,Consumer Discretionary,0.01,https://www.ollies.com,https://en.wikipedia.org/wiki/Ollie%27s_Bargain_Outlet,https://www.facebook.com/olliesbargainoutlet,https://www.instagram.com/olliesoutletfoll,https://x.com/OlliesOutlet,https://www.youtube.com/channel/UCBussk8dOUuaUe8AFUGheMA,,Auto-enriched
881,MUR,Murphy Oil,Energy,0.01,https://www.murphyoilcorp.com,https://en.wikipedia.org/wiki/Murphy_Oil,,,,,,Auto-enriched
882,NVTS,Navitas Semiconductor Corp,Information Technology,0.01,https://www.navitassemi.com,,,,,,,Auto-enriched
883,NXST,Nexstar Media Group,Communication,0.01,https://www.nexstar.tv,https://en.wikipedia.org/wiki/Nexstar_Media_Group,https://www.facebook.com/NexstarMediaGroup,https://www.instagram.com/nexstarmediagroupinc,https://x.com/NXSTMediaGroup,,https://www.linkedin.com/company/nexstar-media-group-inc,Auto-enriched
884,PCOR,Procore,Information Technology,0.01,https://www.procore.com,https://en.wikipedia.org/wiki/Procore,,,,,,Auto-enriched
885,TREX,"Trex Company, Inc.",Industrials,0.01,https://www.trex.com,"https://en.wikipedia.org/wiki/Trex_Company,_Inc.",,https://www.instagram.com/trexcompany,https://x.com/trex_company,,,Auto-enriched
886,PSMT,PriceSmart,Consumer Staples,0.01,https://www.pricesmart.com,https://en.wikipedia.org/wiki/PriceSmart,,,,,,Auto-enriched
887,RYTM,Rhythm Pharmaceuticals Inc,Health Care,0.01,https://www.rhythmtx.com,,,,,,,Auto-enriched
888,COGT,Cogent Biosciences Inc,Health Care,0.01,https://www.cogentbio.com,,,,,,,Auto-enriched
889,LTH,"Life Time, Inc.",Consumer Discretionary,0.01,https://www.lifetime.life,"https://en.wikipedia.org/wiki/Life_Time,_Inc.",https://www.facebook.com/LifeTime.Life,https://www.instagram.com/lifetime.life,https://x.com/lifetimefitness,,,Auto-enriched
890,TWST,Twist Bioscience Corp,Health Care,0.01,https://www.twistbioscience.com,,,,,,,Auto-enriched
891,AZZ,Azz Inc,Industrials,0.01,https://www.azz.com,,,,,,,Auto-enriched
892,SON,Sonoco,Materials,0.01,https://www.sonoco.com,https://en.wikipedia.org/wiki/Sonoco,https://www.facebook.com/sonoco.products,,https://x.com/sonoco_products,https://www.youtube.com/channel/UC8xq1feSR46htmO7mGmDjYQ,,Auto-enriched
893,MTRN,Materion,Materials,0.01,https://www.materion.com,https://en.wikipedia.org/wiki/Materion,https://www.facebook.com/MaterionCorp,https://www.instagram.com/materioncorp,https://x.com/MaterionCorp,https://www.youtube.com/channel/UCpqGHBYOA8CdOsSGIRwzIOA,https://www.linkedin.com/company/materion-corporation,Auto-enriched
894,RDN,Radian Group,Financials,0.01,https://www.radian.com,https://en.wikipedia.org/wiki/Radian_Group,,,,,,Auto-enriched
895,VIRT,Virtu Financial,Financials,0.01,https://www.virtu.com,https://en.wikipedia.org/wiki/Virtu_Financial,,,,,,Auto-enriched
896,PECO,Phillips Edison & Company,Real Estate,0.01,https://www.phillipsedison.com,https://en.wikipedia.org/wiki/Phillips_Edison_%26_Company,,,,,,Auto-enriched
897,POWI,"Power Integrations, Inc.",Information Technology,0.01,https://www.power.com,"https://en.wikipedia.org/wiki/Power_Integrations,_Inc.",,,,,,Auto-enriched
898,KYMR,Kymera Therapeutics Inc,Health Care,0.01,https://www.kymeratx.com,,,,,,,Auto-enriched
899,CELH,Celsius Holdings,Consumer Staples,0.01,https://www.celsiusholdingsinc.com,https://en.wikipedia.org/wiki/Celsius_Holdings,,,,,,Auto-enriched
900,BCPC,Balchem Corp,Materials,0.01,https://www.balchem.com,,,,,,,Auto-enriched
901,CRSP,CRISPR Therapeutics,Health Care,0.01,https://www.crisprtx.com,https://en.wikipedia.org/wiki/CRISPR_Therapeutics,,,https://x.com/crisprtx,,,Auto-enriched
902,SITE,Siteone Landscape Supply Inc,Industrials,0.01,https://www.siteone.com,,,,,,,Auto-enriched
903,WSC,Willscot Holdings Corp Class A,Industrials,0.01,https://www.willscot.com,,,,,,,Auto-enriched
904,UFPI,Ufp Industries Inc,Industrials,0.01,https://www.ufpi.com,,,,,,,Auto-enriched
905,CNO,Cno Financial Group Inc,Financials,0.01,https://www.cnoinc.com,,,,,,,Auto-enriched
906,NE,Noble Corporation Plc,Energy,0.01,https://www.noblecorp.com,,,,,,,Auto-enriched
907,UCTT,Ultra Clean Holdings Inc,Information Technology,0.01,https://www.uct.com,,,,,,,Auto-enriched
908,RITM,Rithm Capital Corp,Financials,0.01,https://www.rithmcap.com,,,,,,,Auto-enriched
909,SAIC,Science Applications International,Industrials,0.01,https://www.saic.com,,,,,,,Auto-enriched
910,FBIN,Fortune Brands Innovations Inc,Industrials,0.01,https://www.fbin.com,,,,,,,Auto-enriched
911,PRIM,Primoris Services Corp,Industrials,0.01,https://www.prim.com,,,,,,,Auto-enriched
912,BDC,Belden Inc,Information Technology,0.01,https://www.belden.com,,,,,,,Auto-enriched
913,HOMB,Home Bancshares Inc,Financials,0.01,https://www.homebancshares.com,,,,,,,Auto-enriched
914,SYNA,Synaptics Inc,Information Technology,0.01,https://www.synaptics.com,,,,,,,Auto-enriched
915,FTDR,Frontdoor Inc,Consumer Discretionary,0.01,https://www.frontdoorhome.com,,,,,,,Auto-enriched
916,ROAD,Construction Partners Inc Class A,Industrials,0.01,https://www.constructionpartners.net,,,,,,,Auto-enriched
917,TXNM,Txnm Energy Inc,Utilities,0.01,https://www.txnmenergy.com,,,,,,,Auto-enriched
918,Z,Zillow,Real Estate,0.01,https://www.zillowgroup.com,https://en.wikipedia.org/wiki/Zillow,,,,,,Auto-enriched
919,CECO,Ceco Environmental Corp,Industrials,0.01,https://www.cecoenviro.com,,,,,,,Auto-enriched
920,MARA,Mara Holdings Inc,Information Technology,0.01,https://www.mara.com,,,,,,,Auto-enriched
921,BOOT,Boot Barn Holdings Inc,Consumer Discretionary,0.01,https://www.bootbarn.com,,,,,,,Auto-enriched
922,SIRI,SiriusXM,Communication,0.01,https://www.siriusxm.com,https://en.wikipedia.org/wiki/SiriusXM,https://www.facebook.com/siriusxm,https://www.instagram.com/siriusxm,https://x.com/siriusxm,,,Auto-enriched
923,MSM,MSC Industrial Direct,Industrials,0.01,https://www.mscdirect.com,https://en.wikipedia.org/wiki/MSC_Industrial_Direct,https://www.facebook.com/MSCIndustrialSupply,,,,https://www.linkedin.com/company/msc-industrial-supply,Auto-enriched
924,BKH,Black Hills Corporation,Utilities,0.01,https://www.blackhillsenergy.com,https://en.wikipedia.org/wiki/Black_Hills_Corporation,https://www.facebook.com/blackhillsenergy,,,,,Auto-enriched
925,PIPR,Piper Sandler Companies,Financials,0.01,https://www.pipersandler.com,https://en.wikipedia.org/wiki/Piper_Sandler_Companies,https://www.facebook.com/piperjaffraycompanies,,https://x.com/piperjaffrayco,https://www.youtube.com/channel/UCKgzqtpsW4EK_78jKQgQrmA,,Auto-enriched
926,PRM,Perimeter Solutions Inc,Materials,0.01,https://www.perimeter-solutions.com,,,,,,,Auto-enriched
927,NJR,New Jersey Resources,Utilities,0.01,https://www.njresources.com,https://en.wikipedia.org/wiki/New_Jersey_Resources,,,,,,Auto-enriched
928,LYFT,Lyft,Industrials,0.01,https://www.lyft.com,https://en.wikipedia.org/wiki/Lyft,https://www.facebook.com/lyft,https://www.instagram.com/lyft,https://x.com/lyft,https://www.youtube.com/channel/UC_ciHdbUh6NR2yAAjb5XKfw,,Auto-enriched
929,BIO,Bio-Rad Laboratories,Health Care,0.01,https://www.bio-rad.com,https://en.wikipedia.org/wiki/Bio-Rad_Laboratories,,,https://x.com/bioradlifesci,https://www.youtube.com/channel/UCuxoeifh8VFy-SxllarGZnQ,https://www.linkedin.com/company/bio-rad,Auto-enriched
930,TPG,TPG Inc.,Financials,0.01,https://www.tpg.com,https://en.wikipedia.org/wiki/TPG_Inc.,,,https://x.com/tpg,https://www.youtube.com/channel/UCK6Tsh2Ql7ldOs8kmxTBvoQ,https://www.linkedin.com/company/tpg-capital,Auto-enriched
931,LGND,Ligand Pharmaceuticals,Health Care,0.01,https://www.ligand.com,https://en.wikipedia.org/wiki/Ligand_Pharmaceuticals,,,,,,Auto-enriched
932,DIOD,Diodes Incorporated,Information Technology,0.01,https://www.diodes.com,https://en.wikipedia.org/wiki/Diodes_Incorporated,,,,,,Auto-enriched
933,MTH,Meritage Homes Corporation,Consumer Discretionary,0.01,https://www.meritagehomes.com,https://en.wikipedia.org/wiki/Meritage_Homes_Corporation,https://www.facebook.com/meritagehomes,https://www.instagram.com/meritagehomes,https://x.com/MeritageHomes,,,Auto-enriched
934,CVLT,Commvault,Information Technology,0.01,https://www.commvault.com,https://en.wikipedia.org/wiki/Commvault,,https://www.instagram.com/commvault,https://x.com/commvault,,,Auto-enriched
935,VSNT,Versant,Communication,0.01,https://www.versantmedia.com,https://en.wikipedia.org/wiki/Versant,,,https://x.com/VersantMedia,,,Auto-enriched
936,FND,Floor & Decor,Consumer Discretionary,0.01,https://www.flooranddecor.com,https://en.wikipedia.org/wiki/Floor_%26_Decor,https://www.facebook.com/flooranddecor,https://www.instagram.com/flooranddecor,https://x.com/flooranddecor,,https://www.linkedin.com/company/flooranddecor,Auto-enriched
937,ABCB,Ameris Bancorp,Financials,0.01,https://www.amerisbank.com,https://en.wikipedia.org/wiki/Ameris_Bancorp,,,,,https://www.linkedin.com/company/amerisbank,Auto-enriched
938,MTN,Vail Resorts,Consumer Discretionary,0.01,https://www.vailresorts.com,https://en.wikipedia.org/wiki/Vail_Resorts,,,,,,Auto-enriched
939,UHALB,U-Haul,Industrials,0.01,https://www.uhaul.com,https://en.wikipedia.org/wiki/U-Haul,https://www.facebook.com/uhaul,https://www.instagram.com/gouhaul,https://x.com/uhaul,https://www.youtube.com/channel/UCv__fgVDYY-h0UbcV07TOMw,https://www.linkedin.com/company/u-haul-international-inc-,Auto-enriched
940,AS,Amer Sports,Consumer Discretionary,0.01,https://www.amersports.com,https://en.wikipedia.org/wiki/Amer_Sports,,https://www.instagram.com/amersportsgroup,,,,Auto-enriched
941,ENVA,Enova International Inc,Financials,0.01,https://www.enova.com,,,,,,,Auto-enriched
942,OZK,Bank OZK,Financials,0.01,https://www.ozk.com,https://en.wikipedia.org/wiki/Bank_OZK,https://www.facebook.com/bankozk,https://www.instagram.com/bankozk,https://x.com/BankOZK,,,Auto-enriched
943,NOVT,Novanta Inc,Information Technology,0.01,https://www.novanta.com,,,,,,,Auto-enriched
944,CE,Celanese,Materials,0.01,https://www.celanese.com,https://en.wikipedia.org/wiki/Celanese,,,https://x.com/celanese,,,Auto-enriched
945,SWX,Southwest Gas,Utilities,0.01,https://www.swgasholdings.com,https://en.wikipedia.org/wiki/Southwest_Gas,https://www.facebook.com/southwestgas,https://www.instagram.com/southwestgas,https://x.com/swgas,https://www.youtube.com/channel/UClG9cM3AUZHwAU21y421J5A,,Auto-enriched
946,UEC,Uranium Energy Corp,Energy,0.01,https://www.uraniumenergy.com,,,,,,,Auto-enriched
947,ESTC,Elastic NV,Information Technology,0.01,https://www.elastic.co,https://en.wikipedia.org/wiki/Elastic_NV,,,https://x.com/elastic,,,Auto-enriched
948,GXO,GXO Logistics,Industrials,0.01,https://www.gxo.com,https://en.wikipedia.org/wiki/GXO_Logistics,,,,,,Auto-enriched
949,VSXY,Victoria's Secret,Consumer Discretionary,0.01,https://www.victoriassecret.com,https://en.wikipedia.org/wiki/Victoria%27s_Secret,https://www.facebook.com/victoriassecret,https://www.instagram.com/victoriassecret,https://x.com/VictoriaSport,https://www.youtube.com/channel/UChWXY0e-HUhoXZZ_2GlvojQ,https://www.linkedin.com/company/victoria's-secret,Auto-enriched
950,CWST,Casella Waste Systems,Industrials,0.01,https://www.casella.com,https://en.wikipedia.org/wiki/Casella_Waste_Systems,https://www.facebook.com/CasellaWaste,,,,,Auto-enriched
951,ACMR,ACM Research,Information Technology,0.01,https://www.acmrcsh.com,https://en.wikipedia.org/wiki/ACM_Research,,,,,,Auto-enriched
952,OSCR,Oscar Health,Financials,0.01,https://www.hioscar.com,https://en.wikipedia.org/wiki/Oscar_Health,https://www.facebook.com/OscarHealth,https://www.instagram.com/oscarhealth,https://x.com/oscarhealth,https://www.youtube.com/channel/UC3coSPSZCc-Es7wFtTQ2Lxw,,Auto-enriched
953,MHK,Mohawk Industries,Consumer Discretionary,0.01,https://www.mohawkind.com,https://en.wikipedia.org/wiki/Mohawk_Industries,,,,,,Auto-enriched
954,JOBY,Joby Aviation,Industrials,0.01,https://www.jobyaviation.com,https://en.wikipedia.org/wiki/Joby_Aviation,,,https://x.com/jobyaviation,,https://www.linkedin.com/company/jobyaviation,Auto-enriched
955,OWL,Blue Owl Capital,Financials,0.01,https://www.blueowl.com,https://en.wikipedia.org/wiki/Blue_Owl_Capital,,,,,,Auto-enriched
956,KRG,Kite Realty Group Trust Reit,Real Estate,0.01,https://www.kiterealty.com,,,,,,,Auto-enriched
957,SIGI,Selective Insurance Group Inc,Financials,0.01,https://www.selective.com,,,,,,,Auto-enriched
958,POR,Portland General Electric,Utilities,0.01,https://www.portlandgeneral.com,https://en.wikipedia.org/wiki/Portland_General_Electric,https://www.facebook.com/portlandgeneralelectric,,https://x.com/portlandgeneral,,,Auto-enriched
959,EPRT,Essential Properties Realty Trust,Real Estate,0.01,https://www.essentialproperties.com,,,,,,,Auto-enriched
960,ESNT,Essent Group Ltd,Financials,0.01,https://www.essentgroup.com,,,,,,,Auto-enriched
961,STWD,Starwood Property Trust Reit Inc,Financials,0.01,https://www.starwoodpropertytrust.com,,,,,,,Auto-enriched
962,CHDN,Churchill Downs Incorporated,Consumer Discretionary,0.01,https://www.churchilldownsincorporated.com,https://en.wikipedia.org/wiki/Churchill_Downs_Incorporated,,,,,,Auto-enriched
963,GATX,GATX,Industrials,0.01,https://www.gatx.com,https://en.wikipedia.org/wiki/GATX,,,,,,Auto-enriched
964,UBSI,United Bankshares,Financials,0.01,https://www.ubsi-inc.com,https://en.wikipedia.org/wiki/United_Bankshares,https://www.facebook.com/BankWithUnited,,https://x.com/BankWithUnited,,https://www.linkedin.com/company/unitedbank,Auto-enriched
965,MSGS,Madison Square Garden Sports,Communication,0.01,https://www.msgsports.com,https://en.wikipedia.org/wiki/Madison_Square_Garden_Sports,,,,,,Auto-enriched
966,PRMB,Primo Brands,Consumer Staples,0.01,https://www.primobrands.com,https://en.wikipedia.org/wiki/Primo_Brands,https://www.facebook.com/PrimoWaterCorp,,https://x.com/PrimoWater,,,Auto-enriched
967,MSA,MSA Safety,Industrials,0.01,https://www.msasafety.com,https://en.wikipedia.org/wiki/MSA_Safety,https://www.facebook.com/MSAsafety,https://www.instagram.com/msasafety,,https://www.youtube.com/channel/UC9Ysed1jbgmkhzeORrnlxFA,https://www.linkedin.com/company/msa-the-safety-company,Auto-enriched
968,DOX,Amdocs,Information Technology,0.01,https://www.amdocs.com,https://en.wikipedia.org/wiki/Amdocs,https://www.facebook.com/Amdocs,,https://x.com/Amdocs,,,Auto-enriched
969,MATX,"Matson, Inc.",Industrials,0.01,https://www.matson.com,"https://en.wikipedia.org/wiki/Matson,_Inc.",,,,,,Auto-enriched
970,BC,Brunswick Corporation,Consumer Discretionary,0.01,https://www.brunswick.com,https://en.wikipedia.org/wiki/Brunswick_Corporation,https://www.facebook.com/BrunswickCorporate,https://www.instagram.com/brunswickcorporation,,,,Auto-enriched
971,PTCT,PTC Therapeutics,Health Care,0.01,https://www.ptcbio.com,https://en.wikipedia.org/wiki/PTC_Therapeutics,,,https://x.com/ptcbio,https://www.youtube.com/channel/UCjbokw1oggcCQLJXJzqxlnw,,Auto-enriched
972,VSEC,Vse Corp,Industrials,0.01,https://www.vsecorp.com,,,,,,,Auto-enriched
973,TFX,Teleflex,Health Care,0.01,https://www.teleflex.com,https://en.wikipedia.org/wiki/Teleflex,,,,,,Auto-enriched
974,GNTX,Gentex Corp,Consumer Discretionary,0.01,https://www.gentex.com,,,,,,,Auto-enriched
975,MTDR,Matador Resources,Energy,0.01,https://www.matadorresources.com,,,,,,,Auto-enriched
976,AUB,Atlantic Union Bank,Financials,0.01,https://www.atlanticunionbank.com,https://en.wikipedia.org/wiki/Atlantic_Union_Bank,https://www.facebook.com/AtlanticUnionBank,,https://x.com/atlantic_union,,,Auto-enriched
977,GVA,Granite Construction,Industrials,0.01,https://www.graniteconstruction.com,https://en.wikipedia.org/wiki/Granite_Construction,https://www.facebook.com/graniteconstruction,https://www.instagram.com/graniteconstruction,https://x.com/granite,https://www.youtube.com/channel/UCaOLAGxGPCU3JesIGZpsnDw,,Auto-enriched
978,MTG,MGIC Investment Corporation,Financials,0.01,https://www.mgic.com,https://en.wikipedia.org/wiki/MGIC_Investment_Corporation,,,,,,Auto-enriched
979,GTX,Garrett Motion,Consumer Discretionary,0.01,https://www.garrettmotion.com,https://en.wikipedia.org/wiki/Garrett_Motion,,,,,,Auto-enriched
980,ALK,Alaska Air Group,Industrials,0.01,https://www.alaskaair.com,https://en.wikipedia.org/wiki/Alaska_Air_Group,,,,,,Auto-enriched
981,ESAB,ESAB,Industrials,0.01,https://www.esab.com,https://en.wikipedia.org/wiki/ESAB,,,,,,Auto-enriched
982,VFC,VF Corporation,Consumer Discretionary,0.01,https://www.vfc.com,https://en.wikipedia.org/wiki/VF_Corporation,,https://www.instagram.com/kiplingbr,https://x.com/vfcorp,,,Auto-enriched
983,BRKR,Bruker,Health Care,0.01,https://www.bruker.com,https://en.wikipedia.org/wiki/Bruker,https://www.facebook.com/bruker.corp,https://www.instagram.com/brukercorp,https://x.com/bruker,https://www.youtube.com/channel/UCRExIYvszBLlR-ejB3f5rZg,,Auto-enriched
984,LNC,Lincoln National Corporation,Financials,0.01,https://www.lincolnfinancial.com,https://en.wikipedia.org/wiki/Lincoln_National_Corporation,https://www.facebook.com/lincolnfinancialgroup,https://www.instagram.com/lincolnfingroup,https://x.com/lincolnfingroup,,,Auto-enriched
985,XP,XP Inc.,Financials,0.01,https://www.xpinc.com,https://en.wikipedia.org/wiki/XP_Inc.,,https://www.instagram.com/xp.inc,,https://www.youtube.com/channel/UCdij__kBjspzlgik09SFlIQ,https://www.linkedin.com/company/xp-inc,Auto-enriched
986,CAG,Conagra Brands,Consumer Staples,0.01,https://www.conagrabrands.com,https://en.wikipedia.org/wiki/Conagra_Brands,https://www.facebook.com/ConagraBrands,,https://x.com/conagrabrands,https://www.youtube.com/channel/UC-UX8kumUNZ4VezC2yDWc7A,,Auto-enriched
987,HWC,Hancock Whitney,Financials,0.01,https://www.hancockwhitney.com,https://en.wikipedia.org/wiki/Hancock_Whitney,https://www.facebook.com/HancockWhitney,,https://x.com/HancockWhitney,,,Auto-enriched
988,ACLS,Axcelis Technologies,Information Technology,0.01,https://www.axcelis.com,https://en.wikipedia.org/wiki/Axcelis_Technologies,,,,,,Auto-enriched
989,SSRM,SSR Mining,Materials,0.01,https://www.ssrmining.com,https://en.wikipedia.org/wiki/SSR_Mining,,,,,,Auto-enriched
990,NUVL,Nuvalent Inc Class A,Health Care,0.01,https://www.nuvalent.com,,,,,,,Auto-enriched
991,TRNO,Terreno Realty Reit Corp,Real Estate,0.01,https://www.terreno.com,,,,,,,Auto-enriched
992,KLIC,Kulicke And Soffa Industries Inc,Information Technology,0.01,https://www.kns.com,,,,,,,Auto-enriched
993,FNB,FNB Corporation,Financials,0.01,https://www.fnb-online.com,https://en.wikipedia.org/wiki/FNB_Corporation,,,,,,Auto-enriched
994,AVAV,AeroVironment,Industrials,0.01,https://www.avinc.com,https://en.wikipedia.org/wiki/AeroVironment,,,,,,Auto-enriched
995,SARO,StandardAero,Industrials,0.01,https://www.standardaero.com,https://en.wikipedia.org/wiki/StandardAero,,,,,,Auto-enriched
996,MAC,Macerich,Real Estate,0.01,https://www.macerich.com,https://en.wikipedia.org/wiki/Macerich,https://www.facebook.com/MacerichCo,,,,,Auto-enriched
997,MRCY,Mercury Systems Inc,Industrials,0.01,https://www.mrcy.com,,,,,,,Auto-enriched
998,CZR,Caesars Entertainment,Consumer Discretionary,0.01,https://www.caesars.com,https://en.wikipedia.org/wiki/Caesars_Entertainment,,,,,,Auto-enriched
999,KGS,Kodiak Gas Services Inc,Energy,0.01,https://www.kodiakgas.com,,,,,,,Auto-enriched
1000,RYN,Rayonier,Real Estate,0.01,https://www.rayonier.com,https://en.wikipedia.org/wiki/Rayonier,,,,,,Auto-enriched
1001,GBCI,Glacier Bancorp,Financials,0.01,https://www.glacierbancorp.com,https://en.wikipedia.org/wiki/Glacier_Bancorp,,,,,,Auto-enriched
1002,WH,Wyndham Hotels & Resorts,Consumer Discretionary,0.01,https://www.wyndhamhotels.com,https://en.wikipedia.org/wiki/Wyndham_Hotels_%26_Resorts,https://www.facebook.com/wyndhamhotels,https://www.instagram.com/wyndhamhotels,https://x.com/WyndhamHotels,,https://www.linkedin.com/company/wyndhamhotels,Auto-enriched
1003,LW,Lamb Weston,Consumer Staples,0.01,https://www.lambweston.com,https://en.wikipedia.org/wiki/Lamb_Weston,,https://www.instagram.com/lambweston4chefs,,,,Auto-enriched
1004,PAYC,Paycom,Industrials,0.01,https://www.paycom.com,https://en.wikipedia.org/wiki/Paycom,https://www.facebook.com/Paycom,https://www.instagram.com/paycomsoftware,https://x.com/Paycom,,https://www.linkedin.com/company/paycom,Auto-enriched
1005,ACA,Arcosa Inc,Industrials,0.01,https://www.arcosa.com,,,,,,,Auto-enriched
1006,AROC,Archrock Inc,Energy,0.01,https://www.archrock.com,,,,,,,Auto-enriched
1007,HR,Healthcare Realty Trust Inc Class,Real Estate,0.01,https://www.healthcarerealty.com,,,,,,,Auto-enriched
1008,COMP,"Compass, Inc.",Real Estate,0.01,https://www.compass.com,"https://en.wikipedia.org/wiki/Compass,_Inc.",https://www.facebook.com/compass,https://www.instagram.com/compass,https://x.com/Compass,,,Auto-enriched
1009,SYRE,Spyre Therapeutics Inc,Health Care,0.01,https://www.spyre.com,,,,,,,Auto-enriched
1010,PCVX,Vaxcyte Inc,Health Care,0.01,https://www.vaxcyte.com,,,,,,,Auto-enriched
1011,CHE,Chemed Corp,Health Care,0.01,https://www.chemed.com,,,,,,,Auto-enriched
1012,AVTR,Avantor,Health Care,0.01,https://www.avantorsciences.com,https://en.wikipedia.org/wiki/Avantor,,,,,,Auto-enriched
1013,KNSL,Kinsale Capital Group Inc,Financials,0.01,https://www.kinsalecapitalgroup.com,,,,,,,Auto-enriched
1014,PTGX,Protagonist Therapeutics Inc,Health Care,0.01,https://www.protagonist-inc.com,,,,,,,Auto-enriched
1015,M,"Macy's, Inc.",Consumer Discretionary,0.01,https://www.macysinc.com,"https://en.wikipedia.org/wiki/Macy%27s,_Inc.",,,,,,Auto-enriched
1016,WFRD,Weatherford International,Energy,0.01,https://www.weatherford.com,https://en.wikipedia.org/wiki/Weatherford_International,https://www.facebook.com/WeatherfordCorp,https://www.instagram.com/weatherfordcorp,https://x.com/weatherfordcorp,https://www.youtube.com/channel/UCSs7W_CeRA5E7QE0Jmerb5w,,Auto-enriched
1017,GTES,Gates Corporation,Industrials,0.01,https://www.gates.com,https://en.wikipedia.org/wiki/Gates_Corporation,,,,,,Auto-enriched
1018,PB,Prosperity Bancshares,Financials,0.01,https://www.prosperitybankusa.com,https://en.wikipedia.org/wiki/Prosperity_Bancshares,https://www.facebook.com/ProsperityBankUSA,,,,,Auto-enriched
1019,INGR,Ingredion,Consumer Staples,0.01,https://www.ingredion.com,https://en.wikipedia.org/wiki/Ingredion,,,,,,Auto-enriched
1020,POOL,Pool Corporation,Consumer Discretionary,0.01,https://www.poolcorp.com,https://en.wikipedia.org/wiki/Pool_Corporation,,,,,,Auto-enriched
1021,VLY,Valley Bank,Financials,0.01,https://www.valley.com,https://en.wikipedia.org/wiki/Valley_Bank,https://www.facebook.com/ValleyBank,,,,,Auto-enriched
1022,ETSY,Etsy,Consumer Discretionary,0.01,https://www.etsy.com,https://en.wikipedia.org/wiki/Etsy,https://www.facebook.com/Etsy,https://www.instagram.com/etsy,https://x.com/etsy,,,Auto-enriched
1023,CLF,Cleveland-Cliffs,Materials,0.01,https://www.clevelandcliffs.com,https://en.wikipedia.org/wiki/Cleveland-Cliffs,,,,,,Auto-enriched
1024,JBTM,JBT Marel,Industrials,0.01,https://www.jbtmarel.com,https://en.wikipedia.org/wiki/JBT_Marel,,,,,,Auto-enriched
1025,TAP,Molson Coors,Consumer Staples,0.01,https://www.molsoncoors.com,https://en.wikipedia.org/wiki/Molson_Coors,https://www.facebook.com/molsoncoors,https://www.instagram.com/molsoncoors,https://x.com/molsoncoors,,,Auto-enriched
1026,LKQ,LKQ Corporation,Consumer Discretionary,0.01,https://www.lkqcorp.com,https://en.wikipedia.org/wiki/LKQ_Corporation,https://www.facebook.com/lkqcorp,https://www.instagram.com/lkqcorp,https://x.com/lkqcorp,,https://www.linkedin.com/company/lkq-corporation,Auto-enriched
1027,RGTI,Rigetti Computing,Information Technology,0.01,https://www.rigetti.com,https://en.wikipedia.org/wiki/Rigetti_Computing,,,,,,Auto-enriched
1028,JHG,Janus Henderson,Financials,0.01,https://www.janushenderson.com,https://en.wikipedia.org/wiki/Janus_Henderson,,,,,,Auto-enriched
1029,CWAN,Clearwater Analytics,Information Technology,0.01,https://www.clearwateranalytics.com,https://en.wikipedia.org/wiki/Clearwater_Analytics,https://www.facebook.com/aboutclearwateranalytics,https://www.instagram.com/clearwateranalytics,https://x.com/cwanalytics,,,Auto-enriched
1030,IESC,Integrated Electrical Services,Industrials,0.01,https://www.ies-co.com,https://en.wikipedia.org/wiki/Integrated_Electrical_Services,,,,,,Auto-enriched
1031,VNO,Vornado Realty Trust,Real Estate,0.01,https://www.vno.com,https://en.wikipedia.org/wiki/Vornado_Realty_Trust,,,,,,Auto-enriched
1032,ENPH,Enphase Energy,Information Technology,0.01,https://www.enphase.com,https://en.wikipedia.org/wiki/Enphase_Energy,,,https://x.com/enphase,,,Auto-enriched
1033,MYRG,MYR Group Inc.,Industrials,0.01,https://www.myrgroup.com,https://en.wikipedia.org/wiki/MYR_Group_Inc.,,,,,,Auto-enriched
1034,OMF,OneMain Financial,Financials,0.01,https://www.onemainfinancial.com,https://en.wikipedia.org/wiki/OneMain_Financial,https://www.facebook.com/Onemain,https://www.instagram.com/onemain,https://x.com/onemain,,,Auto-enriched
1035,FOX,Fox Corporation,Communication,0.01,https://www.foxcorporation.com,https://en.wikipedia.org/wiki/Fox_Corporation,,,,,https://www.linkedin.com/company/fox-corporation,Auto-enriched
1036,THG,Hanover Insurance,Financials,0.01,https://www.hanover.com,https://en.wikipedia.org/wiki/Hanover_Insurance,https://www.facebook.com/hanoverinsurance,,https://x.com/the_hanover,,,Auto-enriched
1037,NFG,National Fuel Gas,Utilities,0.01,https://www.nationalfuelgas.com,https://en.wikipedia.org/wiki/National_Fuel_Gas,https://www.facebook.com/NationalFuel,,,,,Auto-enriched
1038,AGCO,AGCO,Industrials,0.01,https://www.agcocorp.com,https://en.wikipedia.org/wiki/AGCO,,,,,,Auto-enriched
1039,CROX,Crocs,Consumer Discretionary,0.01,https://www.crocs.com,https://en.wikipedia.org/wiki/Crocs,https://www.facebook.com/Crocs,https://www.instagram.com/crocs,https://x.com/crocs,,https://www.linkedin.com/company/crocs-inc,Auto-enriched
1040,AOS,A. O. Smith,Industrials,0.01,https://www.aosmith.com,https://en.wikipedia.org/wiki/A._O._Smith,,,https://x.com/aosmithhotwater,,,Auto-enriched
1041,SLAB,Silicon Labs,Information Technology,0.01,https://www.silabs.com,https://en.wikipedia.org/wiki/Silicon_Labs,,https://www.instagram.com/siliconlabs,https://x.com/siliconlabs,,,Auto-enriched
1042,PRAX,Praxis Precision Medicines Inc,Health Care,0.01,https://www.praxismedicines.com,,,,,,,Auto-enriched
1043,JXN,Jackson Financial Inc Class A,Financials,0.01,https://www.jackson.com,,,,,,,Auto-enriched
1044,MOS,The Mosaic Company,Materials,0.01,https://www.mosaicco.com,https://en.wikipedia.org/wiki/The_Mosaic_Company,,,,,,Auto-enriched
1045,UGI,UGI Corporation,Utilities,0.01,https://www.ugicorp.com,https://en.wikipedia.org/wiki/UGI_Corporation,,,,,,Auto-enriched
1046,SM,SM Energy,Energy,0.01,https://www.sm-energy.com,https://en.wikipedia.org/wiki/SM_Energy,,,,,,Auto-enriched
1047,HRL,Hormel,Consumer Staples,0.01,https://www.hormelfoods.com,https://en.wikipedia.org/wiki/Hormel,,,,,,Auto-enriched
1048,CHRD,Chord Energy,Energy,0.01,https://www.chordenergy.com,https://en.wikipedia.org/wiki/Chord_Energy,,,,,,Auto-enriched
1049,FAF,First American Corporation,Financials,0.01,https://www.firstam.com,https://en.wikipedia.org/wiki/First_American_Corporation,,,,,,Auto-enriched
1050,STAG,Stag Industrial,Real Estate,0.01,https://www.stagindustrial.com,https://en.wikipedia.org/wiki/Stag_Industrial,,,,,,Auto-enriched
1051,LAD,Lithia Motors,Consumer Discretionary,0.01,https://www.lithiamotors.com,https://en.wikipedia.org/wiki/Lithia_Motors,,,,,,Auto-enriched
1052,RHP,Ryman Hospitality Properties,Real Estate,0.01,https://www.rymanhp.com,https://en.wikipedia.org/wiki/Ryman_Hospitality_Properties,,,,,,Auto-enriched
1053,GKOS,Glaukos Corporation,Health Care,0.01,https://www.glaukos.com,https://en.wikipedia.org/wiki/Glaukos_Corporation,,,,,,Auto-enriched
1054,RGEN,Repligen,Health Care,0.01,https://www.repligen.com,https://en.wikipedia.org/wiki/Repligen,,,,,,Auto-enriched
1055,AM,Antero Midstream,Energy,0.01,https://www.anteromidstream.com,https://en.wikipedia.org/wiki/Antero_Midstream,,,,,,Auto-enriched
1056,MXL,MaxLinear,Information Technology,0.01,https://www.maxlinear.com,https://en.wikipedia.org/wiki/MaxLinear,,,,,,Auto-enriched
1057,TMHC,Taylor Morrison,Consumer Discretionary,0.01,https://www.taylormorrison.com,https://en.wikipedia.org/wiki/Taylor_Morrison,,,,,,Auto-enriched
1058,CBSH,Commerce Bancshares,Financials,0.01,https://www.commercebank.com,https://en.wikipedia.org/wiki/Commerce_Bancshares,,,,,,Auto-enriched
1059,LSTR,Landstar System,Industrials,0.01,https://www.landstar.com,https://en.wikipedia.org/wiki/Landstar_System,,,,,,Auto-enriched
1060,AWI,Armstrong World Industries,Industrials,0.01,https://www.armstrongceilings.com,https://en.wikipedia.org/wiki/Armstrong_World_Industries,,,,,,Auto-enriched
1061,ALKS,Alkermes (company),Health Care,0.01,https://www.alkermes.com,https://en.wikipedia.org/wiki/Alkermes_(company),,,,,,Auto-enriched
1062,EAT,Brinker International,Consumer Discretionary,0.01,https://www.brinker.com,https://en.wikipedia.org/wiki/Brinker_International,,,,,,Auto-enriched
1063,OKLO,Oklo (company),Utilities,0.01,https://www.oklo.com,https://en.wikipedia.org/wiki/Oklo_(company),,,,,,Auto-enriched
1064,AVT,Avnet,Information Technology,0.01,https://www.avnet.com,https://en.wikipedia.org/wiki/Avnet,,,,,,Auto-enriched
1065,NOV,NOV Inc.,Energy,0.01,https://www.nov.com,https://en.wikipedia.org/wiki/NOV_Inc.,,,,,,Auto-enriched
1066,HIMS,Hims & Hers Health,Health Care,0.01,https://www.hims.com,https://en.wikipedia.org/wiki/Hims_%26_Hers_Health,,,,,,Auto-enriched
1067,HQY,HealthEquity,Health Care,0.01,https://www.healthequity.com,https://en.wikipedia.org/wiki/HealthEquity,,,,,,Auto-enriched
1068,LNTH,Lantheus,Health Care,0.01,https://www.lantheus.com,https://en.wikipedia.org/wiki/Lantheus,,,,,,Auto-enriched
1069,ZWS,Zurn Elkay Water Solutions,Industrials,0.01,https://www.zurnelkay.com,https://en.wikipedia.org/wiki/Zurn_Elkay_Water_Solutions,,,,,,Auto-enriched
1070,TTEK,Tetra Tech,Industrials,0.01,https://www.tetratech.com,https://en.wikipedia.org/wiki/Tetra_Tech,,,,,,Auto-enriched
1071,ALGM,Allegro MicroSystems,Information Technology,0.01,https://www.allegromicro.com,https://en.wikipedia.org/wiki/Allegro_MicroSystems,,,,,,Auto-enriched
1072,PL,Planet Labs,Industrials,0.01,https://www.planet.com,https://en.wikipedia.org/wiki/Planet_Labs,,,,,,Auto-enriched
1073,EXP,Eagle Materials,Materials,0.01,https://www.eaglematerials.com,https://en.wikipedia.org/wiki/Eagle_Materials,,,,,,Auto-enriched
1074,UHS,Universal Health Services Inc Clas,Health Care,0.01,https://www.uhs.com,,,,,,,Auto-enriched
1075,QGEN,Qiagen,Health Care,0.01,https://www.qiagen.com,https://en.wikipedia.org/wiki/Qiagen,https://www.facebook.com/QIAGEN,https://www.instagram.com/qiagen,https://x.com/QIAGEN,https://www.youtube.com/channel/UCPXwu_KIrSKWMilWgiQuVaw,https://www.linkedin.com/company/qiagen,Auto-enriched
1076,LEA,Lear Corporation,Consumer Discretionary,0.01,https://www.lear.com,https://en.wikipedia.org/wiki/Lear_Corporation,,https://www.instagram.com/learcorp,https://x.com/learcorporation,https://www.youtube.com/channel/UCKgRMEqryl1ojLnu37LqtHA,,Auto-enriched
1077,CORT,Corcept Therapeutics,Health Care,0.01,https://www.corcept.com,https://en.wikipedia.org/wiki/Corcept_Therapeutics,,,https://x.com/corcept,,,Auto-enriched
1078,VSAT,Viasat (American company),Information Technology,0.01,https://www.viasat.com,https://en.wikipedia.org/wiki/Viasat_(American_company),https://www.facebook.com/Viasat,https://www.instagram.com/viasatinc,https://x.com/viasatinternet,,,Auto-enriched
1079,AUR,Aurora Innovation,Information Technology,0.01,https://www.aurora.tech,https://en.wikipedia.org/wiki/Aurora_Innovation,,https://www.instagram.com/auroradriver,https://x.com/aurora_inno,,https://www.linkedin.com/company/aurora-inc.,Auto-enriched
1080,FSS,Federal Signal Corporation,Industrials,0.01,https://www.federalsignal.com,https://en.wikipedia.org/wiki/Federal_Signal_Corporation,,,,,,Auto-enriched
1081,TEX,Terex,Industrials,0.01,https://www.terex.com,https://en.wikipedia.org/wiki/Terex,https://www.facebook.com/TerexCorporation,,https://x.com/terexcorp,,,Auto-enriched
1082,VICR,Vicor Corporation,Industrials,0.01,https://www.vicorpower.com,https://en.wikipedia.org/wiki/Vicor_Corporation,,,https://x.com/vicorpower,https://www.youtube.com/channel/UCzVCA2sdZxxHOgbTs2FPQbw,,Auto-enriched
1083,IDCC,InterDigital,Information Technology,0.01,https://www.interdigital.com,https://en.wikipedia.org/wiki/InterDigital,,,,,,Auto-enriched
1084,HLI,Houlihan Lokey,Financials,0.01,https://www.hl.com,https://en.wikipedia.org/wiki/Houlihan_Lokey,,,,,https://www.linkedin.com/company/houlihan-lokey,Auto-enriched
1085,ORA,Ormat Technologies,Utilities,0.01,https://www.ormat.com,https://en.wikipedia.org/wiki/Ormat_Technologies,,,,,,Auto-enriched
1086,HXL,Hexcel,Industrials,0.01,https://www.hexcel.com,https://en.wikipedia.org/wiki/Hexcel,,,,,,Auto-enriched
1087,ECG,Everus Construction Group Inc,Industrials,0.01,https://www.everusconstruction.com,,,,,,,Auto-enriched
1088,ST,Sensata Technologies Holding Plc,Industrials,0.01,https://www.sensata.com,,,,,,,Auto-enriched
1089,CART,Instacart,Consumer Staples,0.01,https://www.instacart.com,https://en.wikipedia.org/wiki/Instacart,https://www.facebook.com/Instacart,https://www.instagram.com/instacart,https://x.com/Instacart,,https://www.linkedin.com/company/instacart,Auto-enriched
1090,RAL,Ralliant Corp,Information Technology,0.01,https://www.ralliant.com,,,,,,,Auto-enriched
1091,IDA,Idacorp,Utilities,0.01,https://www.idacorpinc.com,https://en.wikipedia.org/wiki/Idacorp,,,,,,Auto-enriched
1092,TGTX,Tg Therapeutics Inc,Health Care,0.01,https://www.tgtherapeutics.com,,,,,,,Auto-enriched
1093,FR,First Industrial Realty Trust Inc,Real Estate,0.01,https://www.firstindustrial.com,,,,,,,Auto-enriched
1094,CORZ,Core Scientific,Information Technology,0.01,https://www.corescientific.com,https://en.wikipedia.org/wiki/Core_Scientific,,,,,,Auto-enriched
1095,SFM,Sprouts Farmers Market,Consumer Staples,0.01,https://www.sprouts.com,https://en.wikipedia.org/wiki/Sprouts_Farmers_Market,https://www.facebook.com/SproutsFarmersMarket,https://www.instagram.com/sprouts,https://x.com/sproutsfm,https://www.youtube.com/channel/UCu3MYbrTUFGrz92Xb18CDOw,,Auto-enriched
1096,DVA,DaVita,Health Care,0.01,https://www.davita.com,https://en.wikipedia.org/wiki/DaVita,https://www.facebook.com/davitakidneycare,https://www.instagram.com/davita,https://x.com/DaVita,,,Auto-enriched
1097,AXS,AXIS Capital,Financials,0.01,https://www.axiscapital.com,https://en.wikipedia.org/wiki/AXIS_Capital,,,https://x.com/axis_capital,,https://www.linkedin.com/company/axis-capital,Auto-enriched
1098,AXTA,Axalta,Materials,0.01,https://www.axalta.com,https://en.wikipedia.org/wiki/Axalta,https://www.facebook.com/AxaltapowdercoatingsEMEA,,https://x.com/axalta,,,Auto-enriched
1099,VSH,Vishay Intertechnology,Information Technology,0.01,https://www.vishay.com,https://en.wikipedia.org/wiki/Vishay_Intertechnology,https://www.facebook.com/VishayIntertechnology,,https://x.com/vishayindust,https://www.youtube.com/channel/UCE6Jf_nlhptGtRfPYX5HUIw,,Auto-enriched
1100,REXR,Rexford Industrial Realty Reit Inc,Real Estate,0.01,https://www.rexfordindustrial.com,,,,,,,Auto-enriched
1101,ATR,AptarGroup,Materials,0.01,https://www.aptar.com,https://en.wikipedia.org/wiki/AptarGroup,,,,,,Auto-enriched
1102,KEX,Kirby Corporation,Industrials,0.01,https://www.kirbycorp.com,https://en.wikipedia.org/wiki/Kirby_Corporation,,,,,,Auto-enriched
1103,LUMN,Lumen Technologies,Communication,0.01,https://www.lumen.com,https://en.wikipedia.org/wiki/Lumen_Technologies,https://www.facebook.com/LumenTechnologies,https://www.instagram.com/lumentechnologies,https://x.com/lumentechco,,,Auto-enriched
1104,MIDD,Middleby,Industrials,0.01,https://www.middleby.com,https://en.wikipedia.org/wiki/Middleby,,,,,,Auto-enriched
1105,NNN,NNN Reit,Real Estate,0.01,https://www.nnnreit.com,https://en.wikipedia.org/wiki/NNN_Reit,,,,,,Auto-enriched
1106,MANH,Manhattan Associates,Information Technology,0.01,https://www.manh.com,https://en.wikipedia.org/wiki/Manhattan_Associates,,,,,,Auto-enriched
1107,CRBG,Corebridge Financial,Financials,0.01,https://www.corebridgefinancial.com,https://en.wikipedia.org/wiki/Corebridge_Financial,,,,,,Auto-enriched
1108,VNOM,Viper Energy Inc Class A,Energy,0.01,https://www.viperenergy.com,,,,,,,Auto-enriched
1109,ADC,Agree Realty,Real Estate,0.01,https://www.agreerealty.com,https://en.wikipedia.org/wiki/Agree_Realty,,,,,,Auto-enriched
1110,BAH,Booz Allen Hamilton,Industrials,0.01,https://www.boozallen.com,https://en.wikipedia.org/wiki/Booz_Allen_Hamilton,https://www.facebook.com/boozallen,https://www.instagram.com/boozallen,https://x.com/BoozAllen,,,Auto-enriched
1111,WYNN,Wynn Resorts,Consumer Discretionary,0.01,https://www.wynnresorts.com,https://en.wikipedia.org/wiki/Wynn_Resorts,,,,,,Auto-enriched
1112,HALO,Halozyme,Health Care,0.01,https://www.halozyme.com,https://en.wikipedia.org/wiki/Halozyme,,,https://x.com/halozymeinc,https://www.youtube.com/channel/UCOWuq_OoO5Rx8iGdhyHEqvA,,Auto-enriched
1113,WAL,Western Alliance,Financials,0.01,https://www.westernalliancebancorporation.com,,,,,,,Auto-enriched
1114,PLXS,Plexus Corp,Information Technology,0.01,https://www.plexus.com,,,,,,,Auto-enriched
1115,MTCH,Match Group,Communication,0.01,https://www.mtch.com,https://en.wikipedia.org/wiki/Match_Group,,,,,,Auto-enriched
1116,AHR,American Healthcare Reit Inc,Real Estate,0.01,https://www.americanhealthcarereit.com,,,,,,,Auto-enriched
1117,QRVO,Qorvo,Information Technology,0.01,https://www.qorvo.com,https://en.wikipedia.org/wiki/Qorvo,https://www.facebook.com/Qorvo,,https://x.com/QorvoInc,https://www.youtube.com/channel/UCArqF8UVKDuSKUVLR9XlwWQ,,Auto-enriched
1118,POWL,Powell Industries,Industrials,0.01,https://www.powellind.com,https://en.wikipedia.org/wiki/Powell_Industries,https://www.facebook.com/powellind,,,https://www.youtube.com/channel/UCW8Ixi4ThdRAmV4YKjIMUag,,Auto-enriched
1119,CTRE,Caretrust Reit Inc,Real Estate,0.01,https://www.caretrustreit.com,,,,,,,Auto-enriched
1120,TTD,The Trade Desk,Communication,0.01,https://www.thetradedesk.com,https://en.wikipedia.org/wiki/The_Trade_Desk,https://www.facebook.com/TheTradeDesk,https://www.instagram.com/thetradedesk,https://x.com/TheTradeDesk,https://www.youtube.com/channel/UCepu1fEfXlB39NF13-yiqew,https://www.linkedin.com/company/the-trade-desk,Auto-enriched
1121,KMX,CarMax,Consumer Discretionary,0.01,https://www.carmax.com,https://en.wikipedia.org/wiki/CarMax,https://www.facebook.com/CarMax,https://www.instagram.com/carmax,https://x.com/carmax,,,Auto-enriched
1122,ENSG,The Ensign Group,Health Care,0.01,https://www.ensigngroup.net,https://en.wikipedia.org/wiki/The_Ensign_Group,,,,,,Auto-enriched
1123,CMC,Commercial Metals Company,Materials,0.01,https://www.cmc.com,https://en.wikipedia.org/wiki/Commercial_Metals_Company,,,,,,Auto-enriched
1124,NPO,Enpro,Industrials,0.01,https://www.enpro.com,https://en.wikipedia.org/wiki/Enpro,,,,,,Auto-enriched
1125,ONON,On (company),Consumer Discretionary,0.01,https://www.on.com,https://en.wikipedia.org/wiki/On_(company),,,,,,Auto-enriched
1126,FDS,FactSet,Financials,0.01,https://www.factset.com,https://en.wikipedia.org/wiki/FactSet,https://www.facebook.com/FactSet,,https://x.com/factset,,,Auto-enriched
1127,BROS,Dutch Bros Coffee,Consumer Discretionary,0.01,https://www.dutchbros.com,https://en.wikipedia.org/wiki/Dutch_Bros_Coffee,https://www.facebook.com/dutchbros,https://www.instagram.com/dutchbroscoffee,https://x.com/DutchBros,https://www.youtube.com/channel/UCzTL4-zseqoFT-TNHjMDoCg,https://www.linkedin.com/company/dutchbroscoffee,Auto-enriched
1128,DAR,Darling Ingredients,Consumer Staples,0.01,https://www.darlingii.com,https://en.wikipedia.org/wiki/Darling_Ingredients,,,,,,Auto-enriched
1129,ESE,Esco Technologies Inc,Industrials,0.01,https://www.escotechnologies.com,,,,,,,Auto-enriched
1130,BTSG,Brightspring Health Services Inc,Health Care,0.01,https://www.brightspringhealth.com,,,,,,,Auto-enriched
1131,RRC,Range Resources,Energy,0.01,https://www.rangeresources.com,https://en.wikipedia.org/wiki/Range_Resources,https://www.facebook.com/RangeResourcesCorporation,,,,,Auto-enriched
1132,ENS,EnerSys,Industrials,0.01,https://www.enersys.com,https://en.wikipedia.org/wiki/EnerSys,,,,,,Auto-enriched
1133,MP,MP Materials,Materials,0.01,https://www.mpmaterials.com,https://en.wikipedia.org/wiki/MP_Materials,,https://www.instagram.com/mpmaterials,https://x.com/mpmaterials,,,Auto-enriched
1134,W,Wayfair,Consumer Discretionary,0.01,https://www.wayfair.com,https://en.wikipedia.org/wiki/Wayfair,https://www.facebook.com/wayfair,https://www.instagram.com/wayfair,https://x.com/Wayfair,https://www.youtube.com/channel/UCygNJ1TutAAtYlmu0gUMLBA,,Auto-enriched
1135,SSD,Simpson Manufacturing Company,Industrials,0.01,https://www.simpsonmfg.com,https://en.wikipedia.org/wiki/Simpson_Manufacturing_Company,,,,,,Auto-enriched
1136,ARE,Alexandria Real Estate Equities Re,Real Estate,0.01,https://www.are.com,,,,,,,Auto-enriched
1137,TIGO,Millicom,Communication,0.01,https://www.millicom.com,https://en.wikipedia.org/wiki/Millicom,https://www.facebook.com/millicom,,https://x.com/millicom,,,Auto-enriched
1138,KRYS,Krystal Biotech Inc,Health Care,0.01,https://www.krystalbio.com,,,,,,,Auto-enriched
1139,EMN,Eastman Chemical Company,Materials,0.01,https://www.eastman.com,https://en.wikipedia.org/wiki/Eastman_Chemical_Company,https://www.facebook.com/EastmanChemicalCo,https://www.instagram.com/eastmanglobal,https://x.com/EastmanChemCo,https://www.youtube.com/channel/UCuIFW5miIr0y_-SKk3ex5yQ,,Auto-enriched
1140,ONB,Old National Bank,Financials,0.01,https://www.oldnational.com,https://en.wikipedia.org/wiki/Old_National_Bank,https://www.facebook.com/OldNationalBancorp,,https://x.com/old_national,https://www.youtube.com/channel/UCIbqimvU6ZsCVWzZIRd_8Qw,,Auto-enriched
1141,MDGL,Madrigal Pharmaceuticals Inc,Health Care,0.01,https://www.madrigalpharma.com,,,,,,,Auto-enriched
1142,CRUS,Cirrus Logic,Information Technology,0.01,https://www.cirrus.com,https://en.wikipedia.org/wiki/Cirrus_Logic,,,,,,Auto-enriched
1143,H,Hyatt,Consumer Discretionary,0.01,https://www.hyatt.com,https://en.wikipedia.org/wiki/Hyatt,https://www.facebook.com/hyatt,https://www.instagram.com/hyatt,https://x.com/Hyatt,,https://www.linkedin.com/company/hyatt,Auto-enriched
1144,CFR,Frost Bank,Financials,0.01,https://www.frostbank.com,https://en.wikipedia.org/wiki/Frost_Bank,https://www.facebook.com/FrostBank,https://www.instagram.com/frostbank,https://x.com/FrostBank,https://www.youtube.com/channel/UC-NK-1dXvmXkjiBrmlUQ48w,,Auto-enriched
1145,NCLH,Norwegian Cruise Line Holdings,Consumer Discretionary,0.01,https://www.nclhltd.com,https://en.wikipedia.org/wiki/Norwegian_Cruise_Line_Holdings,,,,,https://www.linkedin.com/company/norwegian-cruise-line,Auto-enriched
1146,VOYA,Voya Financial,Financials,0.01,https://www.voya.com,https://en.wikipedia.org/wiki/Voya_Financial,https://www.facebook.com/VoyaFinancial,https://www.instagram.com/voya,https://x.com/Voya,https://www.youtube.com/channel/UCbWNAJD8kl_rQOZTP0mvxtw,,Auto-enriched
1147,AFG,American Financial Group,Financials,0.01,https://www.afginc.com,https://en.wikipedia.org/wiki/American_Financial_Group,,,,,,Auto-enriched
1148,GME,GameStop,Consumer Discretionary,0.01,https://www.gamestop.com,https://en.wikipedia.org/wiki/GameStop,https://www.facebook.com/GameStop,https://www.instagram.com/gamestop,https://x.com/GameStop,https://www.youtube.com/channel/UCX1aoT25QZzgGQJo4uCtRxw,,Auto-enriched
1149,HSIC,Henry Schein,Health Care,0.01,https://www.henryschein.com,https://en.wikipedia.org/wiki/Henry_Schein,https://www.facebook.com/HenryScheinFrance,https://www.instagram.com/henryschein,https://x.com/HenrySchein,https://www.youtube.com/channel/UCBDoULrNY8GFo8mLZCHD6FQ,,Auto-enriched
1150,OSK,Oshkosh Corporation,Industrials,0.01,https://www.oshkoshcorp.com,https://en.wikipedia.org/wiki/Oshkosh_Corporation,https://www.facebook.com/oshkoshcorporation,https://www.instagram.com/oshkoshcorp,https://x.com/oshkoshcorp,https://www.youtube.com/channel/UCZKr5HPxdrpFHeyUJI8hfmg,,Auto-enriched
1151,DOCU,Docusign,Information Technology,0.01,https://www.docusign.com,https://en.wikipedia.org/wiki/Docusign,https://www.facebook.com/DocuSign,https://www.instagram.com/docusign,https://x.com/DocuSign,,,Auto-enriched
1152,AAON,AAON,Industrials,0.01,https://www.aaon.com,https://en.wikipedia.org/wiki/AAON,,,,,,Auto-enriched
1153,U,Unity Technologies,Information Technology,0.01,https://www.unity.com,https://en.wikipedia.org/wiki/Unity_Technologies,https://www.facebook.com/unity3d,https://www.instagram.com/unitytechnologies,https://x.com/unity,https://www.youtube.com/channel/UCG08EqOAXJk_YXPDsAvReSg,,Auto-enriched
1154,IT,Gartner,Information Technology,0.01,https://www.gartner.com,https://en.wikipedia.org/wiki/Gartner,https://www.facebook.com/GartnerInc,https://www.instagram.com/gartner_inc,https://x.com/gartner_inc,,,Auto-enriched
1155,HUBS,HubSpot,Information Technology,0.01,https://www.hubspot.com,https://en.wikipedia.org/wiki/HubSpot,https://www.facebook.com/hubspot,https://www.instagram.com/hubspot,https://x.com/hubspot,,https://www.linkedin.com/company/hubspot,Auto-enriched
1156,CUBE,CubeSmart,Real Estate,0.01,https://www.cubesmart.com,https://en.wikipedia.org/wiki/CubeSmart,https://www.facebook.com/CubeSmart,https://www.instagram.com/cubesmart,https://x.com/CubeSmart,https://www.youtube.com/channel/UCz5E2OxEEK7iTI-uhU7xwEg,,Auto-enriched
1157,BEN,Franklin Resources,Financials,0.01,https://www.franklinresources.com,https://en.wikipedia.org/wiki/Franklin_Resources,https://www.facebook.com/franklintempleton,https://www.instagram.com/ftiindia,https://x.com/fti_global,https://www.youtube.com/channel/UCtTYS5q3jcjBEj9KjlPHgyg,,Auto-enriched
1158,BLDR,Builders FirstSource,Industrials,0.01,https://www.bldr.com,https://en.wikipedia.org/wiki/Builders_FirstSource,https://www.facebook.com/buildersfirstsource,https://www.instagram.com/buildersfirstsource,https://x.com/BldrFirstSource,https://www.youtube.com/channel/UCItW94fuzu7tA3eU1j0218g,https://www.linkedin.com/company/builders-firstsource,Auto-enriched
1159,CAVA,Cava Group,Consumer Discretionary,0.01,https://www.cava.com,https://en.wikipedia.org/wiki/Cava_Group,https://www.facebook.com/cava,,https://x.com/cava,,,Auto-enriched
1160,TKR,Timken Company,Industrials,0.01,https://www.timken.com,https://en.wikipedia.org/wiki/Timken_Company,,,,,,Auto-enriched
1161,GMED,Globus Medical,Health Care,0.01,https://www.globusmedical.com,https://en.wikipedia.org/wiki/Globus_Medical,,,https://x.com/GlobusMedical,,,Auto-enriched
1162,QBTS,D-Wave Systems,Information Technology,0.01,https://www.dwavequantum.com,https://en.wikipedia.org/wiki/D-Wave_Systems,,,,,https://www.linkedin.com/company/d-wave-systems-inc.,Auto-enriched
1163,CRCL,Circle Internet Group,Information Technology,0.01,https://www.circle.com,https://en.wikipedia.org/wiki/Circle_Internet_Group,https://www.facebook.com/circle,,https://x.com/circlepay,,,Auto-enriched
1164,CNH,CNH Industrial,Industrials,0.01,https://www.cnh.com,https://en.wikipedia.org/wiki/CNH_Industrial,,https://www.instagram.com/cnh_industrial_global,https://x.com/cnhindustrial,,,Auto-enriched
1165,FLR,Fluor Corporation,Industrials,0.01,https://www.fluor.com,https://en.wikipedia.org/wiki/Fluor_Corporation,https://www.facebook.com/FluorCorp,https://www.instagram.com/fluor033,https://x.com/fluorcorp,https://www.youtube.com/channel/UCnDmg1_8X5oTu3RiGQU38Tw,,Auto-enriched
1166,TECH,Bio-Techne,Health Care,0.01,https://www.bio-techne.com,https://en.wikipedia.org/wiki/Bio-Techne,,,,,,Auto-enriched
1167,ORI,Old Republic International,Financials,0.01,https://www.oldrepublic.com,https://en.wikipedia.org/wiki/Old_Republic_International,,,,,,Auto-enriched
1168,GWRE,Guidewire Software,Information Technology,0.01,https://www.guidewire.com,https://en.wikipedia.org/wiki/Guidewire_Software,,,,,https://www.linkedin.com/company/guidewire-software,Auto-enriched
1169,TTC,The Toro Company,Industrials,0.01,https://www.thetorocompany.com,https://en.wikipedia.org/wiki/The_Toro_Company,,,,,,Auto-enriched
1170,WTS,Watts Water Technologies,Industrials,0.01,https://www.watts.com,https://en.wikipedia.org/wiki/Watts_Water_Technologies,,,,,,Auto-enriched
1171,SEIC,SEI Investments Company,Financials,0.01,https://www.seic.com,https://en.wikipedia.org/wiki/SEI_Investments_Company,,,,,,Auto-enriched
1172,SEE,Sealed Air Corporation,Materials,0.010,https://www.sealedair.com,https://en.wikipedia.org/wiki/Sealed_Air,,,,https://www.youtube.com/user/SealedAirCorp,https://www.linkedin.com/company/sealed-air-corporation/,Auto-enriched
1173,TERN,"Terns Pharmaceuticals, Inc.",Health Care,0.008,https://www.ternspharma.com,,,,,,,Auto-enriched
1174,APLS,"Apellis Pharmaceuticals, Inc.",Health Care,0.007,https://www.apellis.com,https://en.wikipedia.org/wiki/Apellis_Pharmaceuticals,,,,,,Auto-enriched
1175,ACLX,"Arcellx, Inc.",Health Care,0.007,https://www.arcellx.com,,,,https://x.com/arcellx,,https://www.linkedin.com/company/arcellx,Auto-enriched
1176,FOLD,"Amicus Therapeutics, Inc.",Health Care,0.007,https://www.amicusrx.com,https://en.wikipedia.org/wiki/Amicus_Therapeutics,,,https://x.com/amicusrx1,,https://www.linkedin.com/company/amicus-therapeutics,Auto-enriched
1177,TPH,"Tri Pointe Homes, Inc.",Consumer Discretionary,0.006,https://www.tripointehomes.com,https://en.wikipedia.org/wiki/Tri_Pointe_Homes,https://www.facebook.com/TriPointeHomesOfficial/,https://www.instagram.com/tripointehomes,,https://www.youtube.com/c/TriPointeHomes,https://www.linkedin.com/company/tri-pointe-homes/,Auto-enriched
1178,IAC,IAC Inc.,Communication,0.004,https://www.iac.com,https://en.wikipedia.org/wiki/IAC_Inc.,,,,,https://www.linkedin.com/company/iac,Auto-enriched
1179,CSGS,"CSG Systems International, Inc.",Information Technology,0.004,https://www.csgi.com,https://en.wikipedia.org/wiki/CSG_International,,,https://x.com/CSGI_Official,,https://www.linkedin.com/company/csgi,Auto-enriched
1180,LC,LendingClub Corporation,Financials,0.003,https://www.lendingclub.com,https://en.wikipedia.org/wiki/LendingClub,,https://www.instagram.com/lendingclub/,https://x.com/LendingClub,,https://www.linkedin.com/company/lending-club,Auto-enriched
1181,SLNO,"Soleno Therapeutics, Inc.",Health Care,0.003,https://soleno.life,,,,,,https://www.linkedin.com/company/soleno,Auto-enriched
1182,DAWN,"Day One Biopharmaceuticals, Inc.",Health Care,0.003,https://www.dayonebio.com,,,,https://x.com/DayOneBio,,https://www.linkedin.com/company/dayonebio/,Auto-enriched
1183,ASGN,ASGN Incorporated,Industrials,0.003,https://www.asgn.com,,,,,,https://www.linkedin.com/company/asgn-incorporated/,Auto-enriched
1184,THR,"Thermon Group Holdings, Inc.",Industrials,0.003,https://www.thermon.com,,https://www.facebook.com/ThermonINC/,,https://x.com/thermoninc,https://www.youtube.com/@thermoninc,https://www.linkedin.com/company/thermon,Auto-enriched
1185,KW,"Kennedy-Wilson Holdings, Inc.",Real Estate,0.002,https://www.kennedywilson.com,https://en.wikipedia.org/wiki/Kennedy_Wilson,,,,,https://www.linkedin.com/company/kennedy-wilson,Auto-enriched
1186,GLDD,Great Lakes Dredge & Dock Corporation,Industrials,0.002,https://www.gldd.com,https://en.wikipedia.org/wiki/Great_Lakes_Dredge_and_Dock_Company,https://www.facebook.com/GreatLakesDD/,,,,https://www.linkedin.com/company/great-lakes-dredge-and-dock-company-llc,Auto-enriched
1187,VRE,"Veris Residential, Inc.",Real Estate,0.002,https://www.verisresidential.com,https://en.wikipedia.org/wiki/Veris_Residential,https://www.facebook.com/VerisResidential/,,,,https://www.linkedin.com/company/verisresidential,Auto-enriched
1188,FIHL,Fidelis Insurance Holdings Limited,Financials,0.002,https://www.fidelisinsurance.com,,,,,,https://www.linkedin.com/company/fidelis-insurance-group,Auto-enriched
1189,JCAP,"Jefferson Capital, Inc.",Financials,0.001,https://www.jcap.com,,,,,,,Auto-enriched
1190,LAND,Gladstone Land Corporation,Real Estate,0.001,https://www.gladstoneland.com,https://en.wikipedia.org/wiki/Gladstone_Land_Corporation,,,,,,Auto-enriched
1191,MAZE,"Maze Therapeutics, Inc.",Health Care,0.001,https://mazetx.com,,,,https://twitter.com/mazeinbiotech,,https://www.linkedin.com/company/mazetx,Auto-enriched
1192,MH,"McGraw Hill, Inc.",Consumer Discretionary,0.001,https://www.mheducation.com,https://en.wikipedia.org/wiki/McGraw_Hill,https://www.facebook.com/McGrawHillEducation,https://www.instagram.com/mheducation,https://twitter.com/MHEducation,,https://www.linkedin.com/company/mcgraw-hill-education,Auto-enriched
1193,FVR,"FrontView REIT, Inc.",Real Estate,0.001,https://www.frontviewreit.com,,,,,,,Auto-enriched
1194,MCW,"Mister Car Wash, Inc.",Consumer Discretionary,0.001,https://www.mistercarwash.com,https://en.wikipedia.org/wiki/Mister_Car_Wash,https://www.facebook.com/MisterCarWashOfficial,https://www.instagram.com/mistercarwashhq,https://twitter.com/mistercarwash,,https://www.linkedin.com/company/mister-car-wash,Auto-enriched
1195,MEG,"Montrose Environmental Group, Inc.",Industrials,0.001,https://www.montrose-env.com,https://en.wikipedia.org/wiki/Montrose_Environmental_Group,,,,,https://www.linkedin.com/company/montrose-environmental-group,Auto-enriched
1196,NVGS,Navigator Holdings Ltd. (Navigator Gas),Industrials,0.001,https://www.navigatorgas.com,,,,,,https://www.linkedin.com/company/navigator-gas,Auto-enriched
1197,NGS,"Natural Gas Services Group, Inc.",Energy,0.001,https://ngsgi.com,,,,,,,Auto-enriched
1198,CDNL,Cardinal Infrastructure Group Inc.,Industrials,0.001,https://www.cardinalinfrastructuregroup.com,,,,,,,Auto-enriched
1199,ISTR,Investar Holding Corporation,Financials,0.001,https://www.investarbank.com,,,,,,https://www.linkedin.com/company/investar-bank,Auto-enriched
1200,HTBK,Heritage Commerce Corp,Financials,0.001,https://www.heritagecommercecorp.com,,,,,,https://www.linkedin.com/company/heritage-bank-of-commerce,Auto-enriched
1201,HSHP,Himalaya Shipping Ltd.,Industrials,0.001,https://himalaya-shipping.com,,,,,,https://www.linkedin.com/company/himalaya-shipping,Auto-enriched
1202,GOLD,"Gold.com, Inc.",Materials,0.001,https://www.gold.com,,,,,,https://www.linkedin.com/company/goldcominc,Auto-enriched
1203,FFIC,Flushing Financial Corporation,Financials,0.001,https://www.flushingbank.com,,,,,,https://www.linkedin.com/company/flushing-bank,Auto-enriched
1204,FFWM,First Foundation Inc.,Financials,0.001,https://www.firstfoundationinc.com,,,,,,https://www.linkedin.com/company/first-foundation-inc.,Auto-enriched
1205,GSM,Ferroglobe PLC,Materials,0.001,https://www.ferroglobe.com,https://en.wikipedia.org/wiki/Ferroglobe,,,,https://www.youtube.com/@ferroglobe1033,https://www.linkedin.com/company/ferroglobe-plc,Auto-enriched
1206,RPC,"Ridgepost Capital, Inc.",Financials,0.001,https://www.ridgepostcapital.com,,,,,,,Auto-enriched
1207,RNGR,"Ranger Energy Services, Inc.",Energy,0.001,https://www.rangerenergy.com,,,,,,,Auto-enriched
1208,DHIL,"Diamond Hill Investment Group, Inc.",Financials,0.001,https://www.diamond-hill.com,,,,,,,Auto-enriched
1209,CBAN,"Colony Bankcorp, Inc.",Financials,0.001,https://www.colony.bank,,,,,,,Auto-enriched
1210,CBC,"Central Bancompany, Inc.",Financials,0.001,https://www.centralbancompany.com,,,,,,,Auto-enriched
1211,GDYN,"Grid Dynamics Holdings, Inc.",Information Technology,0.001,https://www.griddynamics.com,https://en.wikipedia.org/wiki/Grid_Dynamics,,,,,,Auto-enriched
1212,LBRX,LB Pharmaceuticals Inc.,Health Care,0.001,https://www.lbpharma.us,,,,,,https://www.linkedin.com/company/lb-pharmaceuticals,Auto-enriched
1213,NPB,"Northpointe Bancshares, Inc.",Financials,0.001,https://www.northpointe.com,,,,,,,Auto-enriched
1214,NATR,"Nature's Sunshine Products, Inc.",Consumer Staples,0.001,https://www.naturessunshine.com,https://en.wikipedia.org/wiki/Nature%27s_Sunshine_Products,,,,,,Auto-enriched
1215,EXPI,"eXp World Holdings, Inc.",Real Estate,0.001,https://expworldholdings.com,https://en.wikipedia.org/wiki/EXp_Realty,,,,,,Auto-enriched
1216,CBLL,"Ceribell, Inc.",Health Care,0.001,https://ceribell.com,,https://www.facebook.com/61554263476690,https://www.instagram.com/ceribellpoceeg,https://x.com/ceribelleeg,https://www.youtube.com/@ceribellEEG,https://www.linkedin.com/company/ceribell,Auto-enriched
1217,CTGO,Contango Silver & Gold Inc. (formerly Contango ORE),Materials,0.001,https://contangoore.com,,,,,,,Auto-enriched
1218,BWFG,"Bankwell Financial Group, Inc.",Financials,0.001,https://www.mybankwell.com,,,,,,https://www.linkedin.com/company/bankwell,Auto-enriched
1219,ZGN,Ermenegildo Zegna N.V. (Zegna Group),Consumer Discretionary,0.001,https://www.zegna.com,https://en.wikipedia.org/wiki/Ermenegildo_Zegna,https://www.facebook.com/ZegnaOfficial,https://www.instagram.com/zegna,https://twitter.com/zegna,https://www.youtube.com/user/EZegnaOfficial,,Auto-enriched
1220,TRDA,"Entrada Therapeutics, Inc.",Health Care,0.001,https://www.entradatx.com,,,,https://x.com/entradatx,,https://www.linkedin.com/company/entradatx,Auto-enriched
1221,ABX,"Abacus Global Management, Inc.",Financials,0.001,https://abacusgm.com,,,,,,https://www.linkedin.com/company/abacusgm,Auto-enriched
1222,AVR,Anteris Technologies Global Corp.,Health Care,0.001,https://anteristech.com,,,,,,,Auto-enriched
1223,EHAB,"Enhabit, Inc. (Enhabit Home Health & Hospice)",Health Care,0.001,https://www.enhabit.com,,https://www.facebook.com/EnhabitHHH,https://www.instagram.com/enhabithhh,https://x.com/enhabit_hhh,https://www.youtube.com/channel/UCpDQyKoGTT8mHTIGJZI_kGw,https://www.linkedin.com/company/enhabithhh,Auto-enriched
1224,ADCT,ADC Therapeutics SA,Health Care,0.001,https://www.adctherapeutics.com,,,,,,https://www.linkedin.com/company/adc-therapeutics,Auto-enriched
1225,YSS,"York Space Systems, Inc.",Industrials,0.001,https://www.yorkspacesystems.com,,,,,,,Auto-enriched
1226,WLTH,Wealthfront Corporation,Financials,0.001,https://www.wealthfront.com,,,https://www.instagram.com/wealthfront,https://x.com/wealthfront,,https://www.linkedin.com/company/wealthfront,Auto-enriched
1227,GDEN,"Golden Entertainment, Inc.",Consumer Discretionary,0.001,https://www.goldenent.com,https://en.wikipedia.org/wiki/Golden_Entertainment,,,,,,Auto-enriched
1228,KALV,"KalVista Pharmaceuticals, Inc.",Health Care,0.001,https://www.kalvista.com,,https://www.facebook.com/kalvistapharmaceuticals,https://www.instagram.com/kalvistapharmaceuticals,https://twitter.com/kalvista,,https://www.linkedin.com/company/kalvista-pharmaceuticals-limited,Auto-enriched
1229,VLGEA,"Village Super Market, Inc.",Consumer Staples,0.001,https://www.villagesupermarket.com,,,,,,,Auto-enriched
1230,UWMC,UWM Holdings Corporation,Financials,0.001,https://www.uwm.com,https://en.wikipedia.org/wiki/United_Wholesale_Mortgage,,https://www.instagram.com/uwmlending,,,https://www.linkedin.com/company/united-wholesale-mortgage,Auto-enriched
1231,AVIR,"Atea Pharmaceuticals, Inc.",Health Care,0.001,https://www.ateapharma.com,https://en.wikipedia.org/wiki/Atea_Pharmaceuticals,,,,,,Auto-enriched
1232,PDLB,"Ponce Financial Group, Inc.",Financials,0.001,https://www.poncebank.com,,,,,,,Auto-enriched
1233,PSNL,"Personalis, Inc.",Health Care,0.001,https://www.personalis.com,,,,,,,Auto-enriched
1234,PTLO,Portillo's Inc.,Consumer Discretionary,0.001,https://www.portillos.com,https://en.wikipedia.org/wiki/Portillo%27s_Restaurants,https://www.facebook.com/portillos.hotdog,,,,,Auto-enriched
1235,PKST,Peakstone Realty Trust,Real Estate,0.001,https://www.pkst.com,,,,,,,Auto-enriched
1236,RR,Richtech Robotics Inc.,Industrials,0.001,https://www.richtechrobotics.com,,,,https://x.com/richtechrobots,,https://www.linkedin.com/company/richtech-robotics,Auto-enriched
1237,CVGW,"Calavo Growers, Inc.",Consumer Staples,0.001,https://www.calavo.com,https://en.wikipedia.org/wiki/Calavo_Growers,,,,,,Auto-enriched
1238,SATL,Satellogic Inc.,Industrials,0.001,https://www.satellogic.com,https://en.wikipedia.org/wiki/Satellogic,,,https://x.com/satellogic,https://www.youtube.com/@satl,https://www.linkedin.com/company/satellogic,Auto-enriched
1239,SEMR,"Semrush Holdings, Inc.",Information Technology,0.001,https://www.semrush.com,https://en.wikipedia.org/wiki/Semrush,,,,,https://www.linkedin.com/company/semrush,Auto-enriched
1240,STRT,STRATTEC Security Corporation,Consumer Discretionary,0.001,https://www.strattec.com,,,,,,,Auto-enriched
1241,ACRS,"Aclaris Therapeutics, Inc.",Health Care,0.001,https://www.aclaristx.com,https://en.wikipedia.org/wiki/Aclaris_Therapeutics,,,,,,Auto-enriched
1242,SNCY,"Sun Country Airlines Holdings, Inc.",Industrials,0.001,https://suncountry.com,https://en.wikipedia.org/wiki/Sun_Country_Airlines,https://www.facebook.com/suncountryair,,https://x.com/suncountryair,,https://www.linkedin.com/company/sun-country-airlines,Auto-enriched
1243,STKL,SunOpta Inc.,Consumer Staples,0.001,https://www.sunopta.com,https://en.wikipedia.org/wiki/SunOpta,https://www.facebook.com/SunOpta,,,,https://www.linkedin.com/company/sunopta,Auto-enriched
1244,SPIR,"Spire Global, Inc.",Information Technology,0.001,https://www.spire.com,https://en.wikipedia.org/wiki/Spire_Global,,,,,,Auto-enriched
1245,UDMY,"Udemy, Inc.",Consumer Discretionary,0.001,https://www.udemy.com,https://en.wikipedia.org/wiki/Udemy,https://www.facebook.com/udemy,,,,https://www.linkedin.com/company/udemy,Auto-enriched
1246,CTLP,"Cantaloupe, Inc.",Information Technology,0.001,https://www.cantaloupe.com,,,,,,https://www.linkedin.com/company/cantaloupeinc,Auto-enriched
1247,NEWCO,Example Newco,Information Technology,0.00,,,,,,,,Auto-enriched
1248,PBI,Pitney Bowes,Industrials,0.00,https://www.pitneybowes.com,https://en.wikipedia.org/wiki/Pitney_Bowes,https://www.facebook.com/PitneyBowes,,https://x.com/PBCares,https://www.youtube.com/channel/UCeZZ8cZ4LkYqmDY1YcjdkjA,https://www.linkedin.com/company/pitney-bowes,Auto-enriched
1249,GOSS,Gossamer Bio Inc,Health Care,0.00,https://www.gossamerbio.com,,,,,,,Auto-enriched
1250,CRMT,Americas Car Mart Inc,Consumer Discretionary,0.00,https://www.car-mart.com,,,,,,,Auto-enriched
1251,TEAD,Teads Holding,Communication,0.00,https://www.teads.com,,,,,,,Auto-enriched
1252,THRD,Third Harmonic Bio Inc,Health Care,0.00,https://www.thirdharmonicbio.com,,,,,,,Auto-enriched
1253,HOLX,Hologic,Health Care,0.00,https://www.hologic.com,https://en.wikipedia.org/wiki/Hologic,,,,,,Auto-enriched
1254,ATYR,ATyr Pharma,Health Care,0.00,https://www.atyrpharma.com,https://en.wikipedia.org/wiki/ATyr_Pharma,,,,,,Auto-enriched
1255,HAIN,Hain Celestial Group,Consumer Staples,0.00,https://www.hain-celestial.com,https://en.wikipedia.org/wiki/Hain_Celestial_Group,,,,,,Auto-enriched
1256,BYND,Beyond Meat,Consumer Staples,0.00,https://www.beyondmeat.com,https://en.wikipedia.org/wiki/Beyond_Meat,https://www.facebook.com/beyondmeat,https://www.instagram.com/beyondmeat,https://x.com/BeyondMeat,https://www.youtube.com/channel/UCvkk7DfC3jZd6Rud4E3K3HQ,https://www.linkedin.com/company/beyond-meat,Auto-enriched
1257,HRTX,Heron Therapeutics Inc,Health Care,0.00,https://www.herontx.com,,,,,,,Auto-enriched
1258,TTEC,TTEC,Industrials,0.00,https://www.ttec.com,https://en.wikipedia.org/wiki/TTEC,https://www.facebook.com/ttec,,https://x.com/tteclife,,,Auto-enriched
1259,ARAY,Accuray,Health Care,0.00,https://www.accuray.com,https://en.wikipedia.org/wiki/Accuray,,,,,,Auto-enriched
1260,LUNG,Pulmonx Corp,Health Care,0.00,https://www.pulmonx.com,,,,,,,Auto-enriched
1261,DH,Definitive Healthcare,Health Care,0.00,https://www.definitivehc.com,https://en.wikipedia.org/wiki/Definitive_Healthcare,,,,,,Auto-enriched
1262,SEAT,Vivid Seats,Communication,0.00,https://www.vividseats.com,https://en.wikipedia.org/wiki/Vivid_Seats,https://www.facebook.com/VividSeats,https://www.instagram.com/vividseats,https://x.com/VividSeats,,,Auto-enriched
1263,BRCC,Black Rifle Coffee Company,Consumer Staples,0.00,https://www.blackriflecoffee.com,https://en.wikipedia.org/wiki/Black_Rifle_Coffee_Company,https://www.facebook.com/blackriflecoffeeco,https://www.instagram.com/blackriflecoffee,https://x.com/blckriflecoffee,https://www.youtube.com/channel/UCnhTGM083kfLSNfRSmQjAzg,,Auto-enriched
1264,DOMO,"Domo, Inc.",Information Technology,0.00,https://www.domo.com,"https://en.wikipedia.org/wiki/Domo,_Inc.",https://www.facebook.com/106685939453226,,https://x.com/Domotalk,,,Auto-enriched
1265,MYPS,Playstudios,Communication,0.00,https://www.playstudios.com,https://en.wikipedia.org/wiki/Playstudios,,,,,,Auto-enriched
1266,MVIS,Microvision Inc,Information Technology,0.00,https://www.microvision.com,,,,,,,Auto-enriched
1267,DCGO,DocGo,Health Care,0.00,https://www.docgo.com,https://en.wikipedia.org/wiki/DocGo,,,,,,Auto-enriched
1268,NKTX,Nkarta Inc,Health Care,0.00,https://www.nkartatx.com,,,,,,,Auto-enriched
1269,NFE,New Fortress Energy Inc Class A,Energy,0.00,https://www.newfortressenergy.com,,,,,,,Auto-enriched
1270,SSTI,SoundThinking,Information Technology,0.00,https://www.soundthinking.com,https://en.wikipedia.org/wiki/SoundThinking,,,,,,Auto-enriched
1271,HUMA,Humacyte Inc,Health Care,0.00,https://www.humacyte.com,,,,,,,Auto-enriched
1272,THRY,Thryv,Information Technology,0.00,https://www.thryv.com,https://en.wikipedia.org/wiki/Thryv,https://www.facebook.com/Thryv,https://www.instagram.com/getthryv,https://x.com/thryv,,,Auto-enriched
1273,GETY,Getty Images,Communication,0.00,https://www.gettyimages.com,https://en.wikipedia.org/wiki/Getty_Images,https://www.facebook.com/gettyimages,https://www.instagram.com/gettyimages,https://x.com/GettyImages,,,Auto-enriched
1274,HCAT,Health Catalyst Inc,Health Care,0.00,https://www.healthcatalyst.com,,,,,,,Auto-enriched
1275,ALEC,Alector Inc,Health Care,0.00,https://www.alector.com,,,,,,,Auto-enriched
1276,ASUR,Asure Software,Industrials,0.00,https://www.asuresoftware.com,https://en.wikipedia.org/wiki/Asure_Software,,,,,,Auto-enriched
1277,RCEL,Avita Medical,Health Care,0.00,https://www.avitamedical.com,https://en.wikipedia.org/wiki/Avita_Medical,,,https://x.com/avitamedical,,,Auto-enriched
1278,INGN,Inogen Inc,Health Care,0.00,https://www.inogen.com,,,,,,,Auto-enriched
1279,TTGT,Informa TechTarget,Communication,0.00,https://www.techtarget.com,https://en.wikipedia.org/wiki/Informa_TechTarget,,,https://x.com/TechTarget,,,Auto-enriched
1280,FORR,Forrester Research,Industrials,0.00,https://www.forrester.com,https://en.wikipedia.org/wiki/Forrester_Research,,https://www.instagram.com/forrester_global,https://x.com/forrester,https://www.youtube.com/channel/UClcTdfOJOwgfU30C8U1H2Pw,https://www.linkedin.com/company/forrester-research,Auto-enriched
1281,MED,Medifast,Consumer Staples,0.00,https://www.medifastinc.com,https://en.wikipedia.org/wiki/Medifast,https://www.facebook.com/Medifast,https://www.instagram.com/medifast,https://x.com/medifast,https://www.youtube.com/channel/UC8_Gs8h6SavU96jr1KgSXSw,,Auto-enriched
1282,XPOF,Xponential Fitness,Consumer Discretionary,0.00,https://www.xponential.com,https://en.wikipedia.org/wiki/Xponential_Fitness,,,,,,Auto-enriched
1283,IMMR,Immersion Corporation,Information Technology,0.00,https://www.immersion.com,https://en.wikipedia.org/wiki/Immersion_Corporation,,,,,,Auto-enriched
1284,PRME,Prime Medicine,Health Care,0.00,https://www.primemedicine.com,https://en.wikipedia.org/wiki/Prime_Medicine,,,,,,Auto-enriched
1285,MNTK,Montauk Renewables Inc,Utilities,0.00,https://www.montaukenergy.com,,,,,,,Auto-enriched
1286,JELD,Jeld-Wen,Industrials,0.00,https://www.jeld-wen.com,https://en.wikipedia.org/wiki/Jeld-Wen,,,,,,Auto-enriched
1287,FNKO,Funko,Consumer Discretionary,0.00,https://www.funko.com,https://en.wikipedia.org/wiki/Funko,https://www.facebook.com/funkoeurope,https://www.instagram.com/funko_europe,https://x.com/FunkoEurope,https://www.youtube.com/channel/UCiBxZWamaDdlemljJ3aGPZQ,https://www.linkedin.com/company/funko,Auto-enriched
1288,KLC,KinderCare Learning Centers,Consumer Discretionary,0.00,https://www.kindercare.com,https://en.wikipedia.org/wiki/KinderCare_Learning_Centers,https://www.facebook.com/kindercare,https://www.instagram.com/kindercare,https://x.com/KinderCare,,https://www.linkedin.com/company/kindercare,Auto-enriched
1289,TCX,Tucows,Information Technology,0.00,https://www.tucows.com,https://en.wikipedia.org/wiki/Tucows,,https://www.instagram.com/tucows_inc,https://x.com/tucows,https://www.youtube.com/channel/UCwqAfMGmFx9W29yn0ErnMeA,,Auto-enriched
1290,SSP,E. W. Scripps Company,Communication,0.00,https://www.scripps.com,https://en.wikipedia.org/wiki/E._W._Scripps_Company,https://www.facebook.com/EWScrippsCo,,https://x.com/ewscrippsco,,,Auto-enriched
1291,BYRN,Byrna Technologies Inc,Industrials,0.00,https://www.byrna.com,,,,,,,Auto-enriched
1292,BOOM,Dynamic Materials Corporation,Energy,0.00,https://www.dmcglobal.com,https://en.wikipedia.org/wiki/Dynamic_Materials_Corporation,,,,,,Auto-enriched
1293,RGP,Resources Global Professionals,Industrials,0.00,https://www.rgp.com,https://en.wikipedia.org/wiki/Resources_Global_Professionals,,,,,,Auto-enriched
1294,QTRX,Quanterix Corp,Health Care,0.00,https://www.quanterix.com,,,,,,,Auto-enriched
1295,FLWS,"1-800-Flowers.com, Inc.",Consumer Discretionary,0.00,https://www.1800flowers.com,"https://en.wikipedia.org/wiki/1-800-Flowers.com,_Inc.",https://www.facebook.com/1800flowers,https://www.instagram.com/1800flowers,https://x.com/1800flowers,,,Auto-enriched
1296,CDXS,Codexis,Health Care,0.00,https://www.codexis.com,https://en.wikipedia.org/wiki/Codexis,https://www.facebook.com/Codexis,https://www.instagram.com/codexisinc,https://x.com/codexisinc,,,Auto-enriched
1297,NLOP,Net Lease Office Properties,Real Estate,0.00,https://www.netleaseofficeproperties.com,,,,,,,Auto-enriched
1298,EVGO,EVgo,Consumer Discretionary,0.00,https://www.evgo.com,https://en.wikipedia.org/wiki/EVgo,https://www.facebook.com/evgonetwork,https://www.instagram.com/evgonetwork,https://x.com/evgonetwork,,https://www.linkedin.com/company/evgo,Auto-enriched
1299,AKBA,Akebia Therapeutics Inc,Health Care,0.00,https://www.akebia.com,,,,,,,Auto-enriched
1300,ASLE,AerSale,Industrials,0.00,https://www.aersale.com,https://en.wikipedia.org/wiki/AerSale,,,,,,Auto-enriched
1301,SLQT,SelectQuote,Financials,0.00,https://www.selectquote.com,https://en.wikipedia.org/wiki/SelectQuote,,,,,,Auto-enriched
1302,REAX,Real Brokerage Inc,Real Estate,0.00,https://www.onereal.com,,,,,,,Auto-enriched
1303,OABI,Omniab Inc,Health Care,0.00,https://www.omniab.com,,,,,,,Auto-enriched
1304,TMCI,Treace Medical Concepts,Health Care,0.00,https://www.treace.com,https://en.wikipedia.org/wiki/Treace_Medical_Concepts,,,,,,Auto-enriched
1305,INSE,Inspired Entertainment Inc,Consumer Discretionary,0.00,https://www.inseinc.com,,,,,,,Auto-enriched
1306,ADV,Advantage Solutions,Communication,0.00,https://www.advantagesolutions.net,https://en.wikipedia.org/wiki/Advantage_Solutions,,,,,,Auto-enriched
1307,NRDS,NerdWallet,Financials,0.00,https://www.nerdwallet.com,https://en.wikipedia.org/wiki/NerdWallet,,https://www.instagram.com/nerdwallet,https://x.com/nerdwallet,,https://www.linkedin.com/company/nerdwallet,Auto-enriched
1308,ALLO,Allogene Therapeutics Inc,Health Care,0.00,https://www.allogene.com,,,,,,,Auto-enriched
1309,EMBC,Embecta Corp,Health Care,0.00,https://www.embecta.com,,,,,,,Auto-enriched
1310,EDIT,Editas Medicine,Health Care,0.00,https://www.editasmedicine.com,https://en.wikipedia.org/wiki/Editas_Medicine,,,,,,Auto-enriched
1311,DMRC,Digimarc,Information Technology,0.00,https://www.digimarc.com,https://en.wikipedia.org/wiki/Digimarc,,,,,,Auto-enriched
1312,KIDS,Orthopediatrics Corp,Health Care,0.00,https://www.orthopediatrics.com,,,,,,,Auto-enriched
1313,EPM,Evolution Petroleum Corp,Energy,0.00,https://www.evolutionpetroleum.com,,,,,,,Auto-enriched
1314,NABL,N Able Inc,Information Technology,0.00,https://www.n-able.com,,,,,,,Auto-enriched
1315,EGHT,8x8,Information Technology,0.00,https://www.8x8.com,https://en.wikipedia.org/wiki/8x8,https://www.facebook.com/8x8Inc,https://www.instagram.com/8x8inc,https://x.com/8x8,https://www.youtube.com/channel/UClf_q5jvI3y8MwunNEFPCzw,,Auto-enriched
1316,SIGA,SIGA Technologies,Health Care,0.00,https://www.siga.com,https://en.wikipedia.org/wiki/SIGA_Technologies,,,,,,Auto-enriched
1317,PSFE,Paysafe Ltd,Financials,0.00,https://www.paysafe.com,,,,,,,Auto-enriched
1318,SITC,SITE Centers,Real Estate,0.00,https://www.sitecenters.com,https://en.wikipedia.org/wiki/SITE_Centers,https://www.facebook.com/sitecenters,,https://x.com/site_centers,,,Auto-enriched
1319,CNDT,Conduent,Industrials,0.00,https://www.conduent.com,https://en.wikipedia.org/wiki/Conduent,https://www.facebook.com/conduent,,https://x.com/conduent,,https://www.linkedin.com/company/conduent,Auto-enriched
1320,GNE,Genie Energy,Utilities,0.00,https://www.genie.com,https://en.wikipedia.org/wiki/Genie_Energy,,,https://x.com/genieenergy,,https://www.linkedin.com/company/genie-energy,Auto-enriched
1321,LOVE,LoveSac,Consumer Discretionary,0.00,https://www.lovesac.com,https://en.wikipedia.org/wiki/LoveSac,https://www.facebook.com/LoveSac,https://www.instagram.com/lovesac,https://x.com/lovesac,https://www.youtube.com/channel/UCF_h6SniKfEfbmMds6Wp27A,,Auto-enriched
1322,CRCT,Cricut,Consumer Discretionary,0.00,https://www.cricut.com,https://en.wikipedia.org/wiki/Cricut,https://www.facebook.com/OfficialCricut,https://www.instagram.com/officialcricut,,,,Auto-enriched
1323,RMAX,RE/MAX,Real Estate,0.00,https://www.remax.com,https://en.wikipedia.org/wiki/RE/MAX,https://www.facebook.com/remax,https://www.instagram.com/remax,https://x.com/remax,https://www.youtube.com/channel/UCimeSn4jbGeMCCvGOSp_C5A,https://www.linkedin.com/company/remax,Auto-enriched
1324,ANGI,Angi Inc.,Communication,0.00,https://www.angi.com,https://en.wikipedia.org/wiki/Angi_Inc.,,https://www.instagram.com/angieslist,https://x.com/angi_home,,,Auto-enriched
1325,ALT,Altimmune Inc,Health Care,0.00,https://www.altimmune.com,,,,,,,Auto-enriched
1326,CABO,Cable One,Communication,0.00,https://www.cableone.net,https://en.wikipedia.org/wiki/Cable_One,https://www.facebook.com/SparklightCares,https://www.instagram.com/sparklightcares,https://x.com/sparklightcares,https://www.youtube.com/channel/UCyOlHzyQvlJE9KJslXw-xRQ,https://www.linkedin.com/company/mysparklight,Auto-enriched
1327,GOGO,Gogo Inflight Internet,Communication,0.00,https://www.gogoair.com,https://en.wikipedia.org/wiki/Gogo_Inflight_Internet,https://www.facebook.com/gogo,https://www.instagram.com/gogoair,https://x.com/gogo,,,Auto-enriched
1328,NUS,Nu Skin Enterprises,Consumer Staples,0.00,https://www.nuskin.com,https://en.wikipedia.org/wiki/Nu_Skin_Enterprises,https://www.facebook.com/nuskin,https://www.instagram.com/nuskin,https://x.com/nuskin,https://www.youtube.com/channel/UCf5ndRaymB1RbCjnY0wAfxQ,,Auto-enriched
1329,RBBN,Ribbon Communications,Information Technology,0.00,https://www.ribboncommunications.com,https://en.wikipedia.org/wiki/Ribbon_Communications,,,,,https://www.linkedin.com/company/ribbon-communications,Auto-enriched
1330,SEG,Seaport Entertainment Group Inc,Real Estate,0.00,https://www.seaportentertainment.com,,,,,,,Auto-enriched
1331,LILA,Liberty Latin America,Communication,0.00,https://www.lla.com,https://en.wikipedia.org/wiki/Liberty_Latin_America,,,,,,Auto-enriched
1332,HDSN,Hudson Technologies Inc,Industrials,0.00,https://www.hudsontech.com,,,,,,,Auto-enriched
1333,MGPI,MGP Ingredients,Consumer Staples,0.00,https://www.mgpingredients.com,https://en.wikipedia.org/wiki/MGP_Ingredients,,,,,,Auto-enriched
1334,UIS,Unisys,Information Technology,0.00,https://www.unisys.com,https://en.wikipedia.org/wiki/Unisys,https://www.facebook.com/UnisysCorp,,https://x.com/unisys,,https://www.linkedin.com/company/unisys,Auto-enriched
1335,HNST,The Honest Company,Consumer Staples,0.00,https://www.honest.com,https://en.wikipedia.org/wiki/The_Honest_Company,,,https://x.com/honest,,,Auto-enriched
1336,ENTA,Enanta Pharmaceuticals Inc,Health Care,0.00,https://www.enanta.com,,,,,,,Auto-enriched
1337,WOOF,Petco,Consumer Discretionary,0.00,https://www.petco.com,https://en.wikipedia.org/wiki/Petco,https://www.facebook.com/Petco,https://www.instagram.com/petco,https://x.com/PETCO,https://www.youtube.com/channel/UCKhojpDo2UzzjqfZSXOvQug,,Auto-enriched
1338,LAB,Standard BioTools,Health Care,0.00,https://www.standardbio.com,https://en.wikipedia.org/wiki/Standard_BioTools,,,,,,Auto-enriched
1339,MVST,Microvast,Industrials,0.00,https://www.microvast.com,https://en.wikipedia.org/wiki/Microvast,,,,,,Auto-enriched
1340,USNA,Usana Health Sciences,Consumer Staples,0.00,https://www.usana.com,https://en.wikipedia.org/wiki/Usana_Health_Sciences,https://www.facebook.com/usanahealthsciences,https://www.instagram.com/usanainc,https://x.com/usanainc,,,Auto-enriched
1341,FUBO,FuboTV,Communication,0.00,https://www.fubo.tv,https://en.wikipedia.org/wiki/FuboTV,https://www.facebook.com/fuboTV,https://www.instagram.com/fubo.tv,https://x.com/fuboTV,https://www.youtube.com/channel/UCD2lJITnvzflNhOqQckMpQg,,Auto-enriched
1342,BBBY,Bed Bath & Beyond (1987–2023),Consumer Discretionary,0.00,https://www.bedbathandbeyond.com,https://en.wikipedia.org/wiki/Bed_Bath_%26_Beyond_(1987%E2%80%932023),,,,,,Auto-enriched
1343,ZIP,ZipRecruiter,Communication,0.00,https://www.ziprecruiter.com,https://en.wikipedia.org/wiki/ZipRecruiter,https://www.facebook.com/ZipRecruiter,https://www.instagram.com/ziprecruiter_hq,https://x.com/ZipRecruiter,,https://www.linkedin.com/company/ziprecruiter,Auto-enriched
1344,BGS,B And G Foods Inc,Consumer Staples,0.00,https://www.bgfoods.com,,,,,,,Auto-enriched
1345,ARCT,Arcturus Therapeutics,Health Care,0.00,https://www.arcturusrx.com,https://en.wikipedia.org/wiki/Arcturus_Therapeutics,,,https://x.com/ArcturusRx,https://www.youtube.com/channel/UCkdIWUjoFNm-IXHJLp7vVUg,https://www.linkedin.com/company/arcturus-therapeutics,Auto-enriched
1346,ALIT,Alight Solutions,Industrials,0.00,https://www.alight.com,https://en.wikipedia.org/wiki/Alight_Solutions,,,,,,Auto-enriched
1347,JOUT,Johnson Outdoors,Consumer Discretionary,0.00,https://www.johnsonoutdoors.com,https://en.wikipedia.org/wiki/Johnson_Outdoors,,,,,,Auto-enriched
1348,SVV,Savers,Consumer Discretionary,0.00,https://www.savers.com,https://en.wikipedia.org/wiki/Savers,https://www.facebook.com/savers,https://www.instagram.com/savers_thrift,https://x.com/saversvvillage,https://www.youtube.com/channel/UC8SpoZAaH2UVvfP81dQQt_A,https://www.linkedin.com/company/savers,Auto-enriched
1349,JACK,Jack in the Box,Consumer Discretionary,0.00,https://www.jackinthebox.com,https://en.wikipedia.org/wiki/Jack_in_the_Box,https://www.facebook.com/jackinthebox,https://www.instagram.com/jackinthebox,https://x.com/JackBox,https://www.youtube.com/channel/UCKjEDIcmcU5AEEkOZTcQVzQ,,Auto-enriched
1350,NRC,National Research Corporation,Health Care,0.00,https://www.nrchealth.com,https://en.wikipedia.org/wiki/National_Research_Corporation,,,https://x.com/nrchealth,,,Auto-enriched
1351,MASS,908 Devices Inc,Information Technology,0.00,https://www.908devices.com,,,,,,,Auto-enriched
1352,TBI,Trueblue Inc,Industrials,0.00,https://www.trueblue.com,,,,,,,Auto-enriched
1353,CMPX,Compass Therapeutics,Health Care,0.00,https://www.compasstherapeutics.com,,,,,,,Auto-enriched
1354,RC,Ready Capital Corp,Financials,0.00,https://www.readycapital.com,,,,,,,Auto-enriched
1355,CLMB,Climb Global Solutions Inc,Information Technology,0.00,https://www.climbglobalsolutions.com,,,,,,,Auto-enriched
1356,RPAY,Repay Holdings Corp Class A,Financials,0.00,https://www.repay.com,,,,,,,Auto-enriched
1357,OLPX,Olaplex,Consumer Staples,0.00,https://www.olaplex.com,https://en.wikipedia.org/wiki/Olaplex,,,,,,Auto-enriched
1358,ULCC,Frontier Airlines,Industrials,0.00,https://www.flyfrontier.com,https://en.wikipedia.org/wiki/Frontier_Airlines,https://www.facebook.com/flyfrontier,https://www.instagram.com/flyfrontier,https://x.com/FlyFrontier,,,Auto-enriched
1359,AVNW,Aviat Networks,Information Technology,0.00,https://www.aviatnetworks.com,https://en.wikipedia.org/wiki/Aviat_Networks,,,,,,Auto-enriched
1360,AMCX,AMC Networks,Communication,0.00,https://www.amcnetworks.com,https://en.wikipedia.org/wiki/AMC_Networks,,,,,,Auto-enriched
1361,EU,Encore Energy Corp,Energy,0.00,https://www.encoreuranium.com,,,,,,,Auto-enriched
1362,RGNX,Regenxbio Inc,Health Care,0.00,https://www.regenxbio.com,,,,,,,Auto-enriched
1363,ALTG,Alta Equipment Group Inc Class A,Industrials,0.00,https://www.altaequipment.com,,,,,,,Auto-enriched
1364,BMBL,Bumble Inc.,Communication,0.00,https://www.bumble.com,https://en.wikipedia.org/wiki/Bumble_Inc.,,,,,https://www.linkedin.com/company/bumbleinc,Auto-enriched
1365,KRUS,Kura Sushi,Consumer Discretionary,0.00,https://www.kurasushi.com,https://en.wikipedia.org/wiki/Kura_Sushi,https://www.facebook.com/Kurasushi,https://www.instagram.com/kurasushi_usa,https://x.com/mutenkurasushi,,,Auto-enriched
1366,ORGO,Organogenesis Holdings Inc Class A,Health Care,0.00,https://www.organogenesis.com,,,,,,,Auto-enriched
1367,CLW,Clearwater Paper,Materials,0.00,https://www.clearwaterpaper.com,https://en.wikipedia.org/wiki/Clearwater_Paper,,,,,,Auto-enriched
1368,SLP,Simulations Plus,Health Care,0.00,https://www.simulations-plus.com,https://en.wikipedia.org/wiki/Simulations_Plus,,,,,,Auto-enriched
1369,SVC,Service Properties Trust,Real Estate,0.00,https://www.svcreit.com,,,,,,,Auto-enriched
1370,KROS,Keros Therapeutics Inc,Health Care,0.00,https://www.kerostx.com,,,,,,,Auto-enriched
1371,ATNI,ATN International,Communication,0.00,https://www.atni.com,https://en.wikipedia.org/wiki/ATN_International,,,,,,Auto-enriched
1372,SSTK,Shutterstock,Communication,0.00,https://www.shutterstock.com,https://en.wikipedia.org/wiki/Shutterstock,https://www.facebook.com/Shutterstock,https://www.instagram.com/shutterstock,https://x.com/Shutterstock,https://www.youtube.com/channel/UCmhVYUCCOm0D5bT12MOr5_w,,Auto-enriched
1373,JAKK,Jakks Pacific,Consumer Discretionary,0.00,https://www.jakks.com,https://en.wikipedia.org/wiki/Jakks_Pacific,,https://www.instagram.com/jakkstoys,https://x.com/JAKKStoys,https://www.youtube.com/channel/UChPDW_UDNJQBlGzA9-sPsIA,,Auto-enriched
1374,CLNE,Clean Energy Fuels Corp,Energy,0.00,https://www.cleanenergyfuels.com,,,,,,,Auto-enriched
1375,NCMI,National CineMedia,Communication,0.00,https://www.nationalcinemedia.com,https://en.wikipedia.org/wiki/National_CineMedia,,,,,,Auto-enriched
1376,RICK,RCI Hospitality Holdings,Consumer Discretionary,0.00,https://www.rcihospitality.com,https://en.wikipedia.org/wiki/RCI_Hospitality_Holdings,,,,,,Auto-enriched
1377,DNUT,Krispy Kreme,Consumer Discretionary,0.00,https://www.krispykreme.com,https://en.wikipedia.org/wiki/Krispy_Kreme,https://www.facebook.com/KrispyKreme,https://www.instagram.com/krispykreme,https://x.com/krispykreme,,,Auto-enriched
1378,GTN,Gray Media,Communication,0.00,https://www.gray.tv,https://en.wikipedia.org/wiki/Gray_Media,https://www.facebook.com/GrayDCC,,https://x.com/graydcnews,,,Auto-enriched
1379,HCKT,Hackett Group Inc,Information Technology,0.00,https://www.thehackettgroup.com,,,,,,,Auto-enriched
1380,GRND,Grindr,Communication,0.00,https://www.grindr.com,https://en.wikipedia.org/wiki/Grindr,https://www.facebook.com/Grindr,https://www.instagram.com/grindr,https://x.com/Grindr,https://www.youtube.com/channel/UCayVaf_Z7iCiH5ijOR_7SCw,,Auto-enriched
1381,OSUR,OraSure Technologies,Health Care,0.00,https://www.orasure.com,https://en.wikipedia.org/wiki/OraSure_Technologies,,,,,,Auto-enriched
1382,TWI,Titan Tire Corporation,Industrials,0.00,https://www.titan-intl.com,https://en.wikipedia.org/wiki/Titan_Tire_Corporation,,,,,,Auto-enriched
1383,CRSR,Corsair Gaming,Information Technology,0.00,https://www.corsair.com,https://en.wikipedia.org/wiki/Corsair_Gaming,https://www.facebook.com/Corsair,https://www.instagram.com/corsairgaming,https://x.com/CORSAIR,https://www.youtube.com/channel/UCPy4EQ9HhP-g9xc4yDahhnQ,,Auto-enriched
1384,CSV,Carriage Services Inc,Consumer Discretionary,0.00,https://www.carriageservices.com,,,,,,,Auto-enriched
1385,DIN,Dine Brands,Consumer Discretionary,0.00,https://www.dinebrands.com,https://en.wikipedia.org/wiki/Dine_Brands,,,,,,Auto-enriched
1386,KE,Kimball Electronics Inc,Information Technology,0.00,https://www.kimballelectronics.com,,,,,,,Auto-enriched
1387,RUM,Rumble (company),Communication,0.00,https://www.rumble.com,https://en.wikipedia.org/wiki/Rumble_(company),,,,,,Auto-enriched
1388,BDN,Brandywine Realty Trust,Real Estate,0.00,https://www.brandywinerealty.com,https://en.wikipedia.org/wiki/Brandywine_Realty_Trust,https://www.facebook.com/BrandywineRealtyTrust,,,,,Auto-enriched
1389,PAR,Par Technology Corp,Information Technology,0.00,https://www.partech.com,,,,,,,Auto-enriched
1390,ACTG,Acacia Research Corp,Financials,0.00,https://www.acaciaresearch.com,,,,,,,Auto-enriched
1391,EVER,EverQuote,Communication,0.00,https://www.everquote.com,https://en.wikipedia.org/wiki/EverQuote,https://www.facebook.com/EverQuote,https://www.instagram.com/everquotepics,https://x.com/everquoteinsure,,,Auto-enriched
1392,AQST,Aquestive Therapeutics Inc,Health Care,0.00,https://www.aquestive.com,,,,,,,Auto-enriched
1393,JBSS,John B Sanfilippo And Son Inc,Consumer Staples,0.00,https://www.jbssinc.com,,,,,,,Auto-enriched
1394,CXM,Sprinklr,Information Technology,0.00,https://www.sprinklr.com,https://en.wikipedia.org/wiki/Sprinklr,https://www.facebook.com/sprinklr,,https://x.com/sprinklr,https://www.youtube.com/channel/UCTzl5zxRNZndPCsoWpPKtqw,,Auto-enriched
1395,FET,Forum Energy Technologies,Energy,0.00,https://www.f-e-t.com,https://en.wikipedia.org/wiki/Forum_Energy_Technologies,,,,,,Auto-enriched
1396,METC,Ramaco Resources Inc Class A,Materials,0.00,https://www.ramacoresources.com,,,,,,,Auto-enriched
1397,EGY,Vaalco Energy,Energy,0.00,https://www.vaalco.com,https://en.wikipedia.org/wiki/Vaalco_Energy,,,,,,Auto-enriched
1398,TRC,Tejon Ranch,Real Estate,0.00,https://www.tejonranch.com,https://en.wikipedia.org/wiki/Tejon_Ranch,,,,,,Auto-enriched
1399,ASIX,AdvanSix,Materials,0.00,https://www.advansix.com,https://en.wikipedia.org/wiki/AdvanSix,,,,,,Auto-enriched
1400,FIP,Ftai Infrastructure Inc,Industrials,0.00,https://www.ftaiinfra.com,,,,,,,Auto-enriched
1401,DEC,Diversified Energy,Energy,0.00,https://www.div.energy,https://en.wikipedia.org/wiki/Diversified_Energy,,,https://x.com/dec_plc,,https://www.linkedin.com/company/diversified-gas-,Auto-enriched
1402,PAX,Patria Investments Ltd Class A,Financials,0.00,https://www.patria.com,,,,,,,Auto-enriched
1403,SBGI,Sinclair Broadcast Group,Communication,0.00,https://www.sbgi.net,https://en.wikipedia.org/wiki/Sinclair_Broadcast_Group,https://www.facebook.com/WeAreSinclair,,https://x.com/wearesinclair,,,Auto-enriched
1404,NBN,Northeast Bank,Financials,0.00,https://www.northeastbank.com,https://en.wikipedia.org/wiki/Northeast_Bank,,,,,,Auto-enriched
1405,SABR,Sabre Corporation,Consumer Discretionary,0.00,https://www.sabre.com,https://en.wikipedia.org/wiki/Sabre_Corporation,,,,,https://www.linkedin.com/company/sabre-corporation,Auto-enriched
1406,CERT,Certara Inc,Health Care,0.00,https://www.certara.com,,,,,,,Auto-enriched
1407,RGR,"Sturm, Ruger & Co.",Consumer Discretionary,0.00,https://www.ruger.com,"https://en.wikipedia.org/wiki/Sturm,_Ruger_%26_Co.",https://www.facebook.com/Ruger,https://www.instagram.com/rugersofficial,,https://www.youtube.com/channel/UC9Ge9rpeTPQxnjlMH0VDwIA,,Auto-enriched
1408,HIPO,Hippo (company),Financials,0.00,https://www.hippo.com,https://en.wikipedia.org/wiki/Hippo_(company),,,,,,Auto-enriched
1409,RWT,Redwood Trust Reit Inc,Financials,0.00,https://www.redwoodtrust.com,,,,,,,Auto-enriched
1410,CCOI,Cogent Communications,Communication,0.00,https://www.cogentco.com,https://en.wikipedia.org/wiki/Cogent_Communications,,,,,,Auto-enriched
1411,NUTX,Nutex Health,Health Care,0.00,https://www.nutexhealth.com,https://en.wikipedia.org/wiki/Nutex_Health,,,,,,Auto-enriched
1412,QNST,QuinStreet,Communication,0.00,https://www.quinstreet.com,https://en.wikipedia.org/wiki/QuinStreet,,,,,,Auto-enriched
1413,MOV,Movado,Consumer Discretionary,0.00,https://www.movadogroup.com,https://en.wikipedia.org/wiki/Movado,https://www.facebook.com/movado,https://www.instagram.com/movado,https://x.com/Movado,https://www.youtube.com/channel/UCIhMORp8FgRkD-QBXvUxI2w,,Auto-enriched
1414,SPRY,Ars Pharmaceuticals Inc,Health Care,0.00,https://www.ars-pharma.com,,,,,,,Auto-enriched
1415,EE,Excelerate Energy Inc Class A,Energy,0.00,https://www.excelerateenergy.com,,,,,,,Auto-enriched
1416,GCMG,Gcm Grosvenor Inc Class A,Financials,0.00,https://www.gcmgrosvenor.com,,,,,,,Auto-enriched
1417,SANA,Sana Biotechnology Inc,Health Care,0.00,https://www.sana.com,,,,,,,Auto-enriched
1418,HELE,Helen of Troy Limited,Consumer Discretionary,0.00,https://www.helenoftroy.com,https://en.wikipedia.org/wiki/Helen_of_Troy_Limited,,,,,,Auto-enriched
1419,NVRI,Enviri,Industrials,0.00,https://www.enviri.com,https://en.wikipedia.org/wiki/Enviri,https://www.facebook.com/HarscoCorporation,,,https://www.youtube.com/channel/UCtJp7YidT52Cl4cj_4kWAmw,,Auto-enriched
1420,OXM,Oxford Industries,Consumer Discretionary,0.00,https://www.oxfordinc.com,https://en.wikipedia.org/wiki/Oxford_Industries,,,,,,Auto-enriched
1421,UHAL,U-Haul,Industrials,0.00,https://www.uhaul.com,https://en.wikipedia.org/wiki/U-Haul,https://www.facebook.com/uhaul,https://www.instagram.com/gouhaul,https://x.com/uhaul,https://www.youtube.com/channel/UCv__fgVDYY-h0UbcV07TOMw,https://www.linkedin.com/company/u-haul-international-inc-,Auto-enriched
1422,SD,SandRidge Energy,Energy,0.00,https://www.sandridgeenergy.com,https://en.wikipedia.org/wiki/SandRidge_Energy,,,,,,Auto-enriched
1423,CAL,Caleres,Consumer Discretionary,0.00,https://www.caleres.com,https://en.wikipedia.org/wiki/Caleres,,,,,,Auto-enriched
1424,OPK,OPKO Health,Health Care,0.00,https://www.opko.com,https://en.wikipedia.org/wiki/OPKO_Health,,,,,,Auto-enriched
1425,GEVO,Gevo,Energy,0.00,https://www.gevo.com,https://en.wikipedia.org/wiki/Gevo,,,https://x.com/Gevo_Inc,,,Auto-enriched
1426,PHR,Phreesia,Health Care,0.00,https://www.phreesia.com,https://en.wikipedia.org/wiki/Phreesia,https://www.facebook.com/Phreesia,,https://x.com/phreesia,,https://www.linkedin.com/company/phreesia,Auto-enriched
1427,GCO,Genesco,Consumer Discretionary,0.00,https://www.genesco.com,https://en.wikipedia.org/wiki/Genesco,,,,,,Auto-enriched
1428,TITN,Titan Machinery,Industrials,0.00,https://www.titanmachinery.com,https://en.wikipedia.org/wiki/Titan_Machinery,,https://www.instagram.com/titan_machinery,,,,Auto-enriched
1429,PLAY,Dave & Buster's,Consumer Discretionary,0.00,https://www.daveandbusters.com,https://en.wikipedia.org/wiki/Dave_%26_Buster%27s,https://www.facebook.com/daveandbusters,https://www.instagram.com/daveandbusters,https://x.com/daveandbusters,,https://www.linkedin.com/company/dave-&-buster's,Auto-enriched
1430,PAHC,Phibro Animal Health,Health Care,0.00,https://www.pahc.com,https://en.wikipedia.org/wiki/Phibro_Animal_Health,,,,,,Auto-enriched
1431,NX,Quanex Building Products Corp,Industrials,0.00,https://www.quanex.com,,,,,,,Auto-enriched
1432,CSTL,Castle Biosciences Inc,Health Care,0.00,https://www.castlebiosciences.com,,,,,,,Auto-enriched
1433,PACB,Pacific Biosciences,Health Care,0.00,https://www.pacb.com,https://en.wikipedia.org/wiki/Pacific_Biosciences,,,https://x.com/pacbio,https://www.youtube.com/channel/UC2y78sjVOumGc2da1tN629g,,Auto-enriched
1434,COTY,Coty,Consumer Staples,0.00,https://www.coty.com,https://en.wikipedia.org/wiki/Coty,,https://www.instagram.com/cotyinc,https://x.com/cotyinc,,,Auto-enriched
1435,LZ,LegalZoom,Industrials,0.00,https://www.legalzoom.com,https://en.wikipedia.org/wiki/LegalZoom,https://www.facebook.com/LegalZoom,https://www.instagram.com/legalzoom,https://x.com/legalzoom,https://www.youtube.com/channel/UCiGZICh-foVlKTCT6myF7kA,https://www.linkedin.com/company/legalzoom,Auto-enriched
1436,FLY,Firefly Aerospace,Industrials,0.00,https://www.fireflyspace.com,https://en.wikipedia.org/wiki/Firefly_Aerospace,https://www.facebook.com/fireflyspace,https://www.instagram.com/fireflyaerospace,https://x.com/Firefly_Space,https://www.youtube.com/channel/UC31UF9oKANw77yxBLxN852A,https://www.linkedin.com/company/firefly-aerospace,Auto-enriched
1437,NTGR,Netgear,Information Technology,0.00,https://www.netgear.com,https://en.wikipedia.org/wiki/Netgear,,https://www.instagram.com/netgear,https://x.com/netgear,https://www.youtube.com/channel/UCAPys1-RzEzZpjODxo-pRzg,https://www.linkedin.com/company/netgear,Auto-enriched
1438,HOV,Hovnanian Enterprises,Consumer Discretionary,0.00,https://www.khov.com,https://en.wikipedia.org/wiki/Hovnanian_Enterprises,https://www.facebook.com/khovnanianhomes,https://www.instagram.com/khovhomes,https://x.com/khov,,,Auto-enriched
1439,FOXF,Fox Factory,Consumer Discretionary,0.00,https://www.ridefox.com,https://en.wikipedia.org/wiki/Fox_Factory,https://www.facebook.com/fox,https://www.instagram.com/fox,,https://www.youtube.com/channel/UCN_B2-bdBtmAq-5TOEU63nQ,https://www.linkedin.com/company/foxfactory,Auto-enriched
1440,CVI,Cvr Energy Inc,Energy,0.00,https://www.cvrenergy.com,,,,,,,Auto-enriched
1441,HPP,Hudson Pacific Properties,Real Estate,0.00,https://www.hudsonpacificproperties.com,https://en.wikipedia.org/wiki/Hudson_Pacific_Properties,,,,,,Auto-enriched
1442,HBNC,Horizon Bancorp Inc,Financials,0.00,https://www.horizonbank.com,,,,,,,Auto-enriched
1443,CODI,Compass Diversified,Financials,0.00,https://www.compassdiversified.com,,,,,,,Auto-enriched
1444,SPOK,Spok Holdings Inc,Communication,0.00,https://www.spok.com,,,,,,,Auto-enriched
1445,XRN,Chiron Real Estate Inc,Real Estate,0.00,,,,,,,,Auto-enriched
1446,BETR,Better Home Finance Holding Class,Financials,0.00,https://www.better.com,,,,,,,Auto-enriched
1447,POWW,Outdoor Holding,Consumer Discretionary,0.00,https://www.outdoorholding.com,,,,,,,Auto-enriched
1448,ANIK,Anika Therapeutics Inc,Health Care,0.00,https://www.anika.com,,,,,,,Auto-enriched
1449,DSP,Viant,Information Technology,0.00,https://www.viantinc.com,https://en.wikipedia.org/wiki/Viant,,,,,,Auto-enriched
1450,FULC,Fulcrum Therapeutics Inc,Health Care,0.00,https://www.fulcrumtx.com,,,,,,,Auto-enriched
1451,RMR,Rmr Group Inc Class A,Real Estate,0.00,https://www.rmrgroup.com,,,,,,,Auto-enriched
1452,BSRR,Sierra Bancorp,Financials,0.00,,,,,,,,Auto-enriched
1453,REFI,Chicago Atlantic Real Estate Finan,Financials,0.00,https://www.refi.reit,,,,,,,Auto-enriched
1454,OFIX,Orthofix Medical Inc,Health Care,0.00,https://www.orthofix.com,,,,,,,Auto-enriched
1455,ZBIO,Zenas Biopharma Inc,Health Care,0.00,https://www.zenasbio.com,,,,,,,Auto-enriched
1456,PSTL,Postal Realty Trust Inc Class A,Real Estate,0.00,https://www.postalrealtytrust.com,,,,,,,Auto-enriched
1457,SHOE,Shoe Carnival,Consumer Discretionary,0.00,https://www.shoecarnival.com,https://en.wikipedia.org/wiki/Shoe_Carnival,https://www.facebook.com/ShoeCarnival,https://www.instagram.com/shoecarnival,https://x.com/ShoeCarnival,https://www.youtube.com/channel/UC8bM5CTgiTYSsCwLSB4ir2w,,Auto-enriched
1458,TG,Tredegar Corp,Materials,0.00,https://www.tredegar.com,,,,,,,Auto-enriched
1459,PLTK,Playtika,Communication,0.00,https://www.playtika.com,https://en.wikipedia.org/wiki/Playtika,,,,,https://www.linkedin.com/company/playtika,Auto-enriched
1460,SPT,Sprout Social,Information Technology,0.00,https://www.sproutsocial.com,https://en.wikipedia.org/wiki/Sprout_Social,https://www.facebook.com/SproutSocialInc,https://www.instagram.com/sproutsocial,https://x.com/sproutsocial,https://www.youtube.com/channel/UCioEG79csi0qiHsSsJ-D2VA,https://www.linkedin.com/company/sprout-social-inc-,Auto-enriched
1461,OPTU,Optimum Communications,Communication,0.00,https://www.alticeusa.com,https://en.wikipedia.org/wiki/Optimum_Communications,https://www.facebook.com/Optimum,https://www.instagram.com/alticeusa,https://x.com/AlticeB2B_USA,https://www.youtube.com/channel/UCSDSGnA223P7qDRc-GEm4ug,,Auto-enriched
1462,NXDR,Nextdoor,Communication,0.00,https://www.nextdoor.com,https://en.wikipedia.org/wiki/Nextdoor,,,https://x.com/Nextdoor,,,Auto-enriched
1463,VNDA,Vanda Pharmaceuticals Inc,Health Care,0.00,https://www.vandapharma.com,,,,,,,Auto-enriched
1464,CZFS,Citizens Financial Services Inc,Financials,0.00,,,,,,,,Auto-enriched
1465,FLGT,Fulgent Genetics Inc,Health Care,0.00,https://www.fulgentgenetics.com,,,,,,,Auto-enriched
1466,SB,Safe Bulkers Inc,Industrials,0.00,https://www.safebulkers.com,,,,,,,Auto-enriched
1467,NEWT,Newtekone Inc,Financials,0.00,https://www.newtekone.com,,,,,,,Auto-enriched
1468,LXEO,Lexeo Therapeutics Inc,Health Care,0.00,https://www.lexeotx.com,,,,,,,Auto-enriched
1469,VITL,Vital Farms,Consumer Staples,0.00,https://www.vitalfarms.com,https://en.wikipedia.org/wiki/Vital_Farms,,,,,,Auto-enriched
1470,WEST,Westrock Coffee,Consumer Staples,0.00,https://www.westrockcoffee.com,,,,,,,Auto-enriched
1471,CMCL,Caledonia Mining Plc,Materials,0.00,https://www.caledoniamining.com,,,,,,,Auto-enriched
1472,MBI,MBIA,Financials,0.00,https://www.mbia.com,https://en.wikipedia.org/wiki/MBIA,,,,,,Auto-enriched
1473,ARHS,Arhaus,Consumer Discretionary,0.00,https://www.arhaus.com,https://en.wikipedia.org/wiki/Arhaus,https://www.facebook.com/44947264751,https://www.instagram.com/arhaus,https://x.com/Arhaus,https://www.youtube.com/channel/UCTKNN4iLeU_kK6WJy4jn2vQ,,Auto-enriched
1474,AHRT,Ah Realty Inc,Real Estate,0.00,,,,,,,,Auto-enriched
1475,PHAT,Phathom Pharmaceuticals Inc,Health Care,0.00,https://www.phathompharma.com,,,,,,,Auto-enriched
1476,YEXT,Yext,Information Technology,0.00,https://www.yext.com,https://en.wikipedia.org/wiki/Yext,,,https://x.com/yext,,,Auto-enriched
1477,STRZ,Starz Entertainment,Communication,0.00,https://www.starz.com,https://en.wikipedia.org/wiki/Starz_Entertainment,https://www.facebook.com/lionsgate,https://www.instagram.com/lionsgate,https://x.com/Lionsgate,,https://www.linkedin.com/company/lionsgate,Auto-enriched
1478,PRTA,Prothena Plc,Health Care,0.00,https://www.prothena.com,,,,,,,Auto-enriched
1479,ZUMZ,Zumiez,Consumer Discretionary,0.00,https://www.zumiez.com,https://en.wikipedia.org/wiki/Zumiez,https://www.facebook.com/zumiez,https://www.instagram.com/zumiez,https://x.com/zumiez,,,Auto-enriched
1480,LMNR,Limoneira,Consumer Staples,0.00,https://www.limoneira.com,https://en.wikipedia.org/wiki/Limoneira,,,,,,Auto-enriched
1481,CMCO,Columbus Mckinnon Corp,Industrials,0.00,https://www.columbusmckinnon.com,,https://www.facebook.com/Magnetek,https://www.instagram.com/magnetekinc,https://x.com/magnetekinc,,,Auto-enriched
1482,YORW,The York Water Company,Utilities,0.00,https://www.yorkwater.com,https://en.wikipedia.org/wiki/The_York_Water_Company,,,,,https://www.linkedin.com/company/the-york-water-company,Auto-enriched
1483,ASPN,Aspen Aerogels Inc,Materials,0.00,https://www.aerogel.com,,,,,,,Auto-enriched
1484,IPI,Intrepid Potash,Materials,0.00,https://www.intrepidpotash.com,https://en.wikipedia.org/wiki/Intrepid_Potash,,,,,,Auto-enriched
1485,FWRD,Forward Air Corp,Industrials,0.00,https://www.forwardair.com,,,,,,,Auto-enriched
1486,FPI,Farmland Partners Inc,Real Estate,0.00,https://www.farmlandpartners.com,,,,,,,Auto-enriched
1487,BWMN,Bowman Consulting Group Ltd,Industrials,0.00,https://www.bowman.com,,,,,,,Auto-enriched
1488,CHCT,Community Healthcare Trust Inc,Real Estate,0.00,https://www.chct.reit,,,,,,,Auto-enriched
1489,CERS,Cerus Corporation,Health Care,0.00,https://www.cerus.com,https://en.wikipedia.org/wiki/Cerus_Corporation,,,,,,Auto-enriched
1490,BLND,Blend Labs Inc Class A,Information Technology,0.00,https://www.blend.com,,,,,,,Auto-enriched
1491,CMT,Core Molding Technologies,Materials,0.00,https://www.coremolding.com,https://en.wikipedia.org/wiki/Core_Molding_Technologies,,,,,,Auto-enriched
1492,XPER,Xperi,Information Technology,0.00,https://www.xperi.com,https://en.wikipedia.org/wiki/Xperi,,,,,,Auto-enriched
1493,CTKB,Cytek Biosciences Inc,Health Care,0.00,https://www.cytekbio.com,,,,,,,Auto-enriched
1494,GRNT,Granite Ridge Resources Inc,Energy,0.00,https://www.graniteridge.com,,,,,,,Auto-enriched
1495,EVCM,Evercommerce Inc,Information Technology,0.00,https://www.evercommerce.com,,,,,,,Auto-enriched
1496,IHRT,IHeartMedia,Communication,0.00,https://www.iheartmedia.com,https://en.wikipedia.org/wiki/IHeartMedia,https://www.facebook.com/iHeartMedia,,https://x.com/iheartmedia,,,Auto-enriched
1497,VTS,Vitesse Energy Inc,Energy,0.00,https://www.vitesse-vts.com,,,,,,,Auto-enriched
1498,RPD,Rapid7 Inc,Information Technology,0.00,https://www.rapid7.com,,,,https://x.com/metasploit,,,Auto-enriched
1499,XRX,Xerox,Information Technology,0.00,https://www.xerox.com,https://en.wikipedia.org/wiki/Xerox,https://www.facebook.com/XeroxCorp,https://www.instagram.com/xerox,https://x.com/Xerox,https://www.youtube.com/channel/UCg95psnMG7cFZyWJG2bEVBw,https://www.linkedin.com/company/xerox,Auto-enriched
1500,MYGN,Myriad Genetics,Health Care,0.00,https://www.myriad.com,https://en.wikipedia.org/wiki/Myriad_Genetics,,https://www.instagram.com/myriadgenetics,https://x.com/myriadgenetics,,,Auto-enriched
1501,VREX,Varex Imaging Corp,Health Care,0.00,https://www.vareximaging.com,,,,,,,Auto-enriched
1502,LILAP,Liberty Latin America,Communication,0.00,https://www.lla.com,https://en.wikipedia.org/wiki/Liberty_Latin_America,,https://www.instagram.com/clarobrasil,https://x.com/ClaroColombia,,,Auto-enriched
1503,NIQ,Niq Global Intelligence Plc,Communication,0.00,https://www.nielseniq.com,,,,,,,Auto-enriched
1504,SFIX,Stitch Fix,Consumer Discretionary,0.00,https://www.stitchfix.com,https://en.wikipedia.org/wiki/Stitch_Fix,https://www.facebook.com/stitchfix,https://www.instagram.com/stitchfix,https://x.com/stitchfix,,,Auto-enriched
1505,ROOT,"Root, Inc.",Financials,0.00,https://www.joinroot.com,"https://en.wikipedia.org/wiki/Root,_Inc.",,,https://x.com/RootHelps,,,Auto-enriched
1506,WTI,W And T Offshore Inc,Energy,0.00,https://www.wtoffshore.com,,,,,,,Auto-enriched
1507,NGVC,Vitamin Cottage Natural Grocers,Consumer Staples,0.00,https://www.naturalgrocers.com,https://en.wikipedia.org/wiki/Vitamin_Cottage_Natural_Grocers,https://www.facebook.com/NaturalGrocers,https://www.instagram.com/naturalgrocers,https://x.com/naturalgrocers,,,Auto-enriched
1508,GRPN,Groupon,Consumer Discretionary,0.00,https://www.groupon.com,https://en.wikipedia.org/wiki/Groupon,https://www.facebook.com/Groupon.US,,https://x.com/Groupon,,,Auto-enriched
1509,CRNC,Cerence,Information Technology,0.00,https://www.cerence.com,https://en.wikipedia.org/wiki/Cerence,,,,,,Auto-enriched
1510,INBK,First Internet Bank,Financials,0.00,https://www.firstinternetbancorp.com,https://en.wikipedia.org/wiki/First_Internet_Bank,,,,,,Auto-enriched
1511,FC,FranklinCovey,Industrials,0.00,https://www.franklincovey.com,https://en.wikipedia.org/wiki/FranklinCovey,https://www.facebook.com/FranklinCovey,https://www.instagram.com/franklincovey,https://x.com/franklincovey,https://www.youtube.com/channel/UCRXz_Dh-KJQ1YpIHH-btzTw,https://www.linkedin.com/company/franklincovey,Auto-enriched
1512,RMNI,Rimini Street Inc,Information Technology,0.00,https://www.riministreet.com,,,,,,,Auto-enriched
1513,KREF,Kkr Real Estate Finance Inc Trust,Financials,0.00,https://www.kkrreit.com,,,,,,,Auto-enriched
1514,MATV,Mativ Holdings Inc,Materials,0.00,https://www.mativ.com,,,,,,,Auto-enriched
1515,UTZ,Utz Brands,Consumer Staples,0.00,https://www.utzsnacks.com,https://en.wikipedia.org/wiki/Utz_Brands,https://www.facebook.com/UtzSnacks,,https://x.com/utzsnacks,,,Auto-enriched
1516,OLP,One Liberty Properties Reit Inc,Real Estate,0.00,https://www.onelibertyproperties.com,,,,,,,Auto-enriched
1517,DSGN,Design Therapeutics Inc,Health Care,0.00,https://www.design-tx.com,,,,,,,Auto-enriched
1518,DDD,3D Systems,Industrials,0.00,https://www.3dsystems.com,https://en.wikipedia.org/wiki/3D_Systems,,,,,,Auto-enriched
1519,ACCO,ACCO Brands,Industrials,0.00,https://www.accobrands.com,https://en.wikipedia.org/wiki/ACCO_Brands,,,https://x.com/ACCOBrands,,,Auto-enriched
1520,SLDP,Solid Power Inc Class A,Consumer Discretionary,0.00,https://www.solidpowerbattery.com,,,,,,,Auto-enriched
1521,REPX,Riley Exploration Permian Inc,Energy,0.00,https://www.rileypermian.com,,,,,,,Auto-enriched
1522,HY,Hyster-Yale Materials Handling,Industrials,0.00,https://www.hyster-yale.com,https://en.wikipedia.org/wiki/Hyster-Yale_Materials_Handling,,,,,,Auto-enriched
1523,DSGR,Distribution Solutions Group,Industrials,0.00,https://www.distributionsolutionsgroup.com,https://en.wikipedia.org/wiki/Distribution_Solutions_Group,,,,,,Auto-enriched
1524,AEBI,AEBI,Industrials,0.00,https://www.aebi-schmidt.com,https://en.wikipedia.org/wiki/AEBI,,,,,,Auto-enriched
1525,ABAT,American Battery Technology Compan,Materials,0.00,https://www.americanbatterytechnology.com,,,,,,,Auto-enriched
1526,KELYA,Kelly Services,Industrials,0.00,https://www.kellyservices.com,https://en.wikipedia.org/wiki/Kelly_Services,https://www.facebook.com/kellyservices,,https://x.com/kellyservices,,,Auto-enriched
1527,ARVN,Arvinas Inc,Health Care,0.00,https://www.arvinas.com,,,,,,,Auto-enriched
1528,HVT,Havertys,Consumer Discretionary,0.00,https://www.havertys.com,https://en.wikipedia.org/wiki/Havertys,https://www.facebook.com/Havertys,https://www.instagram.com/havertysfurniture,https://x.com/havertys,,,Auto-enriched
1529,CENT,Central Garden And Pet,Consumer Staples,0.00,https://www.central.com,,,,,,,Auto-enriched
1530,PSIX,Power Solutions International Inc,Industrials,0.00,https://www.psiengines.com,,,,,,,Auto-enriched
1531,DBI,Designer Brands,Consumer Discretionary,0.00,https://www.designerbrands.com,https://en.wikipedia.org/wiki/Designer_Brands,https://www.facebook.com/designerbrands,https://www.instagram.com/designer_brands,https://x.com/Designer_Brands,,https://www.linkedin.com/company/35629857,Auto-enriched
1532,AMPL,"Amplitude, Inc.",Information Technology,0.00,https://www.amplitude.com,"https://en.wikipedia.org/wiki/Amplitude,_Inc.",,,,,,Auto-enriched
1533,CWH,Camping World,Consumer Discretionary,0.00,https://www.campingworld.com,https://en.wikipedia.org/wiki/Camping_World,https://www.facebook.com/campingworld,https://www.instagram.com/campingworld,https://x.com/campingworld,https://www.youtube.com/channel/UCLXyOGLvyrcjI4_PaVayJag,,Auto-enriched
1534,BMRC,Bank Of Marin Bancorp,Financials,0.00,https://www.bankofmarin.com,,,,,,,Auto-enriched
1535,TBCH,Turtle Beach Corporation,Information Technology,0.00,https://www.turtlebeach.com,https://en.wikipedia.org/wiki/Turtle_Beach_Corporation,https://www.facebook.com/turtlebeach,https://www.instagram.com/turtlebeach,https://x.com/turtlebeach,https://www.youtube.com/channel/UC9FZqMukjIs8BQ_eg23DcyQ,https://www.linkedin.com/company/turtle-beach,Auto-enriched
1536,EBS,Emergent BioSolutions,Health Care,0.00,https://www.emergentbiosolutions.com,https://en.wikipedia.org/wiki/Emergent_BioSolutions,,,,,,Auto-enriched
1537,PRTH,Priority Technology Holdings Inc,Financials,0.00,https://www.prth.com,,,,,,,Auto-enriched
1538,ANNX,Annexon Inc,Health Care,0.00,https://www.annexonbio.com,,,,,,,Auto-enriched
1539,FRPH,Frp Holdings Inc,Real Estate,0.00,https://www.frpholdings.com,,,,,,,Auto-enriched
1540,FDMT,4D Molecular Therapeutics Inc,Health Care,0.00,https://www.4dmoleculartherapeutics.com,,,,,,,Auto-enriched
1541,BOW,Bowhead Specialty Holdings Inc,Financials,0.00,https://www.bowheadspecialty.com,,,,,,,Auto-enriched
1542,GOOD,Gladstone Commercial Reit Corp,Real Estate,0.00,https://www.gladstonecommercial.com,,,,,,,Auto-enriched
1543,FNLC,First Bancorp Inc,Financials,0.00,https://www.thefirst.com,,,,,,,Auto-enriched
1544,BFS,Saul Centers Reit Inc,Real Estate,0.00,https://www.saulcenters.com,,,,,,,Auto-enriched
1545,FDBC,Fidelity D And D Bancorp Inc,Financials,0.00,https://www.the-fidelity.com,,,,,,,Auto-enriched
1546,RHLD,Resolute Holdings Management Inc,Industrials,0.00,,,,,https://x.com/ARKInvest,,,Auto-enriched
1547,LBRDA,Liberty Broadband,Communication,0.00,https://www.libertybroadband.com,https://en.wikipedia.org/wiki/Liberty_Broadband,,,,,,Auto-enriched
1548,IIIV,I3 Verticals Inc Class A,Information Technology,0.00,https://www.i3verticals.com,,,,,,,Auto-enriched
1549,MCFT,MasterCraft,Consumer Discretionary,0.00,https://www.mastercraft.com,https://en.wikipedia.org/wiki/MasterCraft,https://www.facebook.com/MCBoatCompany,https://www.instagram.com/mcboatcompany,,,,Auto-enriched
1550,DGICA,Donegal Group Inc Class A,Financials,0.00,https://www.donegalgroup.com,,,,,,,Auto-enriched
1551,DFH,Dream Finders Homes Inc Class A,Consumer Discretionary,0.00,https://www.dreamfindershomes.com,,,,,,,Auto-enriched
1552,MDXG,MiMedx,Health Care,0.00,https://www.mimedx.com,https://en.wikipedia.org/wiki/MiMedx,,,,,,Auto-enriched
1553,OEC,Orion Sa,Materials,0.00,https://www.orioncarbons.com,,,,,,,Auto-enriched
1554,DRUG,Bright Minds Biosciences,Health Care,0.00,https://www.brightmindsbio.com,https://en.wikipedia.org/wiki/Bright_Minds_Biosciences,,,,,,Auto-enriched
1555,TIPT,Tiptree Inc,Financials,0.00,https://www.tiptreeinc.com,,,,,,,Auto-enriched
1556,TRAX,First Tracks Biotherapeutics Inc,Health Care,0.00,,,,,,,,Auto-enriched
1557,SERV,Serve Robotics,Consumer Discretionary,0.00,https://www.serverobotics.com,https://en.wikipedia.org/wiki/Serve_Robotics,,https://www.instagram.com/serverobotics,https://x.com/serverobotics,,https://www.linkedin.com/company/serverobotics,Auto-enriched
1558,UHT,Universal Health Realty Income Tru,Real Estate,0.00,https://www.uhrit.com,,,,,,,Auto-enriched
1559,CYH,Community Health Systems,Health Care,0.00,https://www.chs.net,https://en.wikipedia.org/wiki/Community_Health_Systems,,,,,,Auto-enriched
1560,VMD,Viemed Healthcare Inc,Health Care,0.00,https://www.viemed.com,,,,,,,Auto-enriched
1561,ANGO,AngioDynamics,Health Care,0.00,https://www.angiodynamics.com,https://en.wikipedia.org/wiki/AngioDynamics,,,,,,Auto-enriched
1562,ATROB,Astronics,Industrials,0.00,https://www.astronics.com,https://en.wikipedia.org/wiki/Astronics,,,,,,Auto-enriched
1563,RBB,Royal Business Bank,Financials,0.00,https://www.royalbusinessbankusa.com,https://en.wikipedia.org/wiki/Royal_Business_Bank,https://www.facebook.com/royalbusinessbank,https://www.instagram.com/royalbusinessbank,,,,Auto-enriched
1564,MTW,Manitowoc Company,Industrials,0.00,https://www.manitowoc.com,https://en.wikipedia.org/wiki/Manitowoc_Company,,,,,,Auto-enriched
1565,OOMA,Ooma,Information Technology,0.00,https://www.ooma.com,https://en.wikipedia.org/wiki/Ooma,https://www.facebook.com/oomainc,,https://x.com/Ooma,https://www.youtube.com/channel/UCeuRotKRHVlN43qbE7DCxKQ,,Auto-enriched
1566,PUBM,PubMatic,Communication,0.00,https://www.pubmatic.com,https://en.wikipedia.org/wiki/PubMatic,,,,,,Auto-enriched
1567,ACIC,American Coastal Insurance Corp,Financials,0.00,https://www.amcoastal.com,,,,,,,Auto-enriched
1568,PANL,Pangaea Logistics Solutions Ltd,Industrials,0.00,https://www.pangaeals.com,,,,,,,Auto-enriched
1569,WASH,Washington Trust Bancorp Inc,Financials,0.00,https://www.washtrust.com,,,,,,,Auto-enriched
1570,FMAO,Farmers And Merchants Bancorp Inc,Financials,0.00,https://www.fmbankoh.com,,,,,,,Auto-enriched
1571,JMSB,John Marshall Bancorp Inc,Financials,0.00,https://www.johnmarshallbank.com,,,,,,,Auto-enriched
1572,RM,Regional Management Corp,Financials,0.00,https://www.regionalmanagement.com,,,,,,,Auto-enriched
1573,CZNC,Citizens And Northern Corp,Financials,0.00,https://www.cnbankpa.com,,,,,,,Auto-enriched
1574,VSTM,Verastem Oncology,Health Care,0.00,https://www.verastem.com,https://en.wikipedia.org/wiki/Verastem_Oncology,,,https://x.com/VerastemOncolog,,https://www.linkedin.com/company/verastemoncology,Auto-enriched
1575,AIOT,Powerfleet,Information Technology,0.00,https://www.powerfleet.com,https://en.wikipedia.org/wiki/Powerfleet,,,,,,Auto-enriched
1576,PACK,Ranpak,Materials,0.00,https://www.ranpak.com,https://en.wikipedia.org/wiki/Ranpak,,,,,,Auto-enriched
1577,MNRO,Monro Inc.,Consumer Discretionary,0.00,https://www.monro.com,https://en.wikipedia.org/wiki/Monro_Inc.,https://www.facebook.com/MonroAutoServiceTire,,https://x.com/MonroAutoTire,,https://www.linkedin.com/company/monroinc,Auto-enriched
1578,KMTS,Kestra Medical Technologies Ltd,Health Care,0.00,https://www.kestramedical.com,,,,,,,Auto-enriched
1579,EVH,Evolent Health,Health Care,0.00,https://www.evolent.com,https://en.wikipedia.org/wiki/Evolent_Health,,,,,,Auto-enriched
1580,GIC,Global Industrial Company,Industrials,0.00,https://www.globalindustrial.com,https://en.wikipedia.org/wiki/Global_Industrial_Company,,,,,,Auto-enriched
1581,MEI,Methode Electronics,Information Technology,0.00,https://www.methode.com,https://en.wikipedia.org/wiki/Methode_Electronics,,,,,,Auto-enriched
1582,ONIT,Onity Group,Financials,0.00,https://www.onitygroup.com,https://en.wikipedia.org/wiki/Onity_Group,,,,,,Auto-enriched
1583,BVS,Bioventus Class A Inc,Health Care,0.00,https://www.bioventus.com,,,,,,,Auto-enriched
1584,ETD,Ethan Allen (company),Consumer Discretionary,0.00,https://www.ethanallen.com,https://en.wikipedia.org/wiki/Ethan_Allen_(company),https://www.facebook.com/ethanallendesign,https://www.instagram.com/ethanallen,,,https://www.linkedin.com/company/ethanallen,Auto-enriched
1585,TRTX,Tpg Re Finance Trust Inc,Financials,0.00,https://www.tpgrefinance.com,,,,,,,Auto-enriched
1586,NVEC,Nve Corp,Information Technology,0.00,https://www.nve.com,,,,,,,Auto-enriched
1587,IBTA,Ibotta,Communication,0.00,https://www.ibotta.com,https://en.wikipedia.org/wiki/Ibotta,https://www.facebook.com/ibottaapp,https://www.instagram.com/ibotta,https://x.com/ibottaapp,,https://www.linkedin.com/company/ibotta-inc-,Auto-enriched
1588,FSBW,Fs Bancorp Inc,Financials,0.00,https://www.fsbwa.com,,,,,,,Auto-enriched
1589,RDVT,Red Violet Inc,Information Technology,0.00,https://www.redviolet.com,,,,,,,Auto-enriched
1590,ASAN,"Asana, Inc.",Information Technology,0.00,https://www.asana.com,"https://en.wikipedia.org/wiki/Asana,_Inc.",https://www.facebook.com/asana,https://www.instagram.com/asana,https://x.com/asana,https://www.youtube.com/channel/UC2BoogM0AqwOJyoSp1S4ClQ,,Auto-enriched
1591,EBF,Ennis Inc,Industrials,0.00,https://www.ennis.com,,,,,,,Auto-enriched
1592,KRNY,Kearny Financial Corp,Financials,0.00,https://www.kearnybank.com,,,,,,,Auto-enriched
1593,HIFS,Hingham Institution For Savings,Financials,0.00,https://www.hinghamsavings.com,,,,,,,Auto-enriched
1594,MLAB,Mesa Laboratories Inc,Health Care,0.00,https://www.mesalabs.com,,,,,,,Auto-enriched
1595,BXC,BlueLinx,Industrials,0.00,https://www.bluelinxco.com,https://en.wikipedia.org/wiki/BlueLinx,,,,,,Auto-enriched
1596,MBUU,Malibu Boats,Consumer Discretionary,0.00,https://www.malibuboats.com,https://en.wikipedia.org/wiki/Malibu_Boats,,https://www.instagram.com/malibuboats,,,,Auto-enriched
1597,INDI,Indie Semiconductor Inc Class A,Information Technology,0.00,https://www.indiesemi.com,,,,,,,Auto-enriched
1598,ERII,Energy Recovery,Industrials,0.00,https://www.energyrecovery.com,https://en.wikipedia.org/wiki/Energy_Recovery,,,,,,Auto-enriched
1599,VEL,Velocity Financial Inc,Financials,0.00,https://www.velfinance.com,,,,,,,Auto-enriched
1600,RES,Rpc Inc,Energy,0.00,https://www.rpc.net,,,,,,,Auto-enriched
1601,IMXI,International Money Express Inc,Financials,0.00,https://www.imxi.com,,,,,,,Auto-enriched
1602,CLFD,Clearfield Inc,Information Technology,0.00,https://www.seeclearfield.com,,,,,,,Auto-enriched
1603,SRTA,Strata Critical Medical Inc Class,Health Care,0.00,,,,,,,,Auto-enriched
1604,CTO,Cto Realty Growth Inc,Real Estate,0.00,https://www.ctoreit.com,,,,,,,Auto-enriched
1605,BBW,Build-A-Bear Workshop,Consumer Discretionary,0.00,https://www.buildabear.com,https://en.wikipedia.org/wiki/Build-A-Bear_Workshop,https://www.facebook.com/Buildabear,https://www.instagram.com/buildabear,https://x.com/buildabear,https://www.youtube.com/channel/UCLKFj0lOHWcbjx8Nrpcw_fg,,Auto-enriched
1606,PRAA,PRA Group,Financials,0.00,https://www.pragroup.com,https://en.wikipedia.org/wiki/PRA_Group,,,,,,Auto-enriched
1607,IRWD,Ironwood Pharmaceuticals,Health Care,0.00,https://www.ironwoodpharma.com,https://en.wikipedia.org/wiki/Ironwood_Pharmaceuticals,,,https://x.com/ironwoodpharma,https://www.youtube.com/channel/UCegncMu6yBCfIfQrswkoRUQ,,Auto-enriched
1608,WTBA,West Bancorporation Inc,Financials,0.00,https://www.westbankstrong.com,,,,,,,Auto-enriched
1609,CWCO,Consolidated Water Ltd,Utilities,0.00,https://www.cwco.com,,,,,,,Auto-enriched
1610,NGNE,Neurogene Inc,Health Care,0.00,https://www.neurogene.com,,,,,,,Auto-enriched
1611,LXFR,Luxfer Holdings Plc,Industrials,0.00,https://www.luxfer.com,,,,,,,Auto-enriched
1612,SHBI,Shore Bancshares Inc,Financials,0.00,https://www.shorebancshares.com,,,,,,,Auto-enriched
1613,ORIC,Oric Pharmaceuticals Inc,Health Care,0.00,https://www.oricpharma.com,,,,,,,Auto-enriched
1614,CLB,Core Laboratories,Energy,0.00,https://www.corelab.com,https://en.wikipedia.org/wiki/Core_Laboratories,,,,,,Auto-enriched
1615,ALX,Alexanders Reit Inc,Real Estate,0.00,https://www.alx-inc.com,,,,,,,Auto-enriched
1616,IIIN,Insteel Industries Inc,Industrials,0.00,https://www.insteel.com,,,,,,,Auto-enriched
1617,SPFI,South Plains Financial Inc,Financials,0.00,https://www.spfi.bank,,,,,,,Auto-enriched
1618,WNC,Wabash National,Industrials,0.00,https://www.onewabash.com,https://en.wikipedia.org/wiki/Wabash_National,,,,,,Auto-enriched
1619,FRST,Primis Financial Corp,Financials,0.00,https://www.primisbank.com,,,,,,,Auto-enriched
1620,AVAH,Aveanna Healthcare Holdings Inc,Health Care,0.00,https://www.aveanna.com,,,,,,,Auto-enriched
1621,BBNX,Beta Bionics Inc,Health Care,0.00,https://www.betabionics.com,,,,,,,Auto-enriched
1622,TREE,LendingTree,Financials,0.00,https://www.lendingtree.com,https://en.wikipedia.org/wiki/LendingTree,https://www.facebook.com/LendingTree,https://www.instagram.com/lendingtree,https://x.com/lendingtree,,,Auto-enriched
1623,RZLV,Rezolve Ai Plc,Information Technology,0.00,https://www.rezolve.com,,,,,,,Auto-enriched
1624,MLR,Miller Industries,Industrials,0.00,https://www.millerind.com,https://en.wikipedia.org/wiki/Miller_Industries,,,,,,Auto-enriched
1625,CYRX,Cryoport Inc,Health Care,0.00,https://www.cryoport.com,,,,,,,Auto-enriched
1626,ASPI,Asp Isotopes Inc,Materials,0.00,https://www.aspisotopes.com,,,,,,,Auto-enriched
1627,OSPN,OneSpan,Information Technology,0.00,https://www.onespan.com,https://en.wikipedia.org/wiki/OneSpan,https://www.facebook.com/onespan,,https://x.com/onespan,,,Auto-enriched
1628,HBT,Hbt Financial Inc,Financials,0.00,https://www.hbtfinancial.com,,,,,,,Auto-enriched
1629,DC,Dakota Gold,Materials,0.00,https://www.dakotagoldcorp.com,https://en.wikipedia.org/wiki/Dakota_Gold,,,,,,Auto-enriched
1630,BKV,Bkv Corp,Energy,0.00,https://www.bkv.com,,,,,,,Auto-enriched
1631,AMSF,Amerisafe Inc,Financials,0.00,https://www.amerisafe.com,,,,,,,Auto-enriched
1632,ONT,Onterris Inc,Industrials,0.00,,,,,,,,Auto-enriched
1633,MVBF,Mvb Financial Corp,Financials,0.00,https://www.mvbbanking.com,,,,,,,Auto-enriched
1634,MRVI,Maravai Lifesciences Holdings Inc,Health Care,0.00,https://www.maravai.com,,,,,,,Auto-enriched
1635,SION,Sionna Therapeutics Inc,Health Care,0.00,https://www.sionnatx.com,,,,,,,Auto-enriched
1636,WSBF,Waterstone Financial Inc,Financials,0.00,https://www.waterstonebank.com,,,,,,,Auto-enriched
1637,TECX,Tectonic Therapeutic Inc,Health Care,0.00,https://www.tectonictherapeutic.com,,,,,,,Auto-enriched
1638,ARKO,Arko,Consumer Discretionary,0.00,https://www.arkocorp.com,,,,,,,Auto-enriched
1639,FRBA,First Bank,Financials,0.00,https://www.firstbanknj.com,,,,,,,Auto-enriched
1640,OLMA,Olema Pharmaceuticals Inc,Health Care,0.00,https://www.olema.com,,,,,,,Auto-enriched
1641,CCNE,Cnb Financial Corp,Financials,0.00,https://www.bankcnb.com,,,,,,,Auto-enriched
1642,BWB,Bridgewater Bancshares Inc,Financials,0.00,https://www.bridgewaterbankmn.com,,,,,,,Auto-enriched
1643,CCRN,Cross Country Healthcare Inc,Health Care,0.00,https://www.crosscountry.com,,,,,,,Auto-enriched
1644,FLOC,Flowco Holdings Inc Class A,Energy,0.00,https://www.flowco-inc.com,,,,,,,Auto-enriched
1645,ITIC,Investors Title,Financials,0.00,https://www.invtitle.com,,,,,,,Auto-enriched
1646,TSBK,Timberland Bancorp Inc,Financials,0.00,https://www.timberlandbank.com,,,,,,,Auto-enriched
1647,CIVB,Civista Bancshares Inc,Financials,0.00,https://www.civista.bank,,,,,,,Auto-enriched
1648,NXRT,Nexpoint Residential Trust Inc,Real Estate,0.00,https://www.nexpointliving.com,,,,,,,Auto-enriched
1649,ACEL,Accel Entertainment Inc Class A,Consumer Discretionary,0.00,https://www.accelentertainment.com,,,,,,,Auto-enriched
1650,CASS,Cass Information Systems Inc,Financials,0.00,https://www.cassinfo.com,,,,,,,Auto-enriched
1651,AVO,Mission Produce Inc,Consumer Staples,0.00,https://www.missionproduce.com,,,,,,,Auto-enriched
1652,SFST,Southern First Bancshares Inc,Financials,0.00,https://www.southernfirst.com,,,,,,,Auto-enriched
1653,KURA,Kura Oncology Inc,Health Care,0.00,https://www.kuraoncology.com,,,,,,,Auto-enriched
1654,ALRS,Alerus Financial,Financials,0.00,https://www.alerus.com,https://en.wikipedia.org/wiki/Alerus_Financial,,https://www.instagram.com/alerusfinancial,,,,Auto-enriched
1655,HTLD,Heartland Express,Industrials,0.00,https://www.heartlandexpress.com,https://en.wikipedia.org/wiki/Heartland_Express,,,,,,Auto-enriched
1656,CLDT,Chatham Lodging Trust Reit,Real Estate,0.00,https://www.chathamlodgingtrust.com,,,,,,,Auto-enriched
1657,IBCP,Independent Bank (Michigan),Financials,0.00,https://www.independentbank.com,https://en.wikipedia.org/wiki/Independent_Bank_(Michigan),,,,,,Auto-enriched
1658,CLBK,Columbia Financial Inc,Financials,0.00,https://www.columbiabankonline.com,,,,,,,Auto-enriched
1659,MMI,Marcus & Millichap,Real Estate,0.00,https://www.marcusmillichap.com,https://en.wikipedia.org/wiki/Marcus_%26_Millichap,,,https://x.com/mmreis,,,Auto-enriched
1660,FISI,Financial Institutions Inc,Financials,0.00,https://www.fiious.com,,,,,,,Auto-enriched
1661,GLIBK,Liberty Media,Communication,0.00,https://www.libertymedia.com,https://en.wikipedia.org/wiki/Liberty_Media,,,,,,Auto-enriched
1662,BCAL,California Bancorp,Financials,0.00,https://www.californiabankofcommerce.com,,,,,,,Auto-enriched
1663,HSTM,Healthstream Inc,Health Care,0.00,https://www.healthstream.com,,,,,,,Auto-enriched
1664,COFS,Choiceone Financial Services Inc,Financials,0.00,https://www.choiceone.com,,,,,,,Auto-enriched
1665,GEFB,"Greif, Inc.",Materials,0.00,https://www.greif.com,"https://en.wikipedia.org/wiki/Greif,_Inc.",,,,,,Auto-enriched
1666,NPCE,Neuropace Inc,Health Care,0.00,https://www.neuropace.com,,,,,,,Auto-enriched
1667,MCS,Marcus Corporation,Communication,0.00,https://www.marcuscorp.com,https://en.wikipedia.org/wiki/Marcus_Corporation,,,,,,Auto-enriched
1668,NB,Niocorp Developments Ltd,Materials,0.00,https://www.niocorp.com,,,,,,,Auto-enriched
1669,UTL,Unitil Corporation,Utilities,0.00,https://www.unitil.com,https://en.wikipedia.org/wiki/Unitil_Corporation,https://www.facebook.com/Unitil,https://www.instagram.com/unitilenergy,https://x.com/unitil,,,Auto-enriched
1670,TR,Tootsie Roll Industries,Consumer Staples,0.00,https://www.tootsie.com,https://en.wikipedia.org/wiki/Tootsie_Roll_Industries,https://www.facebook.com/TootsieRollIndustries,https://www.instagram.com/tootsieroll,,,,Auto-enriched
1671,BATRA,Atlanta Braves Holdings Inc Series,Communication,0.00,https://www.bravesholdings.com,,,,,,,Auto-enriched
1672,CWBC,Community West Bancshares,Financials,0.00,https://www.communitywest.com,https://en.wikipedia.org/wiki/Community_West_Bancshares,,,,,,Auto-enriched
1673,HTZ,Hertz Global Holdings,Industrials,0.00,https://www.hertz.com,https://en.wikipedia.org/wiki/Hertz_Global_Holdings,https://www.facebook.com/hertz,https://www.instagram.com/hertz,https://x.com/Hertz,https://www.youtube.com/channel/UCUgK_nJ3mQoUxVA5_9TeL4g,https://www.linkedin.com/company/4326,Auto-enriched
1674,BBUC,Brookfield Business Corp Class A,Industrials,0.00,https://bbuc.brookfield.com,,,,,,,Auto-enriched
1675,TDUP,ThredUp,Consumer Discretionary,0.00,https://www.thredup.com,https://en.wikipedia.org/wiki/ThredUp,https://www.facebook.com/thredup,https://www.instagram.com/thredup,https://x.com/thredUP,,,Auto-enriched
1676,INBX,Inhibrx Biosciences Inc,Health Care,0.00,https://www.inhibrx.com,,,,,,,Auto-enriched
1677,BHB,Bar Harbor Bankshares,Financials,0.00,https://www.barharbor.bank,,,,,,,Auto-enriched
1678,WRLD,World Acceptance Corp,Financials,0.00,https://www.loansbyworld.com,,,,,,,Auto-enriched
1679,FSBC,Five Star Bancorp,Financials,0.00,https://www.fivestarbank.com,,,,,,,Auto-enriched
1680,GLRE,Greenlight Capital Re,Financials,0.00,https://www.greenlightre.com,https://en.wikipedia.org/wiki/Greenlight_Capital_Re,,,,,,Auto-enriched
1681,NFBK,Northfield Bancorp Inc,Financials,0.00,https://www.enorthfield.com,,,,,,,Auto-enriched
1682,BETA,Beta Technologies,Industrials,0.00,https://www.beta.team,https://en.wikipedia.org/wiki/Beta_Technologies,https://www.facebook.com/BetaElectricAviation,https://www.instagram.com/beta.aircraft,,https://www.youtube.com/channel/UCiEVVnCtpC7xf2YwlbwPJIA,https://www.linkedin.com/company/beta-air-llc,Auto-enriched
1683,LCID,Lucid Motors,Consumer Discretionary,0.00,https://www.lucidmotors.com,https://en.wikipedia.org/wiki/Lucid_Motors,https://www.facebook.com/LucidMotors,https://www.instagram.com/lucidmotors,https://x.com/LucidMotors,https://www.youtube.com/channel/UCxBheRQeJNTBYAsPAHhaBhA,https://www.linkedin.com/company/lucidmotors,Auto-enriched
1684,AMBP,Ardagh Group,Materials,0.00,https://www.ardaghmetalpackaging.com,https://en.wikipedia.org/wiki/Ardagh_Group,,https://www.instagram.com/ardaghgroup,,,,Auto-enriched
1685,GDOT,Green Dot Corporation,Financials,0.00,https://www.greendot.com,https://en.wikipedia.org/wiki/Green_Dot_Corporation,,,https://x.com/greendotcards,,,Auto-enriched
1686,IDR,Idaho Strategic Resources Inc,Materials,0.00,https://www.idahostrategic.com,,,,https://x.com/IdahoCommerce,,,Auto-enriched
1687,BV,Brightview Holdings Inc,Industrials,0.00,https://www.brightview.com,,,,,,,Auto-enriched
1688,LOCO,El Pollo Loco (United States),Consumer Discretionary,0.00,https://www.elpolloloco.com,https://en.wikipedia.org/wiki/El_Pollo_Loco_(United_States),,https://www.instagram.com/elpolloloco,https://x.com/ElPolloLoco,,,Auto-enriched
1689,NECB,Northeast Community Bancorp Inc,Financials,0.00,https://www.necb.com,,,,,,,Auto-enriched
1690,BTBT,Bit Digital Inc,Information Technology,0.00,https://www.bit-digital.com,,,,,,,Auto-enriched
1691,PGY,Pagaya Technologies,Information Technology,0.00,https://www.pagaya.com,https://en.wikipedia.org/wiki/Pagaya_Technologies,,https://www.instagram.com/life_at_pagaya,https://x.com/Pagayaltd,https://www.youtube.com/channel/UCyJY0Q6u5Bb9RhFzc7LQAug,https://www.linkedin.com/company/pagaya,Auto-enriched
1692,SMBC,Southern Missouri Bancorp Inc,Financials,0.00,https://www.sms-bank.com,,,,,,,Auto-enriched
1693,BIOA,Bioage Labs Inc,Health Care,0.00,https://www.bioagelabs.com,,,,,,,Auto-enriched
1694,ACNB,Acnb Corp,Financials,0.00,https://www.acnb.com,,,,,,,Auto-enriched
1695,AMTB,Amerant Bank,Financials,0.00,https://www.amerantbank.com,https://en.wikipedia.org/wiki/Amerant_Bank,,,,,,Auto-enriched
1696,MSBI,Midland States Bancorp Inc,Financials,0.00,https://www.midlandsb.com,,,,,,,Auto-enriched
1697,RRBI,Red River Bancshares Inc,Financials,0.00,https://www.redriverbank.net,,,,,,,Auto-enriched
1698,NNE,Nano Nuclear Energy Inc,Industrials,0.00,https://www.nanonuclearenergy.com,,,,,,,Auto-enriched
1699,OIS,Oil States International,Energy,0.00,https://www.oilstatesintl.com,https://en.wikipedia.org/wiki/Oil_States_International,,,,,,Auto-enriched
1700,TYRA,Tyra Biosciences Inc,Health Care,0.00,https://www.tyra.bio,,,,,,,Auto-enriched
1701,VIR,Vir Biotechnology Inc,Health Care,0.00,https://www.vir.bio,,,,,,,Auto-enriched
1702,CDRE,Cadre Holdings Inc,Industrials,0.00,https://www.cadre-holdings.com,,,,,,,Auto-enriched
1703,HZO,Marinemax Inc,Consumer Discretionary,0.00,https://www.marinemax.com,,,,,,,Auto-enriched
1704,BLMN,Bloomin' Brands,Consumer Discretionary,0.00,https://www.bloominbrands.com,https://en.wikipedia.org/wiki/Bloomin%27_Brands,,,https://x.com/bloominbrands,,,Auto-enriched
1705,CARS,Cars.com,Communication,0.00,https://www.cars.com,https://en.wikipedia.org/wiki/Cars.com,https://www.facebook.com/CarsDotCom,https://www.instagram.com/carsdotcom,https://x.com/carsdotcom,https://www.youtube.com/channel/UCVxeemxu4mnxfVnBKNFl6Yg,https://www.linkedin.com/company/cars-com,Auto-enriched
1706,MPB,Mid Penn Bancorp Inc,Financials,0.00,https://www.midpennbank.com,,,,,,,Auto-enriched
1707,BFST,Business First Bancshares Inc,Financials,0.00,https://www.b1bank.com,,,,,,,Auto-enriched
1708,KODK,Kodak,Information Technology,0.00,https://www.kodak.com,https://en.wikipedia.org/wiki/Kodak,https://www.facebook.com/kodak,https://www.instagram.com/kodak,https://x.com/Kodak,https://www.youtube.com/channel/UC0Q3HxbEw4ZcPYnfXrepkjw,https://www.linkedin.com/company/eastman-kodak,Auto-enriched
1709,UAMY,United States Antimony Corp,Materials,0.00,https://www.usantimony.com,,,,,,,Auto-enriched
1710,EQBK,Equity Bank (United States),Financials,0.00,https://www.equitybank.com,https://en.wikipedia.org/wiki/Equity_Bank_(United_States),https://www.facebook.com/equitybankusa,https://www.instagram.com/bankpuppet,https://x.com/equitybank,,,Auto-enriched
1711,FBRT,Franklin Bsp Realty Trust Inc,Financials,0.00,https://www.fbrtreit.com,,,,,,,Auto-enriched
1712,CAC,Camden National Corporation,Financials,0.00,https://www.camdennational.bank,https://en.wikipedia.org/wiki/Camden_National_Corporation,https://www.facebook.com/CamdenNational,,,,,Auto-enriched
1713,GSBC,Great Southern Bancorp Inc,Financials,0.00,https://www.greatsouthernbank.com,,,,,,,Auto-enriched
1714,INN,Summit Hotel Properties Reit Inc,Real Estate,0.00,https://www.shpreit.com,,,,,,,Auto-enriched
1715,HBCP,Home Bancorp Inc,Financials,0.00,https://www.home24bank.com,,,,,,,Auto-enriched
1716,SHEN,Shentel,Communication,0.00,https://www.shentel.com,https://en.wikipedia.org/wiki/Shentel,,,,,,Auto-enriched
1717,XNCR,Xencor,Health Care,0.00,https://www.xencor.com,https://en.wikipedia.org/wiki/Xencor,,,https://x.com/morphosys,,,Auto-enriched
1718,JANX,Janux Therapeutics Inc,Health Care,0.00,https://www.januxrx.com,,,,,,,Auto-enriched
1719,WVE,Wave Life Sciences Ltd,Health Care,0.00,https://www.wavelifesciences.com,,,,,,,Auto-enriched
1720,MITK,Mitek Systems,Information Technology,0.00,https://www.miteksystems.com,https://en.wikipedia.org/wiki/Mitek_Systems,,,,,,Auto-enriched
1721,CLPT,Clearpoint Neuro Inc,Health Care,0.00,https://www.clearpointneuro.com,,,,,,,Auto-enriched
1722,UNTY,Unity Bancorp Inc,Financials,0.00,https://www.unitybank.com,,,,,,,Auto-enriched
1723,FOR,Forestar Group,Real Estate,0.00,https://www.forestar.com,https://en.wikipedia.org/wiki/Forestar_Group,,,,,,Auto-enriched
1724,AROW,Arrow Financial Corp,Financials,0.00,https://www.arrowfinancial.com,,,,,,,Auto-enriched
1725,TH,Target Hospitality,Consumer Discretionary,0.00,https://www.targethospitality.com,https://en.wikipedia.org/wiki/Target_Hospitality,,,,,,Auto-enriched
1726,EVLV,Evolv Technologies Holdings Inc Cl,Information Technology,0.00,https://www.evolvtechnology.com,,,,,,,Auto-enriched
1727,CCSI,Consensus Cloud Solutions Inc,Information Technology,0.00,https://www.consensus.com,,,,,,,Auto-enriched
1728,MTUS,Metallus Inc,Materials,0.00,https://www.metallus.com,,,,,,,Auto-enriched
1729,MGTX,Meiragtx Holdings Plc,Health Care,0.00,https://www.meiragtx.com,,,,,,,Auto-enriched
1730,CTOS,Custom Truck One Source Inc,Industrials,0.00,https://www.customtruck.com,,,,,,,Auto-enriched
1731,FCBC,First Community Bankshares,Financials,0.00,https://www.fcbinc.com,https://en.wikipedia.org/wiki/First_Community_Bankshares,,,,,,Auto-enriched
1732,CPS,Cooper Standard,Consumer Discretionary,0.00,https://www.cooperstandard.com,https://en.wikipedia.org/wiki/Cooper_Standard,https://www.facebook.com/CooperStandardOfficial,,https://x.com/cooperstandard,,,Auto-enriched
1733,OBT,Orange County Bancorp Inc,Financials,0.00,https://www.orangebanktrust.com,,,,,,,Auto-enriched
1734,CRMD,Cormedix Inc,Health Care,0.00,https://www.cormedix.com,,,,,,,Auto-enriched
1735,AHCO,Adapthealth Corp,Health Care,0.00,https://www.adapthealth.com,,,,,,,Auto-enriched
1736,APPS,Digital Turbine,Information Technology,0.00,https://www.digitalturbine.com,https://en.wikipedia.org/wiki/Digital_Turbine,,https://www.instagram.com/gevernova,https://x.com/gevernova,https://www.youtube.com/channel/UCyOdk3qXzpv2XNrG5gGxZwA,https://www.linkedin.com/company/gevernova,Auto-enriched
1737,VRRM,Verra Mobility Corp Class A,Industrials,0.00,https://www.verramobility.com,,,,,,,Auto-enriched
1738,NBR,Nabors Industries,Energy,0.00,https://www.nabors.com,https://en.wikipedia.org/wiki/Nabors_Industries,https://www.facebook.com/NaborsGlobal,,https://x.com/naborsglobal,,,Auto-enriched
1739,BCML,Baycom Corp,Financials,0.00,https://www.unitedbusinessbank.com,,,,,,,Auto-enriched
1740,TCMD,Tactile Systems Technology Inc,Health Care,0.00,https://www.tactilemedical.com,,,,,,,Auto-enriched
1741,CRML,Critical Metals Corp,Materials,0.00,https://www.criticalmetalscorp.com,,,,,,,Auto-enriched
1742,SLDB,Solid Biosciences Inc,Health Care,0.00,https://www.solidbio.com,,,,,,,Auto-enriched
1743,OMER,Omeros Corp,Health Care,0.00,https://www.omeros.com,,,,,,,Auto-enriched
1744,FBIZ,First Business Financial Services,Financials,0.00,https://www.firstbusiness.bank,,,,,,,Auto-enriched
1745,HNRG,Hallador Energy,Utilities,0.00,https://www.halladorenergy.com,,,,,,,Auto-enriched
1746,AMPH,Amphastar Pharmaceuticals,Health Care,0.00,https://www.amphastar.com,https://en.wikipedia.org/wiki/Amphastar_Pharmaceuticals,,,,,,Auto-enriched
1747,AEVA,Aeva,Information Technology,0.00,https://www.aeva.com,https://en.wikipedia.org/wiki/Aeva,,,https://x.com/aevainc,,https://www.linkedin.com/company/aevainc,Auto-enriched
1748,LILAK,Liberty Latin America,Communication,0.00,https://www.lla.com,https://en.wikipedia.org/wiki/Liberty_Latin_America,,,,,,Auto-enriched
1749,FWRG,First Watch (restaurant chain),Consumer Discretionary,0.00,https://www.firstwatch.com,https://en.wikipedia.org/wiki/First_Watch_(restaurant_chain),https://www.facebook.com/FirstWatch,https://www.instagram.com/first.watch,,,,Auto-enriched
1750,JBI,Janus International Group Inc,Industrials,0.00,https://www.janusintl.com,,,,,,,Auto-enriched
1751,ESRT,Empire State Realty Trust,Real Estate,0.00,https://www.empirestaterealtytrust.com,https://en.wikipedia.org/wiki/Empire_State_Realty_Trust,,,,,,Auto-enriched
1752,ESPR,Esperion Therapeutics,Health Care,0.00,https://www.esperion.com,https://en.wikipedia.org/wiki/Esperion_Therapeutics,,,,,,Auto-enriched
1753,CCB,Coastal Financial Corp,Financials,0.00,https://www.coastalbank.com,,,,,,,Auto-enriched
1754,SMP,Standard Motor Products,Consumer Discretionary,0.00,https://www.smpcorp.com,https://en.wikipedia.org/wiki/Standard_Motor_Products,,,,,,Auto-enriched
1755,PFIS,Peoples Financial Services Corp,Financials,0.00,https://www.peoples.com,,,,,,,Auto-enriched
1756,TDAY,USA Today,Communication,0.00,https://www.usatoday.com,https://en.wikipedia.org/wiki/USA_Today,https://www.facebook.com/usatoday,https://www.instagram.com/usatoday,https://x.com/USATODAY,https://www.youtube.com/channel/UCP6HGa63sBC7-KHtkme-p-g,https://www.linkedin.com/company/usa-today,Auto-enriched
1757,PKE,Park Aerospace,Industrials,0.00,https://www.parkaerospace.com,https://en.wikipedia.org/wiki/Park_Aerospace,,,,,,Auto-enriched
1758,LMB,Limbach Holdings Inc,Industrials,0.00,https://www.limbachinc.com,,,,,,,Auto-enriched
1759,THFF,First Financial Corporation Corp,Financials,0.00,https://www.first-online.bank,,,,,,,Auto-enriched
1760,NAVI,Navient,Financials,0.00,https://www.navient.com,https://en.wikipedia.org/wiki/Navient,,,https://x.com/Navient,,,Auto-enriched
1761,VERX,"Vertex, Inc.",Information Technology,0.00,https://www.vertexinc.com,"https://en.wikipedia.org/wiki/Vertex,_Inc.",,,,,,Auto-enriched
1762,PFBC,Preferred Bank,Financials,0.00,https://www.preferredbank.com,https://en.wikipedia.org/wiki/Preferred_Bank,,,,,,Auto-enriched
1763,CNXN,PC Connection,Information Technology,0.00,https://www.connection.com,https://en.wikipedia.org/wiki/PC_Connection,,,,,,Auto-enriched
1764,GCT,GigaCloud Technology,Consumer Discretionary,0.00,https://www.gigacloudtech.com,https://en.wikipedia.org/wiki/GigaCloud_Technology,,,,,,Auto-enriched
1765,NBBK,Nb Bancorp Inc,Financials,0.00,https://www.needhambank.com,,,,,,,Auto-enriched
1766,GERN,Geron Corporation,Health Care,0.00,https://www.geron.com,https://en.wikipedia.org/wiki/Geron_Corporation,,,,,,Auto-enriched
1767,HRTG,Heritage Insurance Holdings Inc,Financials,0.00,https://www.heritagepci.com,,,,,,,Auto-enriched
1768,MATW,Matthews International Corp Class,Consumer Discretionary,0.00,https://www.matw.com,,,,,,,Auto-enriched
1769,DJCO,Daily Journal Corporation,Information Technology,0.00,https://www.dailyjournal.com,https://en.wikipedia.org/wiki/Daily_Journal_Corporation,,,https://x.com/ladailyjournal,,,Auto-enriched
1770,INGM,Ingram Micro,Information Technology,0.00,https://www.ingrammicro.com,https://en.wikipedia.org/wiki/Ingram_Micro,,,,,,Auto-enriched
1771,NPK,National Presto Industries,Industrials,0.00,https://www.gopresto.com,https://en.wikipedia.org/wiki/National_Presto_Industries,,,,,,Auto-enriched
1772,PVLA,Palvella Therapeutics Inc,Health Care,0.00,https://www.palvellatx.com,,,,,,,Auto-enriched
1773,SAIL,SailPoint,Information Technology,0.00,https://www.sailpoint.com,https://en.wikipedia.org/wiki/SailPoint,,,https://x.com/thomabravo,,https://www.linkedin.com/company/thoma-bravo,Auto-enriched
1774,ABR,Arbor Realty Trust Reit Inc,Financials,0.00,https://www.arbor.com,,,,,,,Auto-enriched
1775,GNK,Genco Shipping And Trading Ltd,Industrials,0.00,https://www.gencoshipping.com,,,,,,,Auto-enriched
1776,DRVN,Driven Brands,Consumer Discretionary,0.00,https://www.drivenbrands.com,https://en.wikipedia.org/wiki/Driven_Brands,https://www.facebook.com/nabisco,https://www.instagram.com/nabiscosnacks,https://x.com/NABISCO,,,Auto-enriched
1777,RVLV,Revolve Group,Consumer Discretionary,0.00,https://www.revolve.com,https://en.wikipedia.org/wiki/Revolve_Group,https://www.facebook.com/apple,https://www.instagram.com/apple,https://x.com/Apple,https://www.youtube.com/channel/UCE_M8A5yxnLfW0KghEeajjw,https://www.linkedin.com/company/apple,Auto-enriched
1778,OMDA,Omada Health Inc,Health Care,0.00,https://www.omadahealth.com,,,,,,,Auto-enriched
1779,BLSH,Bullish,Financials,0.00,https://www.bullish.com,https://en.wikipedia.org/wiki/Bullish,,,,,,Auto-enriched
1780,RIGL,Rigel Pharmaceuticals Inc,Health Care,0.00,https://www.rigel.com,,,,,,,Auto-enriched
1781,ABUS,Arbutus Biopharma,Health Care,0.00,https://www.arbutusbio.com,https://en.wikipedia.org/wiki/Arbutus_Biopharma,,,,,,Auto-enriched
1782,SIBN,Si Bone Inc,Health Care,0.00,https://www.si-bone.com,,,,,,,Auto-enriched
1783,MAMA,Mamas Creations Inc,Consumer Staples,0.00,https://www.mamascreations.com,,,,,,,Auto-enriched
1784,BCAX,Bicara Therapeutics Inc,Health Care,0.00,https://www.bicara.com,,,,,,,Auto-enriched
1785,FLNG,Flex Lng Ltd,Energy,0.00,https://www.flexlng.com,,,,,,,Auto-enriched
1786,EGBN,EagleBank,Financials,0.00,https://www.eaglebankcorp.com,https://en.wikipedia.org/wiki/EagleBank,https://www.facebook.com/EagleBankCorp,https://www.instagram.com/eaglebankcorp,https://x.com/EagleBankCorp,,,Auto-enriched
1787,APPN,Appian Corporation,Information Technology,0.00,https://www.appian.com,https://en.wikipedia.org/wiki/Appian_Corporation,,,,,,Auto-enriched
1788,CCBG,Capital City Bank Inc,Financials,0.00,https://www.ccbg.com,,,,,,,Auto-enriched
1789,PGC,Peapack-Gladstone Bank,Financials,0.00,https://www.pgbank.com,https://en.wikipedia.org/wiki/Peapack-Gladstone_Bank,,,,,,Auto-enriched
1790,WGO,Winnebago Industries,Consumer Discretionary,0.00,https://www.winnebagoind.com,https://en.wikipedia.org/wiki/Winnebago_Industries,https://www.facebook.com/winnebago,https://www.instagram.com/winnebagorvs,https://x.com/winnebago,,,Auto-enriched
1791,AKTS,Aktis Oncology Inc,Health Care,0.00,https://www.aktisoncology.com,,,,,,,Auto-enriched
1792,TCBX,Third Coast Bancshares Inc,Financials,0.00,https://www.thirdcoastbank.com,,,,,,,Auto-enriched
1793,PAYS,Paysign Inc,Financials,0.00,https://www.paysign.com,,,,,,,Auto-enriched
1794,SG,Sweetgreen,Consumer Discretionary,0.00,https://www.sweetgreen.com,https://en.wikipedia.org/wiki/Sweetgreen,,https://www.instagram.com/sweetgreen,https://x.com/sweetgreen,,,Auto-enriched
1795,HTFL,Heartflow Inc,Health Care,0.00,https://www.heartflow.com,,,,,,,Auto-enriched
1796,LXU,LSB Industries,Materials,0.00,https://www.lsbindustries.com,https://en.wikipedia.org/wiki/LSB_Industries,,,,,,Auto-enriched
1797,SAFE,Safehold Inc,Real Estate,0.00,https://www.safeholdinc.com,,,,,,,Auto-enriched
1798,AMAL,Amalgamated Bank,Financials,0.00,https://www.amalgamatedbank.com,https://en.wikipedia.org/wiki/Amalgamated_Bank,,,,,,Auto-enriched
1799,ADAM,Adamas Inc Trust,Financials,0.00,,,,,,,,Auto-enriched
1800,NAVN,"Navan, Inc.",Consumer Discretionary,0.00,https://www.navan.com,"https://en.wikipedia.org/wiki/Navan,_Inc.",https://www.facebook.com/TripActions,https://www.instagram.com/getnavan,https://x.com/tripactions,,https://www.linkedin.com/company/navan,Auto-enriched
1801,FSUN,Firstsun Capital Bancorp,Financials,0.00,https://www.firstsuncb.com,,,,,,,Auto-enriched
1802,KOP,Koppers,Materials,0.00,https://www.koppers.com,https://en.wikipedia.org/wiki/Koppers,,,,,,Auto-enriched
1803,AMRC,Ameresco,Industrials,0.00,https://www.ameresco.com,https://en.wikipedia.org/wiki/Ameresco,,,,,,Auto-enriched
1804,BRSP,Brightspire Capital Inc Class A,Financials,0.00,https://www.brightspire.com,,,,,,,Auto-enriched
1805,PD,PagerDuty,Information Technology,0.00,https://www.pagerduty.com,https://en.wikipedia.org/wiki/PagerDuty,,,,,,Auto-enriched
1806,TRUP,Trupanion,Financials,0.00,https://www.trupanion.com,https://en.wikipedia.org/wiki/Trupanion,,,https://x.com/Trupanion,,,Auto-enriched
1807,CNA,CNA Financial,Financials,0.00,https://www.cna.com,https://en.wikipedia.org/wiki/CNA_Financial,,,,,,Auto-enriched
1808,AORT,Artivion,Health Care,0.00,https://www.artivion.com,https://en.wikipedia.org/wiki/Artivion,,,,,,Auto-enriched
1809,USPH,Us Physical Therapy Inc,Health Care,0.00,https://www.usph.com,,,,,,,Auto-enriched
1810,CNNE,Cannae Holdings Inc,Financials,0.00,https://www.cannaeholdings.com,,,,,,,Auto-enriched
1811,KFRC,Kforce Inc,Industrials,0.00,https://www.kforce.com,,,,,,,Auto-enriched
1812,REPL,Replimune Group Inc,Health Care,0.00,https://www.replimune.com,,,,,,,Auto-enriched
1813,CBL,CBL Properties,Real Estate,0.00,https://www.cblproperties.com,https://en.wikipedia.org/wiki/CBL_Properties,https://www.facebook.com/cbl.properties,,,,,Auto-enriched
1814,BBSI,Barrett Business Services Inc,Industrials,0.00,https://www.barrettbusiness.com,,,,,,,Auto-enriched
1815,SVRA,Savara Inc,Health Care,0.00,https://www.savarapharma.com,,,,,,,Auto-enriched
1816,ASC,Ardmore Shipping Corp,Energy,0.00,https://www.ardmoreshipping.com,,,,,,,Auto-enriched
1817,SXC,Suncoke Energy Inc,Materials,0.00,https://www.suncoke.com,,,,,,,Auto-enriched
1818,QDEL,QuidelOrtho,Health Care,0.00,https://www.quidelortho.com,https://en.wikipedia.org/wiki/QuidelOrtho,,,,,,Auto-enriched
1819,STGW,Stagwell,Communication,0.00,https://www.stagwellglobal.com,https://en.wikipedia.org/wiki/Stagwell,,,,,,Auto-enriched
1820,PLSE,Pulse Biosciences Inc,Health Care,0.00,https://www.pulsebiosciences.com,,,,,,,Auto-enriched
1821,MIAX,Miami International Holdings Inc,Financials,0.00,https://www.miaxglobal.com,,,,,,,Auto-enriched
1822,GSHD,Goosehead Insurance Inc Class A,Financials,0.00,https://www.goosehead.com,,,,,,,Auto-enriched
1823,UMH,UMH Properties,Real Estate,0.00,https://www.umh.com,https://en.wikipedia.org/wiki/UMH_Properties,https://www.facebook.com/umhproperties,https://www.instagram.com/umhpropertiesinc,https://x.com/umhproperties,,,Auto-enriched
1824,EVC,Entravision Communications Corp Cl,Communication,0.00,https://www.entravision.com,,,,,,,Auto-enriched
1825,NEXT,Nextdecade Corp,Energy,0.00,https://www.next-decade.com,,,,,,,Auto-enriched
1826,GTM,ZoomInfo,Communication,0.00,https://www.zoominfo.com,https://en.wikipedia.org/wiki/ZoomInfo,https://www.facebook.com/ZoomInformation,https://www.instagram.com/zoominfo,https://x.com/zoominfo,https://www.youtube.com/channel/UC8ZqEiP8bey6x_fwhulxIIw,https://www.linkedin.com/company/zoominfo,Auto-enriched
1827,ILPT,Industrial Logistics Properties Tr,Real Estate,0.00,https://www.ilptreit.com,,,,,,,Auto-enriched
1828,EFOR,Everforth Inc,Information Technology,0.00,,,,,,,,Auto-enriched
1829,MCB,Metropolitan Bank Holding Corp,Financials,0.00,https://www.mcbankny.com,,,,,,,Auto-enriched
1830,DEA,Easterly Government Properties Inc,Real Estate,0.00,https://www.easterlyreit.com,,,,,,,Auto-enriched
1831,RUSHB,Rush Enterprises,Industrials,0.00,https://www.rushenterprises.com,https://en.wikipedia.org/wiki/Rush_Enterprises,,,https://x.com/workatrush,,,Auto-enriched
1832,BKSY,Blacksky Technology Inc Class A,Industrials,0.00,https://www.blacksky.com,,,,,,,Auto-enriched
1833,LYTS,Lsi Industries Inc,Industrials,0.00,https://www.lsicorp.com,,,,,,,Auto-enriched
1834,ZVRA,Zevra Therapeutics Inc,Health Care,0.00,https://www.zevra.com,,,,,,,Auto-enriched
1835,LIF,Life360,Information Technology,0.00,https://www.life360.com,https://en.wikipedia.org/wiki/Life360,,,,,,Auto-enriched
1836,CRAI,CRA International,Industrials,0.00,https://www.crai.com,https://en.wikipedia.org/wiki/CRA_International,,,,,,Auto-enriched
1837,MRTN,Marten Transport,Industrials,0.00,https://www.marten.com,https://en.wikipedia.org/wiki/Marten_Transport,,,,,,Auto-enriched
1838,AVBP,Arrivent Biopharma Inc,Health Care,0.00,https://www.arrivent.com,,,,,,,Auto-enriched
1839,ATEX,Anterix Inc,Communication,0.00,https://www.anterix.com,,,,,,,Auto-enriched
1840,GO,Grocery Outlet,Consumer Staples,0.00,https://www.groceryoutlet.com,https://en.wikipedia.org/wiki/Grocery_Outlet,https://www.facebook.com/GroceryOutletInc,https://www.instagram.com/grocery_outlet,https://x.com/groceryoutlet,https://www.youtube.com/channel/UCFAS4jz7iSCohpM5nkKkIdw,,Auto-enriched
1841,TRNS,Transcat,Industrials,0.00,https://www.transcat.com,https://en.wikipedia.org/wiki/Transcat,,,,,,Auto-enriched
1842,APEI,American Public Education,Consumer Discretionary,0.00,https://www.americanpubliceducation.com,https://en.wikipedia.org/wiki/American_Public_Education,https://www.facebook.com/21715018961,,,,,Auto-enriched
1843,PMT,Pennymac Mortgage Investment Trust,Financials,0.00,https://www.pennymac.com,,,,,,,Auto-enriched
1844,WLFC,Willis Lease Finance Corp,Industrials,0.00,https://www.willislease.com,,,,,,,Auto-enriched
1845,AZTA,Azenta,Health Care,0.00,https://www.azenta.com,https://en.wikipedia.org/wiki/Azenta,,,,,,Auto-enriched
1846,FIZZ,National Beverage,Consumer Staples,0.00,https://www.nationalbeverage.com,https://en.wikipedia.org/wiki/National_Beverage,,,,,,Auto-enriched
1847,BUR,Burford Capital,Financials,0.00,https://www.burfordcapital.com,https://en.wikipedia.org/wiki/Burford_Capital,,,https://x.com/burfordcapital,,,Auto-enriched
1848,PCT,Purecycle Technologies Inc,Materials,0.00,https://www.purecycle.com,,,,,,,Auto-enriched
1849,SWBI,Smith & Wesson,Consumer Discretionary,0.00,https://www.smith-wesson.com,https://en.wikipedia.org/wiki/Smith_%26_Wesson,https://www.facebook.com/smithwessoncorp,https://www.instagram.com/smithwessoncorp,https://x.com/smithwessoncorp,https://www.youtube.com/channel/UCakTOTSU6hhiSG_vU5P6Kww,,Auto-enriched
1850,SDGR,"Schrödinger, Inc.",Health Care,0.00,https://www.schrodinger.com,"https://en.wikipedia.org/wiki/Schr%C3%B6dinger,_Inc.",,,,,,Auto-enriched
1851,VRTS,Virtus Investment Partners,Financials,0.00,https://www.virtus.com,https://en.wikipedia.org/wiki/Virtus_Investment_Partners,,,https://x.com/virtus,,,Auto-enriched
1852,FG,F&G Annuities & Life,Financials,0.00,https://www.fglife.com,https://en.wikipedia.org/wiki/F%26G_Annuities_%26_Life,,,,,,Auto-enriched
1853,IOVA,Iovance Biotherapeutics,Health Care,0.00,https://www.iovance.com,https://en.wikipedia.org/wiki/Iovance_Biotherapeutics,,,,,,Auto-enriched
1854,BLFS,Biolife Solutions Inc,Health Care,0.00,https://www.biolifesolutions.com,,,,,,,Auto-enriched
1855,UPWK,Upwork,Industrials,0.00,https://www.upwork.com,https://en.wikipedia.org/wiki/Upwork,,,,,,Auto-enriched
1856,SEPN,Septerna Inc,Health Care,0.00,https://www.septerna.com,,,,,,,Auto-enriched
1857,EIG,Employers Holdings Inc,Financials,0.00,https://www.employers.com,,,,,,,Auto-enriched
1858,FDP,Fresh Del Monte Produce,Consumer Staples,0.00,https://www.freshdelmonte.com,https://en.wikipedia.org/wiki/Fresh_Del_Monte_Produce,https://www.facebook.com/delmonte,https://www.instagram.com/delmonte,https://x.com/delmonte,,,Auto-enriched
1859,JBIO,Jade Biosciences Inc,Health Care,0.00,https://www.jadebiosciences.com,,,,,,,Auto-enriched
1860,IRMD,Iradimed Corp,Health Care,0.00,https://www.iradimed.com,,,,,,,Auto-enriched
1861,TNDM,Tandem Diabetes Care,Health Care,0.00,https://www.tandemdiabetes.com,https://en.wikipedia.org/wiki/Tandem_Diabetes_Care,,https://www.instagram.com/tandemdiabetes,https://x.com/tandemdiabetes,,,Auto-enriched
1862,NRIM,Northrim Bancorp Inc,Financials,0.00,https://www.northrim.com,,,,,,,Auto-enriched
1863,CLVT,Clarivate,Industrials,0.00,https://www.clarivate.com,https://en.wikipedia.org/wiki/Clarivate,,,,,,Auto-enriched
1864,TROX,Tronox,Materials,0.00,https://www.tronox.com,https://en.wikipedia.org/wiki/Tronox,,,,,,Auto-enriched
1865,ASST,Strive Inc Class A,Health Care,0.00,https://www.strive.com,,,,,,,Auto-enriched
1866,CGEM,Cullinan Therapeutics Inc,Health Care,0.00,https://www.cullinantherapeutics.com,,,,,,,Auto-enriched
1867,MCHB,Mechanics Bancorp Class A,Financials,0.00,https://www.mechanicsbank.com,,,,,,,Auto-enriched
1868,TFSL,Tfs Financial Corp,Financials,0.00,https://www.thirdfederal.com,,,,,,,Auto-enriched
1869,DLX,Deluxe Corporation,Industrials,0.00,https://www.deluxe.com,https://en.wikipedia.org/wiki/Deluxe_Corporation,,,,,,Auto-enriched
1870,MBIN,Merchants Bancorp,Financials,0.00,https://www.merchantsbankofindiana.com,,,,,,,Auto-enriched
1871,TBPH,Theravance Biopharma Inc,Health Care,0.00,https://www.theravance.com,,,,,,,Auto-enriched
1872,CNMD,CONMED,Health Care,0.00,https://www.conmed.com,https://en.wikipedia.org/wiki/CONMED,,,,,,Auto-enriched
1873,HFWA,Heritage Financial Corp,Financials,0.00,https://www.heritagebanknw.com,,,,,,,Auto-enriched
1874,LQDT,Liquidity Services,Industrials,0.00,https://www.liquidityservices.com,https://en.wikipedia.org/wiki/Liquidity_Services,,,,,,Auto-enriched
1875,MBWM,Mercantile Bank Corp,Financials,0.00,https://www.mercbank.com,,,,,,,Auto-enriched
1876,DFIN,Donnelley Financial Solutions,Financials,0.00,https://www.dfinsolutions.com,https://en.wikipedia.org/wiki/Donnelley_Financial_Solutions,,,,,,Auto-enriched
1877,GRDN,Guardian Pharmacy Services Inc Cla,Health Care,0.00,https://www.guardianpharmacy.com,,,,,,,Auto-enriched
1878,PWP,Perella Weinberg Partners,Financials,0.00,https://www.pwpartners.com,https://en.wikipedia.org/wiki/Perella_Weinberg_Partners,,,,,,Auto-enriched
1879,ORRF,Orrstown Financial Services Inc,Financials,0.00,https://www.orrstown.com,,,,,,,Auto-enriched
1880,ESQ,Esquire Financial Holdings Inc,Financials,0.00,https://www.esquirebank.com,,,,,,,Auto-enriched
1881,GLUE,Monte Rosa Therapeutics Inc,Health Care,0.00,https://www.monterosatx.com,,,,,,,Auto-enriched
1882,CSR,Centerspace,Real Estate,0.00,https://www.centerspacehomes.com,,,,,,,Auto-enriched
1883,JBGS,JBG Smith,Real Estate,0.00,https://www.jbgsmith.com,https://en.wikipedia.org/wiki/JBG_Smith,,,,,,Auto-enriched
1884,PRSU,Pursuit Attractions And Hospitalit,Consumer Discretionary,0.00,https://www.pursuitcollection.com,,,,,,,Auto-enriched
1885,BHRB,Burke Herbert Financial Services C,Financials,0.00,https://www.burkeandherbertbank.com,,,,,,,Auto-enriched
1886,CARE,Carter Bankshares Inc,Financials,0.00,https://www.carterbankandtrust.com,,,,,,,Auto-enriched
1887,WGS,GeneDx,Health Care,0.00,https://www.genedx.com,https://en.wikipedia.org/wiki/GeneDx,,,,,,Auto-enriched
1888,INVX,Innovex International Inc,Energy,0.00,https://www.innovex-inc.com,,,,,,,Auto-enriched
1889,AMC,AMC Theatres,Communication,0.00,https://www.amctheatres.com,https://en.wikipedia.org/wiki/AMC_Theatres,,,,,,Auto-enriched
1890,CRVS,Corvus Pharmaceuticals Inc,Health Care,0.00,https://www.corvuspharma.com,,,,,,,Auto-enriched
1891,CTBI,Community Trust Bancorp,Financials,0.00,https://www.ctbi.com,https://en.wikipedia.org/wiki/Community_Trust_Bancorp,,,,,,Auto-enriched
1892,HTB,HomeTrust Bancshares,Financials,0.00,https://www.hometrust.bank,https://en.wikipedia.org/wiki/HomeTrust_Bancshares,,,,,,Auto-enriched
1893,LENB,Lennar,Consumer Discretionary,0.00,https://www.lennar.com,https://en.wikipedia.org/wiki/Lennar,,,,,,Auto-enriched
1894,DOLE,Dole plc,Consumer Staples,0.00,https://www.dole.com,https://en.wikipedia.org/wiki/Dole_plc,,,,,,Auto-enriched
1895,OSBC,Old Second Bancorp Inc,Financials,0.00,https://www.oldsecond.com,,,,,,,Auto-enriched
1896,TK,Teekay Corporation,Energy,0.00,https://www.teekay.com,https://en.wikipedia.org/wiki/Teekay_Corporation,,,,,,Auto-enriched
1897,ABSI,Absci Corp,Health Care,0.00,https://www.absci.com,,,,,,,Auto-enriched
1898,BY,Byline Bank,Financials,0.00,https://www.bylinebank.com,https://en.wikipedia.org/wiki/Byline_Bank,https://www.facebook.com/WeAreBylineBank,,https://x.com/bylinebank,,,Auto-enriched
1899,MCBS,Metro City Bank,Financials,0.00,https://www.metrocitybank.com,https://en.wikipedia.org/wiki/Metro_City_Bank,,,,,https://www.linkedin.com/company/metro-city-bank,Auto-enriched
1900,FIGR,Figure Technology Solutions Inc Cl,Financials,0.00,https://www.figure.com,,,,,,,Auto-enriched
1901,SAFT,Safety Insurance Group Inc,Financials,0.00,https://www.safetyinsurance.com,,,,,,,Auto-enriched
1902,BZH,Beazer Homes USA,Consumer Discretionary,0.00,https://www.beazer.com,https://en.wikipedia.org/wiki/Beazer_Homes_USA,https://www.facebook.com/beazerhomes,https://www.instagram.com/beazerhomes,https://x.com/beazerhomes,https://www.youtube.com/channel/UCwgHEQeOjAimgtFwozpwnFA,,Auto-enriched
1903,MYE,Myers Industries Inc,Materials,0.00,https://www.myersindustries.com,,,,,,,Auto-enriched
1904,CIM,Chimera Investment Corp,Financials,0.00,https://www.chimerareit.com,,,,,,,Auto-enriched
1905,ALKT,Alkami Technology Inc,Information Technology,0.00,https://www.alkami.com,,,,,,,Auto-enriched
1906,PCRX,Pacira Biosciences Inc,Health Care,0.00,https://www.pacira.com,,,,,,,Auto-enriched
1907,HAFC,Hanmi Bank,Financials,0.00,https://www.hanmi.com,https://en.wikipedia.org/wiki/Hanmi_Bank,,,https://x.com/hanmi_bank,,,Auto-enriched
1908,BORR,Borr Drilling Ltd,Energy,0.00,https://www.borrdrilling.com,,,,,,,Auto-enriched
1909,VTOL,Bristow Group,Energy,0.00,https://www.bristowgroup.com,https://en.wikipedia.org/wiki/Bristow_Group,,,,,,Auto-enriched
1910,CBRL,Cracker Barrel Old Country Store I,Consumer Discretionary,0.00,https://www.crackerbarrel.com,,,,,,,Auto-enriched
1911,CMP,Compass Minerals,Materials,0.00,https://www.compassminerals.com,https://en.wikipedia.org/wiki/Compass_Minerals,,,,,,Auto-enriched
1912,MSEX,Middlesex Water Company,Utilities,0.00,https://www.middlesexwater.com,https://en.wikipedia.org/wiki/Middlesex_Water_Company,,,,,,Auto-enriched
1913,TGLS,Tecnoglass Inc,Industrials,0.00,https://www.tecnoglass.com,,,,,,,Auto-enriched
1914,PLOW,Douglas Dynamics,Industrials,0.00,https://www.douglasdynamics.com,https://en.wikipedia.org/wiki/Douglas_Dynamics,,,,,,Auto-enriched
1915,ENVX,Enovix Corp,Industrials,0.00,https://www.enovix.com,,,,,,,Auto-enriched
1916,ACVA,Acv Auctions Inc Class A,Industrials,0.00,https://www.acvauctions.com,,,,,,,Auto-enriched
1917,MLYS,Mineralys Therapeutics Inc,Health Care,0.00,https://www.mineralystx.com,,,,,,,Auto-enriched
1918,SAH,Sonic Automotive,Consumer Discretionary,0.00,https://www.sonicautomotive.com,https://en.wikipedia.org/wiki/Sonic_Automotive,,https://www.instagram.com/sonicauto,https://x.com/SonicAutomotive,https://www.youtube.com/channel/UCc-HYjNBoDLinGCol1gqZCw,,Auto-enriched
1919,RBCAA,Republic Bancorp Inc Class A,Financials,0.00,https://www.republicbank.com,,,,,,,Auto-enriched
1920,DAKT,Daktronics,Information Technology,0.00,https://www.daktronics.com,https://en.wikipedia.org/wiki/Daktronics,,,,,,Auto-enriched
1921,MFA,Mfa Financial Inc,Financials,0.00,https://www.mfafinancial.com,,,,,,,Auto-enriched
1922,PPC,Pilgrim's Pride,Consumer Staples,0.00,https://www.pilgrims.com,https://en.wikipedia.org/wiki/Pilgrim%27s_Pride,,,https://x.com/PilgrimsCorp,,,Auto-enriched
1923,CEVA,Ceva (semiconductor company),Information Technology,0.00,https://www.ceva-ip.com,https://en.wikipedia.org/wiki/Ceva_(semiconductor_company),,,,,,Auto-enriched
1924,COUR,Coursera,Consumer Discretionary,0.00,https://www.coursera.org,https://en.wikipedia.org/wiki/Coursera,,,,,,Auto-enriched
1925,RAPP,Rapport Therapeutics Inc,Health Care,0.00,https://www.rapporttx.com,,,,,,,Auto-enriched
1926,TRST,Trustco Bank,Financials,0.00,https://www.trustcobank.com,https://en.wikipedia.org/wiki/Trustco_Bank,,,,,,Auto-enriched
1927,ADTN,Adtran,Information Technology,0.00,https://www.adtran.com,https://en.wikipedia.org/wiki/Adtran,,,,,,Auto-enriched
1928,TALK,Talkspace,Health Care,0.00,https://www.talkspace.com,https://en.wikipedia.org/wiki/Talkspace,https://www.facebook.com/Talkspacetherapy,https://www.instagram.com/talkspace,https://x.com/talkspace,https://www.youtube.com/channel/UCb55NNsyrcORKbXTfQF4XeQ,https://www.linkedin.com/company/talkspace-online-therapy,Auto-enriched
1929,CMRE,Costamare,Industrials,0.00,https://www.costamare.com,https://en.wikipedia.org/wiki/Costamare,,,,,,Auto-enriched
1930,UFCS,United Fire Group Inc,Financials,0.00,https://www.unitedfiregroup.com,,,,,,,Auto-enriched
1931,SGRY,Surgery Partners Inc,Health Care,0.00,https://www.surgerypartners.com,,,,,,,Auto-enriched
1932,PNTG,Pennant Group Inc,Health Care,0.00,https://www.pennantgroup.com,,,,,,,Auto-enriched
1933,APOG,Apogee Enterprises Inc,Industrials,0.00,https://www.apog.com,,,,,,,Auto-enriched
1934,SMPL,Simply Good Foods,Consumer Staples,0.00,https://www.thesimplygoodfoodscompany.com,https://en.wikipedia.org/wiki/Simply_Good_Foods,,,,,,Auto-enriched
1935,MPLT,Maplight Therapeutics Inc,Health Care,0.00,https://www.maplightrx.com,,,,,,,Auto-enriched
1936,LADR,Ladder Capital Corp Class A,Financials,0.00,https://www.laddercapital.com,,,,,,,Auto-enriched
1937,FIGS,Figs (company),Consumer Discretionary,0.00,https://www.wearfigs.com,https://en.wikipedia.org/wiki/Figs_(company),https://www.facebook.com/wearFIGS,https://www.instagram.com/wearfigs,https://x.com/wearfigs,,https://www.linkedin.com/company/wearfigs,Auto-enriched
1938,SMBK,Smartfinancial Inc,Financials,0.00,https://www.smartbank.com,,,,,,,Auto-enriched
1939,ARLO,Arlo Technologies,Information Technology,0.00,https://www.arlo.com,https://en.wikipedia.org/wiki/Arlo_Technologies,,https://www.instagram.com/arlosmarthome,https://x.com/ArloSmartHome,,,Auto-enriched
1940,TWO,Two Harbors Investment Corp,Financials,0.00,https://www.twoharborsinvestment.com,,,,,,,Auto-enriched
1941,ATEC,Alphatec Holdngs Inc,Health Care,0.00,https://www.atecspine.com,,,,,,,Auto-enriched
1942,HROW,Harrow (company),Health Care,0.00,https://www.harrow.com,https://en.wikipedia.org/wiki/Harrow_(company),https://www.facebook.com/imprimisrx,,https://x.com/imprimispharma,,,Auto-enriched
1943,EYPT,EyePoint Pharmaceuticals,Health Care,0.00,https://www.eyepointpharma.com,https://en.wikipedia.org/wiki/EyePoint_Pharmaceuticals,,,,,,Auto-enriched
1944,CRK,Comstock Resources Inc,Energy,0.00,https://www.comstockresources.com,,,,,,,Auto-enriched
1945,ETON,Eton Pharmaceutcials Inc,Health Care,0.00,https://www.etonpharma.com,,,,,,,Auto-enriched
1946,IDT,IDT Corporation,Communication,0.00,https://www.idt.net,https://en.wikipedia.org/wiki/IDT_Corporation,,,,,,Auto-enriched
1947,PGEN,Precigen,Health Care,0.00,https://www.precigen.com,https://en.wikipedia.org/wiki/Precigen,,,,,,Auto-enriched
1948,AESI,Atlas Energy Solutions Inc,Energy,0.00,https://www.atlas.energy,,,,,,,Auto-enriched
1949,CPF,Central Pacific Financial Corp,Financials,0.00,https://www.cpb.bank,,,,,,,Auto-enriched
1950,XPEL,Xpel Inc,Consumer Discretionary,0.00,https://www.xpel.com,,,,,,,Auto-enriched
1951,UVSP,Univest Financial Corp,Financials,0.00,https://www.univest.net,,,,,,,Auto-enriched
1952,AAT,American Assets Trust Reit Inc,Real Estate,0.00,https://www.americanassetstrust.com,,,,,,,Auto-enriched
1953,UPBD,Upbound Group Inc,Consumer Discretionary,0.00,https://www.upbound.com,,,,,,,Auto-enriched
1954,UA,Under Armour,Consumer Discretionary,0.00,https://www.underarmour.com,https://en.wikipedia.org/wiki/Under_Armour,,,,,,Auto-enriched
1955,SCHL,Scholastic Corporation,Communication,0.00,https://www.scholastic.com,https://en.wikipedia.org/wiki/Scholastic_Corporation,,,,,,Auto-enriched
1956,AMN,Amn Healthcare Inc,Health Care,0.00,https://www.amnhealthcare.com,,,,,,,Auto-enriched
1957,WSR,Whitestone Reit,Real Estate,0.00,https://www.whitestonereit.com,,,,,,,Auto-enriched
1958,PUMP,Propetro Holding Corp,Energy,0.00,https://www.propetroservices.com,,,,,,,Auto-enriched
1959,KOPN,Kopin Corporation,Information Technology,0.00,https://www.kopin.com,https://en.wikipedia.org/wiki/Kopin_Corporation,,,,,,Auto-enriched
1960,TMP,Tompkins Financial Corp,Financials,0.00,https://www.tompkinsfinancial.com,,,,,,,Auto-enriched
1961,AI,C3.ai,Information Technology,0.00,https://www.c3.ai,https://en.wikipedia.org/wiki/C3.ai,,,https://x.com/C3_AI,,,Auto-enriched
1962,PDM,Piedmont Realty Trust Inc Class A,Real Estate,0.00,https://www.piedmontreit.com,,,,,,,Auto-enriched
1963,THRM,Gentherm,Consumer Discretionary,0.00,https://www.gentherm.com,https://en.wikipedia.org/wiki/Gentherm,,,,,,Auto-enriched
1964,FA,First Advantage Corp,Industrials,0.00,https://www.fadv.com,,,,,,,Auto-enriched
1965,COLL,Collegium Pharmaceutical Inc,Health Care,0.00,https://www.collegiumpharma.com,,,,,,,Auto-enriched
1966,AVNS,Avanos Medical,Health Care,0.00,https://www.avanos.com,https://en.wikipedia.org/wiki/Avanos_Medical,,,,,,Auto-enriched
1967,PRCT,Procept Biorobotics Corp,Health Care,0.00,https://www.procept-biorobotics.com,,,,,,,Auto-enriched
1968,GPRE,Green Plains,Energy,0.00,https://www.gpreinc.com,https://en.wikipedia.org/wiki/Green_Plains,,,,,,Auto-enriched
1969,NAT,Nordic American Tankers Ltd,Energy,0.00,https://www.nat.bm,,,,,,,Auto-enriched
1970,RXRX,Recursion Pharmaceuticals Inc Clas,Health Care,0.00,https://www.recursion.com,,,,,,,Auto-enriched
1971,ALH,Alliance Laundry Systems,Industrials,0.00,https://www.alliancelaundry.com,https://en.wikipedia.org/wiki/Alliance_Laundry_Systems,,,,,,Auto-enriched
1972,WINA,Winmark Corp,Consumer Discretionary,0.00,https://www.winmarkcorporation.com,,,,,,,Auto-enriched
1973,AOSL,Alpha And Omega Semiconductor Ltd,Information Technology,0.00,https://www.aosmd.com,,,,,,,Auto-enriched
1974,JJSF,J&J Snack Foods,Consumer Staples,0.00,https://www.jjsnack.com,https://en.wikipedia.org/wiki/J%26J_Snack_Foods,https://www.facebook.com/J-J-Snack-Foods-Corp-109171515807958,,https://x.com/jjsnackfoods,https://www.youtube.com/channel/UCJxYb2acyNi7PFcBY0HpY7Q,,Auto-enriched
1975,BKE,Buckle (clothing retailer),Consumer Discretionary,0.00,https://www.buckle.com,https://en.wikipedia.org/wiki/Buckle_(clothing_retailer),,,,,,Auto-enriched
1976,ENOV,Enovis,Health Care,0.00,https://www.enovis.com,https://en.wikipedia.org/wiki/Enovis,,,,,,Auto-enriched
1977,KOS,Kosmos Energy,Energy,0.00,https://www.kosmosenergy.com,https://en.wikipedia.org/wiki/Kosmos_Energy,,,,,,Auto-enriched
1978,UAA,Under Armour,Consumer Discretionary,0.00,https://www.underarmour.com,https://en.wikipedia.org/wiki/Under_Armour,https://www.facebook.com/UnderArmour,https://www.instagram.com/underarmour,https://x.com/UnderArmour,https://www.youtube.com/channel/UCsjmH-FH4KbZMR3_AT8egWQ,https://www.linkedin.com/company/under-armour,Auto-enriched
1979,BLKB,Blackbaud,Information Technology,0.00,https://www.blackbaud.com,https://en.wikipedia.org/wiki/Blackbaud,https://www.facebook.com/blackbaud,https://www.instagram.com/blackbaud,https://x.com/blackbaud,https://www.youtube.com/channel/UCaSSHRniMlykf0Wve-2mpXA,https://www.linkedin.com/company/blackbaud,Auto-enriched
1980,URGN,Urogen Pharma Ltd,Health Care,0.00,https://www.urogen.com,,,,,,,Auto-enriched
1981,WS,Worthington Steel,Materials,0.00,https://www.worthingtonsteel.com,https://en.wikipedia.org/wiki/Worthington_Steel,,,,,,Auto-enriched
1982,INTA,Intapp Inc,Information Technology,0.00,https://www.intapp.com,,,,,,,Auto-enriched
1983,IE,Ivanhoe Electric Inc,Materials,0.00,https://www.ivanhoeelectric.com,,,,,,,Auto-enriched
1984,FMNB,Farmers National Banc Corp,Financials,0.00,https://www.farmersbankgroup.com,,,,,,,Auto-enriched
1985,VSTS,Vestis Corp,Industrials,0.00,https://www.vestis.com,,,,,,,Auto-enriched
1986,RCAT,Red Cat Holdings Inc,Industrials,0.00,https://www.redcatholdings.com,,,,,,,Auto-enriched
1987,HLX,Helix Energy Solutions Group,Energy,0.00,https://www.helixesg.com,https://en.wikipedia.org/wiki/Helix_Energy_Solutions_Group,,,,,,Auto-enriched
1988,SRCE,1St Source Corp,Financials,0.00,https://www.1stsource.com,,,,,,,Auto-enriched
1989,GBTG,American Express Global Business Travel,Consumer Discretionary,0.00,https://www.amexglobalbusinesstravel.com,https://en.wikipedia.org/wiki/American_Express_Global_Business_Travel,,,https://x.com/amexgbt,,https://www.linkedin.com/company//american-express-global-business-travel/,Auto-enriched
1990,ICFI,ICF International,Industrials,0.00,https://www.icf.com,https://en.wikipedia.org/wiki/ICF_International,,https://www.instagram.com/thisisicf,https://x.com/icf,,,Auto-enriched
1991,CFFN,Capitol Federal Savings Bank,Financials,0.00,https://www.capfed.com,https://en.wikipedia.org/wiki/Capitol_Federal_Savings_Bank,,,,,,Auto-enriched
1992,SBSI,Southside Bancshares Inc,Financials,0.00,https://www.southside.com,,,,,,,Auto-enriched
1993,LIND,Lindblad Expeditions,Consumer Discretionary,0.00,https://www.expeditions.com,https://en.wikipedia.org/wiki/Lindblad_Expeditions,,,,,,Auto-enriched
1994,CVLG,Covenant Logistics Group Inc Class,Industrials,0.00,https://www.covenantlogistics.com,,,,,,,Auto-enriched
1995,FMBH,First Mid Bancshares Inc,Financials,0.00,https://www.firstmid.com,,,,,,,Auto-enriched
1996,PZZA,Papa John's,Consumer Discretionary,0.00,https://www.papajohns.com,https://en.wikipedia.org/wiki/Papa_John%27s,,,,,,Auto-enriched
1997,BHVN,Biohaven Ltd,Health Care,0.00,https://www.biohaven.com,,,,,,,Auto-enriched
1998,XERS,Xeris Biopharma Holdings Inc,Health Care,0.00,https://www.xerispharma.com,,,,,,,Auto-enriched
1999,VRDN,Viridian Therapeutics Ors Inc,Health Care,0.00,https://www.viridiantherapeutics.com,,,,,,,Auto-enriched
2000,SCL,Stepan Company,Materials,0.00,https://www.stepan.com,https://en.wikipedia.org/wiki/Stepan_Company,,,,,,Auto-enriched
2001,BRSL,Brightstar Lottery Plc,Consumer Discretionary,0.00,https://www.brightstarlottery.com,,,,,,,Auto-enriched
2002,WEN,Wendy's,Consumer Discretionary,0.00,https://www.wendys.com,https://en.wikipedia.org/wiki/Wendy%27s,https://www.facebook.com/wendys,https://www.instagram.com/wendys,https://x.com/Wendys,https://www.youtube.com/channel/UCxXHHbiGUO3RziA5kW0m1qw,,Auto-enriched
2003,SENEA,Seneca Foods Corp Class A,Consumer Staples,0.00,https://www.senecafoods.com,,,,,,,Auto-enriched
2004,LOB,Live Oak Bank,Financials,0.00,https://www.liveoakbank.com,https://en.wikipedia.org/wiki/Live_Oak_Bank,,,,,,Auto-enriched
2005,SLDE,Slide Insurance Holdings Inc,Financials,0.00,https://www.slideinsurance.com,,,,,,,Auto-enriched
2006,PRA,Proassurance Corp,Financials,0.00,https://www.proassurance.com,,,,,,,Auto-enriched
2007,ZYME,Zymeworks,Health Care,0.00,https://www.zymeworks.com,https://en.wikipedia.org/wiki/Zymeworks,,,,,,Auto-enriched
2008,MBX,Mbx Biosciences Inc,Health Care,0.00,https://www.mbxbio.com,,,,,,,Auto-enriched
2009,MNKD,MannKind Corporation,Health Care,0.00,https://www.mannkindcorp.com,https://en.wikipedia.org/wiki/MannKind_Corporation,,,,,,Auto-enriched
2010,ARRY,Array Technologies Inc,Industrials,0.00,https://www.arraytechinc.com,,,,,,,Auto-enriched
2011,CNXC,Concentrix,Industrials,0.00,https://www.concentrix.com,https://en.wikipedia.org/wiki/Concentrix,https://www.facebook.com/concentrix.corporation,https://www.instagram.com/concentrix,https://x.com/concentrix,,,Auto-enriched
2012,ROCK,Gibraltar Industries Inc,Industrials,0.00,https://www.gibraltar1.com,,,,,,,Auto-enriched
2013,REAL,The RealReal,Consumer Discretionary,0.00,https://www.therealreal.com,https://en.wikipedia.org/wiki/The_RealReal,,,,,,Auto-enriched
2014,HG,Hamilton Insurance Group Ltd Class,Financials,0.00,https://www.hamiltongroup.com,,,,,,,Auto-enriched
2015,TPB,Turning Point Brands Inc,Consumer Staples,0.00,https://www.turningpointbrands.com,,,,,,,Auto-enriched
2016,VYX,NCR Voyix,Information Technology,0.00,https://www.ncrvoyix.com,https://en.wikipedia.org/wiki/NCR_Voyix,,,,,,Auto-enriched
2017,BJRI,Bjs Restaurants Inc,Consumer Discretionary,0.00,https://www.bjsrestaurants.com,,,,,,,Auto-enriched
2018,INSP,Inspire Medical Systems Inc,Health Care,0.00,https://www.inspiresleep.com,,,,,,,Auto-enriched
2019,ECVT,Ecovyst Inc,Materials,0.00,https://www.ecovyst.com,,,,,,,Auto-enriched
2020,LGIH,LGI Homes,Consumer Discretionary,0.00,https://www.lgihomes.com,https://en.wikipedia.org/wiki/LGI_Homes,,,,,,Auto-enriched
2021,PLPC,Preformed Line Products,Industrials,0.00,https://www.preformed.com,,,,,,,Auto-enriched
2022,ARDX,Ardelyx Inc,Health Care,0.00,https://www.ardelyx.com,,,,,,,Auto-enriched
2023,SCSC,ScanSource,Information Technology,0.00,https://www.scansource.com,https://en.wikipedia.org/wiki/ScanSource,,,,,,Auto-enriched
2024,ASTE,Astec Industries Inc,Industrials,0.00,https://www.astecindustries.com,,,,,,,Auto-enriched
2025,BRBR,BellRing Brands,Consumer Staples,0.00,https://www.bellring.com,https://en.wikipedia.org/wiki/BellRing_Brands,,,,,,Auto-enriched
2026,ALNT,Allient,Industrials,0.00,https://www.allient.com,https://en.wikipedia.org/wiki/Allient,,,,,,Auto-enriched
2027,CDNA,Caredx Inc,Health Care,0.00,https://www.caredx.com,,,,,,,Auto-enriched
2028,SOC,Sable Offshore Corp Class A,Energy,0.00,https://www.sableoffshore.com,,,,,,,Auto-enriched
2029,GLOB,Globant,Information Technology,0.00,https://www.globant.com,https://en.wikipedia.org/wiki/Globant,,,,,,Auto-enriched
2030,PRGS,Progress Software Corp,Information Technology,0.00,https://www.progress.com,,,,,,,Auto-enriched
2031,SFD,Smithfield Foods,Consumer Staples,0.00,https://www.smithfieldfoods.com,https://en.wikipedia.org/wiki/Smithfield_Foods,https://www.facebook.com/SmithfieldFoods,https://www.instagram.com/smithfieldfoods,https://x.com/smithfieldfoods,https://www.youtube.com/channel/UCvzy1gnYXD5WLjIsKb-ZrCQ,,Auto-enriched
2032,AGL,Agilon Health,Health Care,0.00,https://www.agilonhealth.com,,,,,,,Auto-enriched
2033,OBK,Origin Bancorp Inc,Financials,0.00,https://www.origin.bank,,,,,,,Auto-enriched
2034,EYE,National Vision Holdings Inc,Consumer Discretionary,0.00,https://www.nationalvision.com,,,,,,,Auto-enriched
2035,NBHC,National Bank Holdings Corp Class,Financials,0.00,https://www.nationalbankholdings.com,,,,,,,Auto-enriched
2036,REYN,Reynolds Consumer Products,Consumer Staples,0.00,https://www.reynoldsconsumerproducts.com,https://en.wikipedia.org/wiki/Reynolds_Consumer_Products,,,,,,Auto-enriched
2037,IART,Integra Lifesciences Holdings Corp,Health Care,0.00,https://www.integralife.com,,,,,,,Auto-enriched
2038,NSP,Insperity,Industrials,0.00,https://www.insperity.com,https://en.wikipedia.org/wiki/Insperity,,,,,,Auto-enriched
2039,HLF,Herbalife,Consumer Staples,0.00,https://www.herbalife.com,https://en.wikipedia.org/wiki/Herbalife,https://www.facebook.com/Herbalife,https://www.instagram.com/herbalife,https://x.com/Herbalife,https://www.youtube.com/channel/UC5fkkiImyfs93wwOLbC0FGA,,Auto-enriched
2040,SKYT,SkyWater Technology,Information Technology,0.00,https://www.skywatertechnology.com,https://en.wikipedia.org/wiki/SkyWater_Technology,,,,,,Auto-enriched
2041,XPRO,Expro,Energy,0.00,https://www.exprogroup.com,https://en.wikipedia.org/wiki/Expro,,,https://x.com/ExproGroup,,,Auto-enriched
2042,PEBO,Peoples Bancorp Inc,Financials,0.00,https://www.peoplesbancorp.com,,,,,,,Auto-enriched
2043,EPC,Edgewell Personal Care,Consumer Staples,0.00,https://www.edgewell.com,https://en.wikipedia.org/wiki/Edgewell_Personal_Care,,,,,,Auto-enriched
2044,NWPX,Nwpx Infrastructure Inc,Industrials,0.00,https://www.nwpipe.com,,,,,,,Auto-enriched
2045,ATRC,Atricure Inc,Health Care,0.00,https://www.atricure.com,,,,,,,Auto-enriched
2046,UVV,Universal Corporation,Consumer Staples,0.00,https://www.universalcorp.com,https://en.wikipedia.org/wiki/Universal_Corporation,,,,,,Auto-enriched
2047,MLKN,MillerKnoll,Industrials,0.00,https://www.millerknoll.com,https://en.wikipedia.org/wiki/MillerKnoll,,,,,,Auto-enriched
2048,SLS,Sellas Life Sciences Group Inc,Health Care,0.00,https://www.sellaslifesciences.com,,,,,,,Auto-enriched
2049,PRCH,Porch Group,Information Technology,0.00,https://www.porchgroup.com,https://en.wikipedia.org/wiki/Porch_Group,https://www.facebook.com/Porch,,https://x.com/PorchDotCom,https://www.youtube.com/channel/UCCGr282XrzIpPIYAfAUPLkA,https://www.linkedin.com/company/porch,Auto-enriched
2050,TRIP,Tripadvisor,Communication,0.00,https://www.tripadvisor.com,https://en.wikipedia.org/wiki/Tripadvisor,https://www.facebook.com/136773735076,https://www.instagram.com/tripadvisor,https://x.com/TripAdvisor,https://www.youtube.com/channel/UCS9S86BryT1on_qhDT2Jwig,https://www.linkedin.com/company/tripadvisor,Auto-enriched
2051,LTC,Ltc Properties Reit Inc,Real Estate,0.00,https://www.ltcproperties.com,,,,,,,Auto-enriched
2052,SEB,Seaboard Corporation,Consumer Staples,0.00,https://www.seaboardcorp.com,https://en.wikipedia.org/wiki/Seaboard_Corporation,,,,,,Auto-enriched
2053,TDOC,Teladoc Health,Health Care,0.00,https://www.teladochealth.com,https://en.wikipedia.org/wiki/Teladoc_Health,,,,,,Auto-enriched
2054,ACT,Enact Holdings Inc,Financials,0.00,https://www.enactmi.com,,,,,,,Auto-enriched
2055,GENI,Genius Sports Ltd,Consumer Discretionary,0.00,https://www.geniussports.com,,,,,,,Auto-enriched
2056,FTRE,Fortrea,Health Care,0.00,https://www.fortrea.com,https://en.wikipedia.org/wiki/Fortrea,,,,,,Auto-enriched
2057,LKFN,Lakeland Financial Corp,Financials,0.00,https://www.lakecitybank.com,,,,,,,Auto-enriched
2058,UVE,Universal Insurance Holdings Inc,Financials,0.00,https://www.universalinsuranceholdings.com,,,,,,,Auto-enriched
2059,ALMS,Alumis Inc,Health Care,0.00,https://www.alumis.com,,,,,,,Auto-enriched
2060,PLGO,Pelagos Insurance Capital Ltd,Financials,0.00,,,,,,,,Auto-enriched
2061,IMKTA,Ingles,Consumer Staples,0.00,https://www.ingles-markets.com,https://en.wikipedia.org/wiki/Ingles,https://www.facebook.com/inglesmarkets,https://www.instagram.com/inglesmarkets,https://x.com/InglesAdvantage,https://www.youtube.com/channel/UCYvXh8zQQHw6uvGgoZs_vfA,,Auto-enriched
2062,CAPR,Capricor Therapeutics Inc,Health Care,0.00,https://www.capricor.com,,,,,,,Auto-enriched
2063,AIP,Arteris,Information Technology,0.00,https://www.arteris.com,https://en.wikipedia.org/wiki/Arteris,,,,,,Auto-enriched
2064,NTLA,Intellia Therapeutics,Health Care,0.00,https://www.intelliatx.com,https://en.wikipedia.org/wiki/Intellia_Therapeutics,,,,,,Auto-enriched
2065,DCOM,Dime Community Bank,Financials,0.00,https://www.dime.com,https://en.wikipedia.org/wiki/Dime_Community_Bank,,,,,,Auto-enriched
2066,WLDN,Willdan Group,Industrials,0.00,https://www.willdan.com,https://en.wikipedia.org/wiki/Willdan_Group,,,,,,Auto-enriched
2067,WMK,Weis Markets,Consumer Staples,0.00,https://www.weismarkets.com,https://en.wikipedia.org/wiki/Weis_Markets,,,,,,Auto-enriched
2068,DJT,Trump Media & Technology Group,Communication,0.00,https://www.tmtgcorp.com,https://en.wikipedia.org/wiki/Trump_Media_%26_Technology_Group,,,,,https://www.linkedin.com/company/tmtgcorp,Auto-enriched
2069,ORC,Orchid Island Capital Inc,Financials,0.00,https://www.orchidislandcapital.com,,,,,,,Auto-enriched
2070,TCBK,Tri Counties Bank,Financials,0.00,https://www.tcbk.com,https://en.wikipedia.org/wiki/Tri_Counties_Bank,https://www.facebook.com/TriCountiesBank,https://www.instagram.com/tricountiesbank,https://x.com/TriCountiesBank,https://www.youtube.com/channel/UCOpvUc5SoeLfEE8mjWvKA2g,https://www.linkedin.com/company/tri-counties-bank,Auto-enriched
2071,SLVM,Sylvamo Corp,Materials,0.00,https://www.sylvamo.com,,,,,,,Auto-enriched
2072,SNDX,Syndax Pharmaceuticals Inc,Health Care,0.00,https://www.syndax.com,,,,,,,Auto-enriched
2073,TIC,Tic Solutions Inc,Industrials,0.00,,,,,,,,Auto-enriched
2074,NVAX,Novavax,Health Care,0.00,https://www.novavax.com,https://en.wikipedia.org/wiki/Novavax,,,,,,Auto-enriched
2075,ODC,Oil Dri Corporation Of America,Consumer Staples,0.00,https://www.oildri.com,,,,,,,Auto-enriched
2076,RYZ,Ryerson Holding Corp,Materials,0.00,https://www.ryerson.com,,,,,,,Auto-enriched
2077,STAA,Staar Surgical,Health Care,0.00,https://www.staar.com,,,,,,,Auto-enriched
2078,AMLX,Amylyx Pharmaceuticals,Health Care,0.00,https://www.amylyx.com,https://en.wikipedia.org/wiki/Amylyx_Pharmaceuticals,,,,,,Auto-enriched
2079,LNN,Lindsay Corp,Industrials,0.00,https://www.lindsay.com,,,,,,,Auto-enriched
2080,SFL,Sfl Ltd,Energy,0.00,https://www.sflcorp.com,,,,,,,Auto-enriched
2081,NUVB,Nuvation Bio Inc Class A,Health Care,0.00,https://www.nuvationbio.com,,,,,,,Auto-enriched
2082,FMC,FMC Corporation,Materials,0.00,https://www.fmc.com,https://en.wikipedia.org/wiki/FMC_Corporation,https://www.facebook.com/FMCCorporation,,https://x.com/FMCCorp,https://www.youtube.com/channel/UCQGD4OLXpXJfojFKAVomelA,,Auto-enriched
2083,PRGO,Perrigo,Health Care,0.00,https://www.perrigo.com,https://en.wikipedia.org/wiki/Perrigo,,,,,,Auto-enriched
2084,FIVN,Five9 Inc,Information Technology,0.00,https://www.five9.com,,,,,,,Auto-enriched
2085,BFA,Brown-Forman,Consumer Staples,0.00,https://www.brown-forman.com,https://en.wikipedia.org/wiki/Brown-Forman,,,,,,Auto-enriched
2086,HOPE,Bank of Hope,Financials,0.00,https://www.bankofhope.com,https://en.wikipedia.org/wiki/Bank_of_Hope,,,,,,Auto-enriched
2087,CMPR,Cimpress,Industrials,0.00,https://www.cimpress.com,https://en.wikipedia.org/wiki/Cimpress,,,,,,Auto-enriched
2088,HLMN,Hillman Solutions,Industrials,0.00,https://www.hillmangroup.com,https://en.wikipedia.org/wiki/Hillman_Solutions,,,,,,Auto-enriched
2089,LPG,Dorian Lpg Ltd,Energy,0.00,https://www.dorianlpg.com,,,,,,,Auto-enriched
2090,PACS,Pacs Group Inc,Health Care,0.00,https://www.pacs.com,,,,,,,Auto-enriched
2091,HRMY,Harmony Biosciences Hldg Inc,Health Care,0.00,https://www.harmonybiosciences.com,,,,,,,Auto-enriched
2092,SBH,Sally Beauty Holdings,Consumer Discretionary,0.00,https://www.sallybeautyholdings.com,https://en.wikipedia.org/wiki/Sally_Beauty_Holdings,https://www.facebook.com/sallybeauty,https://www.instagram.com/sallybeauty,https://x.com/sallybeauty,,,Auto-enriched
2093,NVCR,Novocure Ltd,Health Care,0.00,https://www.novocure.com,,,,,,,Auto-enriched
2094,FLO,Flowers Foods,Consumer Staples,0.00,https://www.flowersfoods.com,https://en.wikipedia.org/wiki/Flowers_Foods,,,,,,Auto-enriched
2095,TNET,Trinet Group Incinary,Industrials,0.00,https://www.trinet.com,,,,,,,Auto-enriched
2096,DV,DoubleVerify,Communication,0.00,https://www.doubleverify.com,https://en.wikipedia.org/wiki/DoubleVerify,,,,,,Auto-enriched
2097,NSSC,Napco Security Technologies,Information Technology,0.00,https://www.napcosecurity.com,https://en.wikipedia.org/wiki/Napco_Security_Technologies,,,,,,Auto-enriched
2098,DCH,Dauch Corporation,Consumer Discretionary,0.00,https://www.aam.com,,,,,,,Auto-enriched
2099,NEO,NeoGenomics,Health Care,0.00,https://www.neogenomics.com,https://en.wikipedia.org/wiki/NeoGenomics,https://www.facebook.com/NeoGenomics,,https://x.com/neogenomics,https://www.youtube.com/channel/UCBa0vLyn1ZO7tW-RyJOrxPA,,Auto-enriched
2100,WWW,Wolverine World Wide,Consumer Discretionary,0.00,https://www.wolverineworldwide.com,https://en.wikipedia.org/wiki/Wolverine_World_Wide,,,,,,Auto-enriched
2101,BL,BlackLine,Information Technology,0.00,https://www.blackline.com,https://en.wikipedia.org/wiki/BlackLine,,,,,,Auto-enriched
2102,LEG,Leggett & Platt,Consumer Discretionary,0.00,https://www.leggett.com,https://en.wikipedia.org/wiki/Leggett_%26_Platt,https://www.facebook.com/LPWorkFurniture,,,,,Auto-enriched
2103,NESR,National Energy Services Reunited,Energy,0.00,https://www.nesr.com,,,,,,,Auto-enriched
2104,MQ,Marqeta,Financials,0.00,https://www.marqeta.com,https://en.wikipedia.org/wiki/Marqeta,,,,,,Auto-enriched
2105,SMR,NuScale Power,Industrials,0.00,https://www.nuscalepower.com,https://en.wikipedia.org/wiki/NuScale_Power,,,,,,Auto-enriched
2106,GIII,G-III Apparel Group,Consumer Discretionary,0.00,https://www.giii.com,https://en.wikipedia.org/wiki/G-III_Apparel_Group,,,,,,Auto-enriched
2107,GTY,Getty Realty Reit Corp,Real Estate,0.00,https://www.gettyrealty.com,,,,,,,Auto-enriched
2108,USLM,United States Lime And Minerals In,Materials,0.00,https://www.uslm.com,,,,,,,Auto-enriched
2109,ALG,Alamo Group Inc,Industrials,0.00,https://www.alamo-group.com,,,,,,,Auto-enriched
2110,AVPT,AvePoint,Information Technology,0.00,https://www.avepoint.com,https://en.wikipedia.org/wiki/AvePoint,https://www.facebook.com/avepointjp,,https://x.com/AvePoint,,,Auto-enriched
2111,REX,REX American Resources,Energy,0.00,https://www.rexamerican.com,https://en.wikipedia.org/wiki/REX_American_Resources,,,,,,Auto-enriched
2112,OCFC,OceanFirst Bank,Financials,0.00,https://www.oceanfirst.com,https://en.wikipedia.org/wiki/OceanFirst_Bank,,,,,,Auto-enriched
2113,RDW,Redwire,Industrials,0.00,https://www.redwirespace.com,https://en.wikipedia.org/wiki/Redwire,,,,,,Auto-enriched
2114,LFST,LifeStance,Health Care,0.00,https://www.lifestance.com,https://en.wikipedia.org/wiki/LifeStance,,,,,,Auto-enriched
2115,SPNT,Siriuspoint Ltd,Financials,0.00,https://www.siriuspt.com,,,,,,,Auto-enriched
2116,OI,O-I Glass,Materials,0.00,https://www.o-i.com,https://en.wikipedia.org/wiki/O-I_Glass,,,,,,Auto-enriched
2117,HCI,Hci Group Inc,Financials,0.00,https://www.hcigroup.com,,,,,,,Auto-enriched
2118,MAN,ManpowerGroup,Industrials,0.00,https://www.manpowergroup.com,https://en.wikipedia.org/wiki/ManpowerGroup,https://www.facebook.com/ManpowerGroup,https://www.instagram.com/manpowergroup_japan,https://x.com/ManpowerGroup,,https://www.linkedin.com/company/manpowergroup,Auto-enriched
2119,WTTR,Select Water Solutions Inc Class A,Energy,0.00,https://www.selectwater.com,,,,,,,Auto-enriched
2120,ADUS,Addus Homecare Corp,Health Care,0.00,https://www.addus.com,,,,,,,Auto-enriched
2121,ANAB,Anaptysbio Inc,Health Care,0.00,https://www.anaptysbio.com,,,,,,,Auto-enriched
2122,TRVI,Trevi Therapeutics Inc,Health Care,0.00,https://www.trevitherapeutics.com,,,,,,,Auto-enriched
2123,ENR,Energizer Holdings,Consumer Staples,0.00,https://www.energizerholdings.com,https://en.wikipedia.org/wiki/Energizer_Holdings,,,,,,Auto-enriched
2124,GBX,Greenbrier Companies,Industrials,0.00,https://www.gbrx.com,https://en.wikipedia.org/wiki/Greenbrier_Companies,,,,,,Auto-enriched
2125,STOK,Stoke Therapeutics Inc,Health Care,0.00,https://www.stoketherapeutics.com,,,,,,,Auto-enriched
2126,DXC,DXC Technology,Information Technology,0.00,https://www.dxc.com,https://en.wikipedia.org/wiki/DXC_Technology,,,,,,Auto-enriched
2127,PRG,Prog Holdings Inc,Financials,0.00,https://www.progholdings.com,,,,,,,Auto-enriched
2128,KMPR,Kemper Corporation,Financials,0.00,https://www.kemper.com,https://en.wikipedia.org/wiki/Kemper_Corporation,,,,,,Auto-enriched
2129,ZG,Zillow,Real Estate,0.00,https://www.zillowgroup.com,https://en.wikipedia.org/wiki/Zillow,https://www.facebook.com/Zillow,https://www.instagram.com/zillow,https://x.com/PremierAgent,,,Auto-enriched
2130,NPKI,Npk International Inc,Industrials,0.00,https://www.npki.com,,,,,,,Auto-enriched
2131,IMAX,IMAX,Communication,0.00,https://www.imax.com,https://en.wikipedia.org/wiki/IMAX,https://www.facebook.com/IMAXUSCA,https://www.instagram.com/imax.movies,https://x.com/imax,,,Auto-enriched
2132,TFIN,Triumph Financial Inc,Financials,0.00,https://www.tfin.com,,,,,,,Auto-enriched
2133,TNC,Tennant Company,Industrials,0.00,https://www.tennantco.com,https://en.wikipedia.org/wiki/Tennant_Company,,,,,,Auto-enriched
2134,BFC,Bank First Corp,Financials,0.00,https://www.bankfirst.com,,,,,,,Auto-enriched
2135,DDS,Dillard's,Consumer Discretionary,0.00,https://www.dillards.com,https://en.wikipedia.org/wiki/Dillard%27s,,,,,,Auto-enriched
2136,CRI,Carter's,Consumer Discretionary,0.00,https://www.carters.com,https://en.wikipedia.org/wiki/Carter%27s,,,,,,Auto-enriched
2137,GRC,Gorman-Rupp Company,Industrials,0.00,https://www.gormanrupp.com,https://en.wikipedia.org/wiki/Gorman-Rupp_Company,,,,,,Auto-enriched
2138,NN,NextNav,Information Technology,0.00,https://www.nextnav.com,https://en.wikipedia.org/wiki/NextNav,,,,,,Auto-enriched
2139,INVA,Innoviva Inc,Health Care,0.00,https://www.inva.com,,,,,,,Auto-enriched
2140,YELP,Yelp,Communication,0.00,https://www.yelp.com,https://en.wikipedia.org/wiki/Yelp,https://www.facebook.com/yelp,https://www.instagram.com/yelp,https://x.com/Yelp,https://www.youtube.com/channel/UCYEYJyqnEkI1ZnkgWeQOdAg,https://www.linkedin.com/company/yelp-com,Auto-enriched
2141,STBA,S And T Bancorp Inc,Financials,0.00,https://www.stbancorp.com,,,,,,,Auto-enriched
2142,ANIP,Ani Pharmaceuticals Inc,Health Care,0.00,https://www.anipharmaceuticals.com,,,,,,,Auto-enriched
2143,BTDR,Bitdeer,Information Technology,0.00,https://www.bitdeer.com,https://en.wikipedia.org/wiki/Bitdeer,,,,,,Auto-enriched
2144,HURN,Huron Consulting Group,Industrials,0.00,https://www.huronconsultinggroup.com,https://en.wikipedia.org/wiki/Huron_Consulting_Group,,,,,,Auto-enriched
2145,SAM,Boston Beer Company,Consumer Staples,0.00,https://www.bostonbeer.com,https://en.wikipedia.org/wiki/Boston_Beer_Company,,,,,,Auto-enriched
2146,NCNO,NCino,Information Technology,0.00,https://www.ncino.com,https://en.wikipedia.org/wiki/NCino,,,,,,Auto-enriched
2147,OCUL,Ocular Therapeutix Inc,Health Care,0.00,https://www.ocutx.com,,,,,,,Auto-enriched
2148,CBZ,CBIZ,Industrials,0.00,https://www.cbiz.com,https://en.wikipedia.org/wiki/CBIZ,,,,,,Auto-enriched
2149,NNI,Nelnet,Financials,0.00,https://www.nelnet.com,https://en.wikipedia.org/wiki/Nelnet,,,,,,Auto-enriched
2150,SRPT,Sarepta Therapeutics,Health Care,0.00,https://www.sarepta.com,https://en.wikipedia.org/wiki/Sarepta_Therapeutics,,,,,,Auto-enriched
2151,SEM,Select Medical,Health Care,0.00,https://www.selectmedical.com,https://en.wikipedia.org/wiki/Select_Medical,,,,,,Auto-enriched
2152,BAND,Bandwidth (company),Communication,0.00,https://www.bandwidth.com,https://en.wikipedia.org/wiki/Bandwidth_(company),,,,,,Auto-enriched
2153,HTO,H2O America,Utilities,0.00,https://www.h2oamerica.com,,,,,,,Auto-enriched
2154,TTI,Tetra Technologies Inc,Energy,0.00,https://www.tetratec.com,,,,,,,Auto-enriched
2155,GEF,"Greif, Inc.",Materials,0.00,https://www.greif.com,"https://en.wikipedia.org/wiki/Greif,_Inc.",,,,,,Auto-enriched
2156,UNIT,Uniti Group Inc,Communication,0.00,https://www.uniti.com,,,,,,,Auto-enriched
2157,SKWD,Skyward Specialty Insurance Group,Financials,0.00,https://www.skywardinsurance.com,,,,,,,Auto-enriched
2158,TRS,TriMas,Materials,0.00,https://www.trimascorp.com,https://en.wikipedia.org/wiki/TriMas,,,,,,Auto-enriched
2159,SMMT,Summit Therapeutics Inc,Health Care,0.00,https://www.smmttx.com,,,,,,,Auto-enriched
2160,BBAI,Bigbear.Ai Holdings Inc,Information Technology,0.00,https://www.bigbear.ai,,,,,,,Auto-enriched
2161,CRVL,CorVel Corporation,Health Care,0.00,https://www.corvel.com,https://en.wikipedia.org/wiki/CorVel_Corporation,,,,,,Auto-enriched
2162,LMAT,LeMaitre Vascular,Health Care,0.00,https://www.lemaitre.com,https://en.wikipedia.org/wiki/LeMaitre_Vascular,,,,,,Auto-enriched
2163,ARR,Armour Residential Reit Inc,Financials,0.00,https://www.armourreit.com,,,,,,,Auto-enriched
2164,SHLS,Shoals Technologies Group Inc Clas,Industrials,0.00,https://www.shoals.com,,,,,,,Auto-enriched
2165,ARI,Apollo Commercial Real Estate Fina,Financials,0.00,https://www.apolloreit.com,,,,,,,Auto-enriched
2166,STRA,Strategic Education,Consumer Discretionary,0.00,https://www.strategiceducation.com,https://en.wikipedia.org/wiki/Strategic_Education,,,,,,Auto-enriched
2167,SILA,Sila Rlty Tr Inc Trust,Real Estate,0.00,https://www.silarealtytrust.com,,,,,,,Auto-enriched
2168,TSHA,Taysha Gene Therapies Inc,Health Care,0.00,https://www.tayshagtx.com,,,,,,,Auto-enriched
2169,HYLN,Hyliion,Industrials,0.00,https://www.hyliion.com,https://en.wikipedia.org/wiki/Hyliion,,,,,,Auto-enriched
2170,STC,Stewart Info Services Corp,Financials,0.00,https://www.stewart.com,,,,,,,Auto-enriched
2171,BFLY,Butterfly Network Inc Class A,Health Care,0.00,https://www.butterflynetwork.com,,,,,,,Auto-enriched
2172,VPG,Vishay Precision Group,Information Technology,0.00,https://www.vpgsensors.com,https://en.wikipedia.org/wiki/Vishay_Precision_Group,,,,,,Auto-enriched
2173,JBLU,JetBlue,Industrials,0.00,https://www.jetblue.com,https://en.wikipedia.org/wiki/JetBlue,,,,,,Auto-enriched
2174,CCS,Century Communities,Consumer Discretionary,0.00,https://www.centurycommunities.com,https://en.wikipedia.org/wiki/Century_Communities,,,,,,Auto-enriched
2175,CAI,Caris Life Sciences Inc,Health Care,0.00,https://www.carislifesciences.com,,,,,,,Auto-enriched
2176,EFC,Ellington Financial Inc,Financials,0.00,https://www.ellingtonfinancial.com,,,,,,,Auto-enriched
2177,WABC,Westamerica Bancorporation,Financials,0.00,https://www.westamerica.com,,,,,,,Auto-enriched
2178,OMCL,Omnicell,Health Care,0.00,https://www.omnicell.com,https://en.wikipedia.org/wiki/Omnicell,,,,,,Auto-enriched
2179,CNOB,Connectone Bancorp Inc,Financials,0.00,https://www.connectonebank.com,,,,,,,Auto-enriched
2180,SONO,Sonos,Consumer Discretionary,0.00,https://www.sonos.com,https://en.wikipedia.org/wiki/Sonos,,,,,,Auto-enriched
2181,WOR,Worthington Enterprises,Industrials,0.00,https://www.worthingtonenterprises.com,https://en.wikipedia.org/wiki/Worthington_Enterprises,,,,,,Auto-enriched
2182,TILE,"Interface, Inc.",Industrials,0.00,https://www.interface.com,"https://en.wikipedia.org/wiki/Interface,_Inc.",,,,,,Auto-enriched
2183,PRKS,United Parks & Resorts,Consumer Discretionary,0.00,https://www.unitedparks.com,https://en.wikipedia.org/wiki/United_Parks_%26_Resorts,,,,,,Auto-enriched
2184,GT,Goodyear Tire and Rubber Company,Consumer Discretionary,0.00,https://www.goodyear.com,https://en.wikipedia.org/wiki/Goodyear_Tire_and_Rubber_Company,https://www.facebook.com/Goodyear,https://www.instagram.com/goodyear,https://x.com/goodyear,,,Auto-enriched
2185,AGM,Federal Agricultural Mortgage Non,Financials,0.00,https://www.farmermac.com,,,,,,,Auto-enriched
2186,IIPR,Innovative Industrial Properties I,Real Estate,0.00,https://www.innovativeindustrialproperties.com,,,,,,,Auto-enriched
2187,HCSG,Healthcare Services Group Inc,Industrials,0.00,https://www.hcsg.com,,,,,,,Auto-enriched
2188,PAGS,Pagseguro Digital Ltd Class A,Financials,0.00,https://www.pagseguro.com,,,,,,,Auto-enriched
2189,BRZE,Braze (company),Information Technology,0.00,https://www.braze.com,https://en.wikipedia.org/wiki/Braze_(company),,https://www.instagram.com/braze,https://x.com/braze,,,Auto-enriched
2190,FCF,First Commonwealth Financial Corp,Financials,0.00,https://www.fcbanking.com,,,,,,,Auto-enriched
2191,SGHC,Super Group Ltd,Consumer Discretionary,0.00,https://www.sghc.com,,,,,,,Auto-enriched
2192,VOYG,Voyager Technologies Inc Class A,Industrials,0.00,https://www.voyagerspace.com,,,,,,,Auto-enriched
2193,NOG,Northern Oil And Gas Inc,Energy,0.00,https://www.northernoil.com,,,,,,,Auto-enriched
2194,TNK,Teekay Tankers,Energy,0.00,https://www.teekay.com,https://en.wikipedia.org/wiki/Teekay_Tankers,,https://www.instagram.com/teekaycorp,,,,Auto-enriched
2195,MCRI,Monarch Casino And Resort Inc,Consumer Discretionary,0.00,https://www.monarchcasino.com,,,,,,,Auto-enriched
2196,LLYVA,Liberty Media,Consumer Discretionary,0.00,https://www.libertymedia.com,https://en.wikipedia.org/wiki/Liberty_Media,,,,,,Auto-enriched
2197,GABC,German American Bancorp Inc,Financials,0.00,https://www.germanamerican.com,,,,,,,Auto-enriched
2198,NRIX,Nurix Therapeutics Inc,Health Care,0.00,https://www.nurixtx.com,,,,,,,Auto-enriched
2199,UFPT,UFP Technologies,Health Care,0.00,https://www.ufpt.com,https://en.wikipedia.org/wiki/UFP_Technologies,,,,,,Auto-enriched
2200,WD,Walker & Dunlop,Financials,0.00,https://www.walkerdunlop.com,https://en.wikipedia.org/wiki/Walker_%26_Dunlop,https://www.facebook.com/WalkerDunlop,https://www.instagram.com/walkerdunlop,,,https://www.linkedin.com/company/walker-dunlop,Auto-enriched
2201,MD,Pediatrix Medical Group Inc,Health Care,0.00,https://www.pediatrix.com,,,,,,,Auto-enriched
2202,HLIT,Harmonic Inc.,Information Technology,0.00,https://www.harmonicinc.com,https://en.wikipedia.org/wiki/Harmonic_Inc.,,,,,,Auto-enriched
2203,ASTH,Astrana Health Inc,Health Care,0.00,https://www.astranahealth.com,,,,,,,Auto-enriched
2204,SMA,Smartstop Self Storage Reit Inc,Real Estate,0.00,https://www.smartstop.com,,,,,,,Auto-enriched
2205,NTST,Netstreit Corp,Real Estate,0.00,https://www.netstreit.com,,,,,,,Auto-enriched
2206,FLYW,Flywire Corp,Financials,0.00,https://www.flywire.com,,,,,,,Auto-enriched
2207,CHCO,City Holding,Financials,0.00,https://www.cityholding.com,,,,,,,Auto-enriched
2208,FRSH,Freshworks,Information Technology,0.00,https://www.freshworks.com,https://en.wikipedia.org/wiki/Freshworks,,,,,,Auto-enriched
2209,QCRH,QCR Holdings,Financials,0.00,https://www.qcrh.com,https://en.wikipedia.org/wiki/QCR_Holdings,,,,,,Auto-enriched
2210,LBTYA,Liberty Global,Communication,0.00,https://www.libertyglobal.com,https://en.wikipedia.org/wiki/Liberty_Global,,,,,,Auto-enriched
2211,GHM,Graham Corp,Industrials,0.00,https://www.graham-mfg.com,,,,,,,Auto-enriched
2212,WU,Western Union,Financials,0.00,https://www.westernunion.com,https://en.wikipedia.org/wiki/Western_Union,https://www.facebook.com/WesternUnion,https://www.instagram.com/westernunion,https://x.com/WesternUnion,https://www.youtube.com/channel/UC0t0cMIL_mDSaGTaz7XmVTQ,https://www.linkedin.com/company/western-union,Auto-enriched
2213,HAPN,Happen Corp,Financials,0.00,,,,,,,,Auto-enriched
2214,TALO,Talos Energy,Energy,0.00,https://www.talosenergy.com,https://en.wikipedia.org/wiki/Talos_Energy,,,,,,Auto-enriched
2215,LBTYK,Liberty Global,Communication,0.00,https://www.libertyglobal.com,https://en.wikipedia.org/wiki/Liberty_Global,,,,,,Auto-enriched
2216,EVTC,Evertec,Financials,0.00,https://www.evertecinc.com,https://en.wikipedia.org/wiki/Evertec,,,,,,Auto-enriched
2217,DXPE,Dxp Enterprises Inc,Industrials,0.00,https://www.dxpe.com,,,,,,,Auto-enriched
2218,PDFS,PDF Solutions,Information Technology,0.00,https://www.pdf.com,https://en.wikipedia.org/wiki/PDF_Solutions,,,,,,Auto-enriched
2219,AXGN,Axogen,Health Care,0.00,https://www.axogeninc.com,https://en.wikipedia.org/wiki/Axogen,,,,,,Auto-enriched
2220,BWIN,Baldwin Insurance Group Inc Class,Financials,0.00,https://www.baldwin.com,,,,,,,Auto-enriched
2221,AMSC,American Superconductor,Industrials,0.00,https://www.amsc.com,https://en.wikipedia.org/wiki/American_Superconductor,,,,,,Auto-enriched
2222,OFG,OFG Bancorp,Financials,0.00,https://www.ofgbancorp.com,https://en.wikipedia.org/wiki/OFG_Bancorp,https://www.facebook.com/OrientalBank,,,,,Auto-enriched
2223,BULL,Webull Corp Class A,Financials,0.00,https://www.webull.com,,https://www.facebook.com/PEAK6-Investments-224824464207067,https://www.instagram.com/peak6investments,https://x.com/peak6careers,,https://www.linkedin.com/company/peak6-investments-lp,Auto-enriched
2224,KOD,Kodiak Sciences Inc,Health Care,0.00,https://www.kodiak.com,,,,,,,Auto-enriched
2225,KSS,Kohl's,Consumer Discretionary,0.00,https://www.kohls.com,https://en.wikipedia.org/wiki/Kohl%27s,https://www.facebook.com/kohls,https://www.instagram.com/kohls,https://x.com/kohls,,,Auto-enriched
2226,LZB,La-Z-Boy,Consumer Discretionary,0.00,https://www.la-z-boy.com,https://en.wikipedia.org/wiki/La-Z-Boy,https://www.facebook.com/lazboy,https://www.instagram.com/lazboy,https://x.com/lazboy,,,Auto-enriched
2227,GNL,Global Net Lease Inc,Real Estate,0.00,https://www.globalnetlease.com,,,,,,,Auto-enriched
2228,RCUS,Arcus Biosciences Inc,Health Care,0.00,https://www.arcusbio.com,,,,,,,Auto-enriched
2229,IPAR,Interparfums Inc,Consumer Staples,0.00,https://www.interparfumsinc.com,,,,,,,Auto-enriched
2230,SNDR,Schneider National,Industrials,0.00,https://www.schneider.com,https://en.wikipedia.org/wiki/Schneider_National,,,https://x.com/weareschneider,,,Auto-enriched
2231,DEI,Douglas Emmett,Real Estate,0.00,https://www.douglasemmett.com,https://en.wikipedia.org/wiki/Douglas_Emmett,,,,,,Auto-enriched
2232,SPSC,SPS Commerce,Information Technology,0.00,https://www.spscommerce.com,https://en.wikipedia.org/wiki/SPS_Commerce,https://www.facebook.com/SPSCommerceInc,,https://x.com/SPS_Commerce,,,Auto-enriched
2233,HTH,Hilltop Holdings,Financials,0.00,https://www.hilltop-holdings.com,https://en.wikipedia.org/wiki/Hilltop_Holdings,,,,,,Auto-enriched
2234,HHH,Howard Hughes Holdings,Real Estate,0.00,https://www.howardhughes.com,https://en.wikipedia.org/wiki/Howard_Hughes_Holdings,,,,,,Auto-enriched
2235,CASH,Pathward,Financials,0.00,https://www.pathward.com,https://en.wikipedia.org/wiki/Pathward,,,,,https://www.linkedin.com/company/pathward,Auto-enriched
2236,ADNT,Adient,Consumer Discretionary,0.00,https://www.adient.com,https://en.wikipedia.org/wiki/Adient,,,https://x.com/adient,https://www.youtube.com/channel/UCkU_cd2pM1c55J_oyRgYOUQ,,Auto-enriched
2237,VERA,Vera Therapeutics Inc Class A,Health Care,0.00,https://www.veratx.com,,,,,,,Auto-enriched
2238,PAYO,Payoneer,Financials,0.00,https://www.payoneer.com,https://en.wikipedia.org/wiki/Payoneer,https://www.facebook.com/Payoneer,https://www.instagram.com/payoneer,https://x.com/payoneer,https://www.youtube.com/channel/UC8KKm6rNDm5lR7KwaPk_aQg,https://www.linkedin.com/company/payoneer,Auto-enriched
2239,DHC,Diversified Healthcare Trust,Real Estate,0.00,https://www.dhcreit.com,,,,,,,Auto-enriched
2240,ADMA,Adma Biologics Inc,Health Care,0.00,https://www.admabiologics.com,,,,,,,Auto-enriched
2241,APAM,Artisan Partners,Financials,0.00,https://www.artisanpartners.com,https://en.wikipedia.org/wiki/Artisan_Partners,,,,,,Auto-enriched
2242,RLJ,Rlj Lodging Trust Reit,Real Estate,0.00,https://www.rljlodgingtrust.com,,,,,,,Auto-enriched
2243,CLOV,Clover Health Investments Corp Cla,Health Care,0.00,https://www.cloverhealth.com,,,,,,,Auto-enriched
2244,KWR,Quaker Houghton,Materials,0.00,https://www.quakerhoughton.com,https://en.wikipedia.org/wiki/Quaker_Houghton,,,,,,Auto-enriched
2245,ELVN,Enliven Therapeutics Inc,Health Care,0.00,https://www.enliventherapeutics.com,,,,,,,Auto-enriched
2246,MBC,MasterBrand,Industrials,0.00,https://www.masterbrand.com,https://en.wikipedia.org/wiki/MasterBrand,,,,,,Auto-enriched
2247,NEOG,Neogen,Health Care,0.00,https://www.neogen.com,https://en.wikipedia.org/wiki/Neogen,,,,,,Auto-enriched
2248,STEL,Stellar Bancorp Inc,Financials,0.00,https://www.stellar.bank,,,,,,,Auto-enriched
2249,AMPX,Amprius Technologies Inc,Industrials,0.00,https://www.amprius.com,,,,,,,Auto-enriched
2250,AGYS,Agilysys,Information Technology,0.00,https://www.agilysys.com,https://en.wikipedia.org/wiki/Agilysys,,,,,,Auto-enriched
2251,PLAB,Photronics,Information Technology,0.00,https://www.photronics.com,https://en.wikipedia.org/wiki/Photronics,,,,,,Auto-enriched
2252,HUN,Huntsman Corporation,Materials,0.00,https://www.huntsman.com,https://en.wikipedia.org/wiki/Huntsman_Corporation,,,,,,Auto-enriched
2253,XRAY,Dentsply Sirona,Health Care,0.00,https://www.dentsplysirona.com,https://en.wikipedia.org/wiki/Dentsply_Sirona,,,,,,Auto-enriched
2254,COLM,Columbia Sportswear,Consumer Discretionary,0.00,https://www.columbia.com,https://en.wikipedia.org/wiki/Columbia_Sportswear,,,,,,Auto-enriched
2255,ECPG,Encore Capital Group,Financials,0.00,https://www.encorecapital.com,https://en.wikipedia.org/wiki/Encore_Capital_Group,,,,,,Auto-enriched
2256,MZTI,Marzetti,Consumer Staples,0.00,https://www.marzetti.com,,,,,,,Auto-enriched
2257,ALRM,Alarm.com,Information Technology,0.00,https://www.alarm.com,https://en.wikipedia.org/wiki/Alarm.com,,,,,,Auto-enriched
2258,WAY,Waystar Holding Corp,Health Care,0.00,https://www.waystar.com,,,,,,,Auto-enriched
2259,IOSP,Innospec,Materials,0.00,https://www.innospecinc.com,https://en.wikipedia.org/wiki/Innospec,,,,,,Auto-enriched
2260,WHR,Whirlpool,Consumer Discretionary,0.00,https://www.whirlpoolcorp.com,https://en.wikipedia.org/wiki/Whirlpool,,,,,,Auto-enriched
2261,CTS,Cts Corp,Information Technology,0.00,https://www.ctscorp.com,,,,,,,Auto-enriched
2262,AGIO,Agios Pharmaceuticals,Health Care,0.00,https://www.agios.com,https://en.wikipedia.org/wiki/Agios_Pharmaceuticals,,,,,,Auto-enriched
2263,FWONA,Liberty Media,Communication,0.00,https://www.libertymedia.com,https://en.wikipedia.org/wiki/Liberty_Media,,,,,,Auto-enriched
2264,HMN,Horace Mann Educators Corporation,Financials,0.00,https://www.horacemann.com,https://en.wikipedia.org/wiki/Horace_Mann_Educators_Corporation,,,,,,Auto-enriched
2265,NBTB,NBT Bancorp,Financials,0.00,https://www.nbtbancorp.com,https://en.wikipedia.org/wiki/NBT_Bancorp,,,,,,Auto-enriched
2266,GRAL,Grail (company),Health Care,0.00,https://www.grail.com,https://en.wikipedia.org/wiki/Grail_(company),,,,,,Auto-enriched
2267,CALX,Calix (company),Information Technology,0.00,https://www.calix.com,https://en.wikipedia.org/wiki/Calix_(company),,,,,,Auto-enriched
2268,TE,T1 Energy Inc,Information Technology,0.00,https://www.t1energy.com,,,,,,,Auto-enriched
2269,PGNY,Progyny Inc,Health Care,0.00,https://www.progyny.com,,,,,,,Auto-enriched
2270,DBD,Diebold Nixdorf,Information Technology,0.00,https://www.dieboldnixdorf.com,https://en.wikipedia.org/wiki/Diebold_Nixdorf,,,,,,Auto-enriched
2271,ALGT,Allegiant Travel Company,Industrials,0.00,https://www.allegiantair.com,https://en.wikipedia.org/wiki/Allegiant_Travel_Company,,,,,,Auto-enriched
2272,VVX,V2X Inc,Industrials,0.00,https://www.gov2x.com,,,,,,,Auto-enriched
2273,FBK,Fb Financial Corp,Financials,0.00,https://www.firstbankonline.com,,,,,,,Auto-enriched
2274,SHAK,Shake Shack,Consumer Discretionary,0.00,https://www.shakeshack.com,https://en.wikipedia.org/wiki/Shake_Shack,,,,,,Auto-enriched
2275,SYBT,Stock Yards Bancorp Inc,Financials,0.00,https://www.syb.com,,,,,,,Auto-enriched
2276,NWBI,Northwest Bancshares,Financials,0.00,https://www.northwest.bank,https://en.wikipedia.org/wiki/Northwest_Bancshares,https://www.facebook.com/northwest,,https://x.com/NWSB,,,Auto-enriched
2277,UTI,Universal Technical Institute,Consumer Discretionary,0.00,https://www.uti.edu,https://en.wikipedia.org/wiki/Universal_Technical_Institute,,,,,,Auto-enriched
2278,WKC,World Kinect Corporation,Energy,0.00,https://www.world-kinect.com,https://en.wikipedia.org/wiki/World_Kinect_Corporation,,,,,,Auto-enriched
2279,LINC,Lincoln Tech,Consumer Discretionary,0.00,https://www.lincolnedu.com,https://en.wikipedia.org/wiki/Lincoln_Tech,,,,,,Auto-enriched
2280,PTON,Peloton Interactive,Consumer Discretionary,0.00,https://www.onepeloton.com,https://en.wikipedia.org/wiki/Peloton_Interactive,,,,,,Auto-enriched
2281,SEZL,Sezzle,Financials,0.00,https://www.sezzle.com,https://en.wikipedia.org/wiki/Sezzle,,,,,,Auto-enriched
2282,IMNM,Immunome Inc,Health Care,0.00,https://www.immunome.com,,,,,,,Auto-enriched
2283,CUBI,Customers Bancorp,Financials,0.00,https://www.customersbank.com,https://en.wikipedia.org/wiki/Customers_Bancorp,,,,,,Auto-enriched
2284,CENTA,Central Garden And Pet Class A,Consumer Staples,0.00,https://www.central.com,,,,,,,Auto-enriched
2285,HE,Hawaiian Electric Industries,Utilities,0.00,https://www.hei.com,https://en.wikipedia.org/wiki/Hawaiian_Electric_Industries,,,,,,Auto-enriched
2286,AIN,Albany International,Industrials,0.00,https://www.albint.com,https://en.wikipedia.org/wiki/Albany_International,,,,,,Auto-enriched
2287,NWL,Newell Brands,Consumer Discretionary,0.00,https://www.newellbrands.com,https://en.wikipedia.org/wiki/Newell_Brands,,,,,,Auto-enriched
2288,WLY,Wiley (publisher),Communication,0.00,https://www.wiley.com,https://en.wikipedia.org/wiki/Wiley_(publisher),,,,,,Auto-enriched
2289,AMR,Alpha Metallurgical Resources,Materials,0.00,https://www.alphametresources.com,https://en.wikipedia.org/wiki/Alpha_Metallurgical_Resources,,,,,,Auto-enriched
2290,FRME,First Merchants Corporation,Financials,0.00,https://www.firstmerchants.com,https://en.wikipedia.org/wiki/First_Merchants_Corporation,,,,,,Auto-enriched
2291,EFSC,Enterprise Financial Services Corp,Financials,0.00,https://www.enterprisebank.com,,,,,,,Auto-enriched
2292,SUPN,Supernus Pharmaceuticals Inc,Health Care,0.00,https://www.supernus.com,,,,,,,Auto-enriched
2293,IRON,Disc Medicine Inc,Health Care,0.00,https://www.discmedicine.com,,,,,,,Auto-enriched
2294,EPAC,Enerpac Tool Group,Industrials,0.00,https://www.enerpactoolgroup.com,https://en.wikipedia.org/wiki/Enerpac_Tool_Group,,,,,,Auto-enriched
2295,PRLB,Protolabs,Industrials,0.00,https://www.protolabs.com,https://en.wikipedia.org/wiki/Protolabs,,,,,,Auto-enriched
2296,QUBT,Quantum Computing Inc,Information Technology,0.00,https://www.quantumcomputinginc.com,,,,,,,Auto-enriched
2297,PPTA,Perpetua Resources Corp,Materials,0.00,https://www.perpetuaresources.com,,,,,,,Auto-enriched
2298,IBRX,Immunitybio Inc,Health Care,0.00,https://www.immunitybio.com,,,,,,,Auto-enriched
2299,VCEL,Vericel Corp,Health Care,0.00,https://www.vcel.com,,,,,,,Auto-enriched
2300,FLNC,Fluence Energy Inc Class A,Industrials,0.00,https://www.fluenceenergy.com,,,,,,,Auto-enriched
2301,GPOR,Gulfport Energy Corp,Energy,0.00,https://www.gulfportenergy.com,,,,,,,Auto-enriched
2302,ZD,Ziff Davis,Communication,0.00,https://www.ziffdavis.com,https://en.wikipedia.org/wiki/Ziff_Davis,,,,,,Auto-enriched
2303,DGII,Digi International,Information Technology,0.00,https://www.digi.com,https://en.wikipedia.org/wiki/Digi_International,,,,,,Auto-enriched
2304,CNS,Cohen & Steers,Financials,0.00,https://www.cohenandsteers.com,https://en.wikipedia.org/wiki/Cohen_%26_Steers,,,,,,Auto-enriched
2305,CXT,Crane NXT,Information Technology,0.00,https://www.cranenxt.com,https://en.wikipedia.org/wiki/Crane_NXT,,,,,,Auto-enriched
2306,CLMT,"Calumet, Inc.",Energy,0.00,https://www.calumetspecialty.com,"https://en.wikipedia.org/wiki/Calumet,_Inc.",,,,,,Auto-enriched
2307,DHT,Dht Holdings Inc,Energy,0.00,https://www.dhtankers.com,,,,,,,Auto-enriched
2308,BBT,Beacon Financial Corp,Financials,0.00,,,,,,,,Auto-enriched
2309,NWN,NW Natural,Utilities,0.00,https://www.nwnatural.com,https://en.wikipedia.org/wiki/NW_Natural,,,,,,Auto-enriched
2310,WK,Workiva,Information Technology,0.00,https://www.workiva.com,https://en.wikipedia.org/wiki/Workiva,,,,,,Auto-enriched
2311,XHR,Xenia Hotels Resorts Reit Inc,Real Estate,0.00,https://www.xeniareit.com,,,,,,,Auto-enriched
2312,FUN,Six Flags,Consumer Discretionary,0.00,https://www.sixflags.com,https://en.wikipedia.org/wiki/Six_Flags,,,,,,Auto-enriched
2313,GRBK,Green Brick Partners Inc,Consumer Discretionary,0.00,https://www.greenbrickpartners.com,,,,,,,Auto-enriched
2314,RH,Rh,Consumer Discretionary,0.00,https://www.rh.com,,,,,,,Auto-enriched
2315,TARS,Tarsus Pharmaceuticals Inc,Health Care,0.00,https://www.tarsusrx.com,,,,,,,Auto-enriched
2316,ACHC,Acadia Healthcare,Health Care,0.00,https://www.acadiahealthcare.com,https://en.wikipedia.org/wiki/Acadia_Healthcare,,,,,,Auto-enriched
2317,KNTK,Kinetik Holdings Inc Class A,Energy,0.00,https://www.kinetik.com,,,,,,,Auto-enriched
2318,MGNI,Magnite,Communication,0.00,https://www.magnite.com,https://en.wikipedia.org/wiki/Magnite,,,,,,Auto-enriched
2319,AMBQ,Ambiq Micro,Information Technology,0.00,https://www.ambiq.com,https://en.wikipedia.org/wiki/Ambiq_Micro,,,,,,Auto-enriched
2320,RAMP,LiveRamp,Information Technology,0.00,https://www.liveramp.com,https://en.wikipedia.org/wiki/LiveRamp,,,,,,Auto-enriched
2321,PRK,Park National Corp,Financials,0.00,https://www.parknationalbank.com,,,,,,,Auto-enriched
2322,ERAS,Erasca Inc,Health Care,0.00,https://www.erasca.com,,,,,,,Auto-enriched
2323,UI,Ubiquiti,Information Technology,0.00,https://www.ui.com,https://en.wikipedia.org/wiki/Ubiquiti,,,,,,Auto-enriched
2324,TBBK,Bancorp Inc,Financials,0.00,https://www.thebancorp.com,,,,,,,Auto-enriched
2325,PLUS,EPlus,Information Technology,0.00,https://www.eplus.com,https://en.wikipedia.org/wiki/EPlus,,,,,,Auto-enriched
2326,NMRK,Newmark Group,Real Estate,0.00,https://www.nmrk.com,https://en.wikipedia.org/wiki/Newmark_Group,,,,,,Auto-enriched
2327,AUPH,Aurinia Pharmaceuticals Inc,Health Care,0.00,https://www.auriniapharma.com,,,,,,,Auto-enriched
2328,ATRO,Astronics,Industrials,0.00,https://www.astronics.com,https://en.wikipedia.org/wiki/Astronics,,,,,,Auto-enriched
2329,CPRI,Capri Holdings,Consumer Discretionary,0.00,https://www.capriholdings.com,https://en.wikipedia.org/wiki/Capri_Holdings,,,,,,Auto-enriched
2330,AAMI,Acadian Asset Management,Financials,0.00,https://www.acadian-asset.com,https://en.wikipedia.org/wiki/Acadian_Asset_Management,,,,,,Auto-enriched
2331,HNI,HNI Corporation,Industrials,0.00,https://www.hnicorp.com,https://en.wikipedia.org/wiki/HNI_Corporation,,,,,,Auto-enriched
2332,CTRI,Centuri Holdings Inc,Industrials,0.00,https://www.centuri.com,,,,,,,Auto-enriched
2333,LCII,Lci Industries,Consumer Discretionary,0.00,https://www.lci1.com,,,,,,,Auto-enriched
2334,EOSE,Eos Energy Enterprises Inc Class A,Industrials,0.00,https://www.eose.com,,,,,,,Auto-enriched
2335,PBH,Prestige Consumer Healthcare,Health Care,0.00,https://www.prestigeconsumerhealthcare.com,https://en.wikipedia.org/wiki/Prestige_Consumer_Healthcare,,,,,,Auto-enriched
2336,BCRX,BioCryst Pharmaceuticals,Health Care,0.00,https://www.biocryst.com,https://en.wikipedia.org/wiki/BioCryst_Pharmaceuticals,,,,,,Auto-enriched
2337,MTX,Minerals Technologies,Materials,0.00,https://www.mineralstech.com,https://en.wikipedia.org/wiki/Minerals_Technologies,,,,,,Auto-enriched
2338,IVT,InvenTrust Properties,Real Estate,0.00,https://www.inventrustproperties.com,https://en.wikipedia.org/wiki/InvenTrust_Properties,,,,,,Auto-enriched
2339,BUSE,Busey Bank,Financials,0.00,https://www.busey.com,https://en.wikipedia.org/wiki/Busey_Bank,,,,,,Auto-enriched
2340,PRDO,Perdoceo Education,Consumer Discretionary,0.00,https://www.perdoceoed.com,https://en.wikipedia.org/wiki/Perdoceo_Education,,,,,,Auto-enriched
2341,RLAY,Relay Therapeutics Inc,Health Care,0.00,https://www.relaytx.com,,,,,,,Auto-enriched
2342,BLX,Banco Latinoamericano de Comercio Exterior,Financials,0.00,https://www.bladex.com,https://en.wikipedia.org/wiki/Banco_Latinoamericano_de_Comercio_Exterior,,,,,,Auto-enriched
2343,NTCT,NetScout Systems,Information Technology,0.00,https://www.netscout.com,https://en.wikipedia.org/wiki/NetScout_Systems,,,,,,Auto-enriched
2344,DCO,Ducommun,Industrials,0.00,https://www.ducommun.com,https://en.wikipedia.org/wiki/Ducommun,,,,,,Auto-enriched
2345,SHO,Sunstone Hotel Investors Reit Inc,Real Estate,0.00,https://www.sunstonehotels.com,,,,,,,Auto-enriched
2346,PEB,Pebblebrook Hotel Trust Reit,Real Estate,0.00,https://www.pebblebrookhotels.com,,,,,,,Auto-enriched
2347,BANR,Banner Bank,Financials,0.00,https://www.bannerbank.com,https://en.wikipedia.org/wiki/Banner_Bank,,,,,,Auto-enriched
2348,BIRK,Birkenstock,Consumer Discretionary,0.00,https://www.birkenstock.com,https://en.wikipedia.org/wiki/Birkenstock,,,,,,Auto-enriched
2349,CCC,Ccc Intelligent Solutions Holdings,Information Technology,0.00,https://www.cccis.com,,,,,,,Auto-enriched
2350,OUST,Ouster (company),Information Technology,0.00,https://www.ouster.com,https://en.wikipedia.org/wiki/Ouster_(company),,,,,,Auto-enriched
2351,NG,NovaGold Resources,Materials,0.00,https://www.novagold.com,https://en.wikipedia.org/wiki/NovaGold_Resources,,,,,,Auto-enriched
2352,FRPT,Freshpet,Consumer Staples,0.00,https://www.freshpet.com,https://en.wikipedia.org/wiki/Freshpet,,,,,,Auto-enriched
2353,WERN,Werner Enterprises,Industrials,0.00,https://www.werner.com,https://en.wikipedia.org/wiki/Werner_Enterprises,,,,,,Auto-enriched
2354,DBRG,DigitalBridge,Financials,0.00,https://www.digitalbridge.com,https://en.wikipedia.org/wiki/DigitalBridge,,,https://x.com/DBRG_Group,,,Auto-enriched
2355,BANF,BancFirst,Financials,0.00,https://www.bancfirst.bank,https://en.wikipedia.org/wiki/BancFirst,,,,,,Auto-enriched
2356,BANC,Banc of California,Financials,0.00,https://www.bancofcal.com,https://en.wikipedia.org/wiki/Banc_of_California,,,,,,Auto-enriched
2357,AKR,Acadia Realty Trust Reit,Real Estate,0.00,https://www.acadiarealty.com,,,,,,,Auto-enriched
2358,LUNR,Intuitive Machines,Industrials,0.00,https://www.intuitivemachines.com,https://en.wikipedia.org/wiki/Intuitive_Machines,,,,,,Auto-enriched
2359,PARR,Par Pacific Holdings,Energy,0.00,https://www.parpacific.com,https://en.wikipedia.org/wiki/Par_Pacific_Holdings,,,,,,Auto-enriched
2360,SPB,Spectrum Brands,Consumer Staples,0.00,https://www.spectrumbrands.com,https://en.wikipedia.org/wiki/Spectrum_Brands,,,,,,Auto-enriched
2361,FCPT,Four Corners Property Inc Trust,Real Estate,0.00,https://www.fcpt.com,,,,,,,Auto-enriched
2362,GPGI,Gpgi Inc Class A,Information Technology,0.00,,,,,,,,Auto-enriched
2363,BATRK,Atlanta Braves Holdings Inc Series,Communication,0.00,https://www.bravesholdings.com,,,,,,,Auto-enriched
2364,IDYA,Ideaya Biosciences Inc,Health Care,0.00,https://www.ideayabio.com,,,,,,,Auto-enriched
2365,FRHC,Freedom Holding,Financials,0.00,https://www.freedomholdingcorp.com,https://en.wikipedia.org/wiki/Freedom_Holding,,,,,,Auto-enriched
2366,WRBY,Warby Parker,Consumer Discretionary,0.00,https://www.warbyparker.com,https://en.wikipedia.org/wiki/Warby_Parker,,,,,,Auto-enriched
2367,DNOW,DNOW,Industrials,0.00,https://www.dnow.com,https://en.wikipedia.org/wiki/DNOW,,,,,,Auto-enriched
2368,DFTX,Definium Therapeutics Inc,Health Care,0.00,https://www.definiumtx.com,,,,,,,Auto-enriched
2369,RSI,Rush Street Interactive Inc Class,Consumer Discretionary,0.00,https://www.rushstreetinteractive.com,,,,,,,Auto-enriched
2370,CALY,Topgolf Callaway Brands,Consumer Discretionary,0.00,https://www.topgolfcallawaybrands.com,https://en.wikipedia.org/wiki/Topgolf_Callaway_Brands,,,,,,Auto-enriched
2371,TRN,Trinity Industries,Industrials,0.00,https://www.trin.net,https://en.wikipedia.org/wiki/Trinity_Industries,,,,,,Auto-enriched
2372,TMDX,Transmedics Group Inc,Health Care,0.00,https://www.transmedics.com,,,,,,,Auto-enriched
2373,KD,Kyndryl,Information Technology,0.00,https://www.kyndryl.com,https://en.wikipedia.org/wiki/Kyndryl,,,,,,Auto-enriched
2374,CACC,Credit Acceptance Corp,Financials,0.00,https://www.creditacceptance.com,,,,,,,Auto-enriched
2375,PRVA,Privia Health Group Inc,Health Care,0.00,https://www.priviahealth.com,,,,,,,Auto-enriched
2376,PFSI,PennyMac Financial Services,Financials,0.00,https://www.pennymac.com,https://en.wikipedia.org/wiki/PennyMac_Financial_Services,,,,,,Auto-enriched
2377,RARE,Ultragenyx,Health Care,0.00,https://www.ultragenyx.com,https://en.wikipedia.org/wiki/Ultragenyx,,,,,,Auto-enriched
2378,UE,Urban Edge Properties,Real Estate,0.00,https://www.uedge.com,,,,,,,Auto-enriched
2379,LINE,"Lineage, Inc.",Real Estate,0.00,https://www.onelineage.com,"https://en.wikipedia.org/wiki/Lineage,_Inc.",,,,,,Auto-enriched
2380,FSLY,Fastly,Information Technology,0.00,https://www.fastly.com,https://en.wikipedia.org/wiki/Fastly,,,,,,Auto-enriched
2381,LASR,Nlight Inc,Information Technology,0.00,https://www.nlight.net,,,,,,,Auto-enriched
2382,SOUN,SoundHound,Information Technology,0.00,https://www.soundhound.com,https://en.wikipedia.org/wiki/SoundHound,,,,,,Auto-enriched
2383,CWT,California Water Service Group,Utilities,0.00,https://www.calwatergroup.com,https://en.wikipedia.org/wiki/California_Water_Service_Group,,,,,,Auto-enriched
2384,DRH,Diamondrock Hospitality,Real Estate,0.00,https://www.drhc.com,,,,,,,Auto-enriched
2385,BILL,Bill Holdings,Information Technology,0.00,https://www.bill.com,https://en.wikipedia.org/wiki/Bill_Holdings,,,,,,Auto-enriched
2386,ANDE,The Andersons,Consumer Staples,0.00,https://www.andersonsinc.com,https://en.wikipedia.org/wiki/The_Andersons,,,,,,Auto-enriched
2387,QTWO,Q2 Holdings Inc,Information Technology,0.00,https://www.q2.com,,,,,,,Auto-enriched
2388,SBCF,Seacoast Banking Of Florida,Financials,0.00,https://www.seacoastbanking.com,,,,,,,Auto-enriched
2389,SMG,Scotts Miracle-Gro Company,Materials,0.00,https://www.scotts.com,https://en.wikipedia.org/wiki/Scotts_Miracle-Gro_Company,,,,,,Auto-enriched
2390,MCY,Mercury General,Financials,0.00,https://www.mercuryinsurance.com,https://en.wikipedia.org/wiki/Mercury_General,,,,,,Auto-enriched
2391,VAC,Marriott Vacations Worldwide,Consumer Discretionary,0.00,https://www.marriottvacationsworldwide.com,https://en.wikipedia.org/wiki/Marriott_Vacations_Worldwide,,,,,,Auto-enriched
2392,MGEE,MGE Energy,Utilities,0.00,https://www.mgeenergy.com,https://en.wikipedia.org/wiki/MGE_Energy,,,,,,Auto-enriched
2393,CURB,Curbline Properties,Real Estate,0.00,https://www.curbline.com,,,,,,,Auto-enriched
2394,WAFD,WaFd Bank,Financials,0.00,https://www.wafdbank.com,https://en.wikipedia.org/wiki/WaFd_Bank,,,,,,Auto-enriched
2395,CLDX,Celldex Therapeutics Inc,Health Care,0.00,https://www.celldex.com,,,,,,,Auto-enriched
2396,NGVT,Ingevity Corp,Materials,0.00,https://www.ingevity.com,,,,,,,Auto-enriched
2397,MPT,Medical Properties Trust,Real Estate,0.00,https://www.medicalpropertiestrust.com,https://en.wikipedia.org/wiki/Medical_Properties_Trust,,,,,,Auto-enriched
2398,NHC,National Healthcare Corp,Health Care,0.00,https://www.nhccare.com,,,,,,,Auto-enriched
2399,CPK,Chesapeake Utilities Corp,Utilities,0.00,https://www.chpk.com,,,,,,,Auto-enriched
2400,CRGY,Crescent Energy Class A,Energy,0.00,https://www.crescentenergyco.com,,,,,,,Auto-enriched
2401,DOCS,Doximity,Health Care,0.00,https://www.doximity.com,https://en.wikipedia.org/wiki/Doximity,,,,,,Auto-enriched
2402,BLBD,Blue Bird Corporation,Industrials,0.00,https://www.blue-bird.com,https://en.wikipedia.org/wiki/Blue_Bird_Corporation,,,,,,Auto-enriched
2403,UNFI,United Natural Foods,Consumer Staples,0.00,https://www.unfi.com,https://en.wikipedia.org/wiki/United_Natural_Foods,https://www.facebook.com/UNFInc,https://www.instagram.com/unfi,,https://www.youtube.com/channel/UCjmgsNpNcIGjOx_v94MIzrw,https://www.linkedin.com/company/unfi,Auto-enriched
2404,FOUR,Shift4 Payments,Financials,0.00,https://www.shift4.com,https://en.wikipedia.org/wiki/Shift4_Payments,https://www.facebook.com/Shift4Payments,https://www.instagram.com/shift4,https://x.com/shift4,,https://www.linkedin.com/company/shift4,Auto-enriched
2405,RUN,Sunrun,Industrials,0.00,https://www.sunrun.com,https://en.wikipedia.org/wiki/Sunrun,https://www.facebook.com/sunrun,https://www.instagram.com/sunrunsolar,https://x.com/sunrun,https://www.youtube.com/channel/UCN7cLv5Y8n5X-RneFyIcsbQ,,Auto-enriched
2406,WLK,Westlake Corporation,Materials,0.00,https://www.westlake.com,https://en.wikipedia.org/wiki/Westlake_Corporation,,,,,,Auto-enriched
2407,EEFT,Euronet Worldwide,Financials,0.00,https://www.euronetworldwide.com,https://en.wikipedia.org/wiki/Euronet_Worldwide,https://www.facebook.com/Euronet-Worldwide-169642523235647,,https://x.com/euronetde,,,Auto-enriched
2408,MGRC,Mcgrath Rent,Industrials,0.00,https://www.mgrc.com,,,,,,,Auto-enriched
2409,ICHR,Ichor Holdings Ltd,Information Technology,0.00,https://www.ichorsystems.com,,,,,,,Auto-enriched
2410,PSN,Parsons Corporation,Industrials,0.00,https://www.parsons.com,https://en.wikipedia.org/wiki/Parsons_Corporation,,,,,,Auto-enriched
2411,EWTX,Edgewise Therapeutics Inc,Health Care,0.00,https://www.edgewisetx.com,,,,,,,Auto-enriched
2412,ADPT,Adaptive Biotechnologies Corp,Health Care,0.00,https://www.adaptivebiotech.com,,,,https://x.com/dyncorpintl,https://www.youtube.com/channel/UC-3IKV31RzWMzfiiy_DViLw,,Auto-enriched
2413,ACAD,Acadia Pharmaceuticals,Health Care,0.00,https://www.acadia-pharm.com,https://en.wikipedia.org/wiki/Acadia_Pharmaceuticals,,,https://x.com/acadiapharma,,,Auto-enriched
2414,OLN,Olin Corporation,Materials,0.00,https://www.olin.com,https://en.wikipedia.org/wiki/Olin_Corporation,,,,,,Auto-enriched
2415,UPST,Upstart Holdings,Financials,0.00,https://www.upstart.com,https://en.wikipedia.org/wiki/Upstart_Holdings,,https://www.instagram.com/upstart,https://x.com/upstart,,,Auto-enriched
2416,DX,Dynex Capital Reit Inc,Financials,0.00,https://www.dynexcapital.com,,,,,,,Auto-enriched
2417,HLIO,Helios Technologies Inc,Industrials,0.00,https://www.heliostechnologies.com,,,,,,,Auto-enriched
2418,WT,WisdomTree,Financials,0.00,https://www.wisdomtree.com,https://en.wikipedia.org/wiki/WisdomTree,,,https://x.com/WisdomTreeETFs,,,Auto-enriched
2419,FBNC,First Bancorp (North Carolina),Financials,0.00,https://www.localfirstbank.com,https://en.wikipedia.org/wiki/First_Bancorp_(North_Carolina),https://www.facebook.com/localfirstbank,https://www.instagram.com/localfirstbank,https://x.com/LocalFirstBank,,https://www.linkedin.com/company/localfirstbank,Auto-enriched
2420,TOWN,TowneBank,Financials,0.00,https://www.townebank.com,https://en.wikipedia.org/wiki/TowneBank,https://www.facebook.com/TowneBank,https://www.instagram.com/townebanksocial,https://x.com/townebanking,,,Auto-enriched
2421,EXPO,Exponent (consulting firm),Industrials,0.00,https://www.exponent.com,https://en.wikipedia.org/wiki/Exponent_(consulting_firm),,,,,,Auto-enriched
2422,ATEN,A10 Networks,Information Technology,0.00,https://www.a10networks.com,https://en.wikipedia.org/wiki/A10_Networks,,,,,,Auto-enriched
2423,NIC,Nicolet Bankshares,Financials,0.00,https://www.nicoletbank.com,https://en.wikipedia.org/wiki/Nicolet_Bankshares,,,,,,Auto-enriched
2424,OSW,Onespaworld Holdings Ltd,Consumer Discretionary,0.00,https://www.onespaworld.com,,,,,,,Auto-enriched
2425,PEGA,Pegasystems,Information Technology,0.00,https://www.pega.com,https://en.wikipedia.org/wiki/Pegasystems,https://www.facebook.com/Pegasystems,,https://x.com/pega,,https://www.linkedin.com/company/pegasystems,Auto-enriched
2426,SDRL,Seadrill,Energy,0.00,https://www.seadrill.com,https://en.wikipedia.org/wiki/Seadrill,,,https://x.com/seadrillltd,,,Auto-enriched
2427,DYN,Dyne Therapeutics Inc,Health Care,0.00,https://www.dyne-tx.com,,,,,,,Auto-enriched
2428,TRMK,Trustmark Corp,Financials,0.00,https://www.trustmark.com,,,,,,,Auto-enriched
2429,BTU,Peabody Energy,Energy,0.00,https://www.peabodyenergy.com,https://en.wikipedia.org/wiki/Peabody_Energy,,,https://x.com/peabodyenergy,,,Auto-enriched
2430,ABM,ABM Industries,Industrials,0.00,https://www.abm.com,https://en.wikipedia.org/wiki/ABM_Industries,https://www.facebook.com/ABMIndustries,,https://x.com/abmfacilityserv,,,Auto-enriched
2431,AMRX,Amneal Pharmaceuticals,Health Care,0.00,https://www.amneal.com,https://en.wikipedia.org/wiki/Amneal_Pharmaceuticals,,,,,,Auto-enriched
2432,JOE,The St. Joe Company,Real Estate,0.00,https://www.joe.com,https://en.wikipedia.org/wiki/The_St._Joe_Company,,,,,,Auto-enriched
2433,CARG,CarGurus,Communication,0.00,https://www.cargurus.com,https://en.wikipedia.org/wiki/CarGurus,https://www.facebook.com/cargurus,https://www.instagram.com/cargurus,https://x.com/CarGurus,https://www.youtube.com/channel/UC90ZigN9H_k5hEbZ3r6cuHQ,,Auto-enriched
2434,VISN,Vistance Networks Inc,Information Technology,0.00,,,,,,,,Auto-enriched
2435,PATK,Patrick Industries Inc,Consumer Discretionary,0.00,https://www.patrickind.com,,,,,,,Auto-enriched
2436,HUBG,Hub Group,Industrials,0.00,https://www.hubgroup.com,https://en.wikipedia.org/wiki/Hub_Group,,,,,,Auto-enriched
2437,LION,Lionsgate Studios,Communication,0.00,https://www.lionsgate.com,https://en.wikipedia.org/wiki/Lionsgate_Studios,,,,,,Auto-enriched
2438,COHU,"Cohu, Inc.",Information Technology,0.00,https://www.cohu.com,"https://en.wikipedia.org/wiki/Cohu,_Inc.",,,,,,Auto-enriched
2439,GOLF,Acushnet Company,Consumer Discretionary,0.00,https://www.acushnet.com,https://en.wikipedia.org/wiki/Acushnet_Company,,,,,,Auto-enriched
2440,CAR,Avis Budget Group,Industrials,0.00,https://www.avisbudgetgroup.com,https://en.wikipedia.org/wiki/Avis_Budget_Group,,,https://x.com/AvisInnovation,,,Auto-enriched
2441,BOKF,BOK Financial Corporation,Financials,0.00,https://www.bokfinancial.com,https://en.wikipedia.org/wiki/BOK_Financial_Corporation,,,,,,Auto-enriched
2442,RRR,Red Rock Resorts,Consumer Discretionary,0.00,https://www.redrockresorts.com,https://en.wikipedia.org/wiki/Red_Rock_Resorts,,,,,,Auto-enriched
2443,CON,Concentra Group Holdings Parent In,Health Care,0.00,https://www.concentra.com,,,,,,,Auto-enriched
2444,AWR,American States Water,Utilities,0.00,https://www.aswater.com,https://en.wikipedia.org/wiki/American_States_Water,,,,,,Auto-enriched
2445,DNTH,Dianthus Therapeutics Inc,Health Care,0.00,https://www.dianthustx.com,,,,,,,Auto-enriched
2446,AEHR,Aehr Test Systems,Information Technology,0.00,https://www.aehr.com,,,,https://x.com/wilsonsonsini,,,Auto-enriched
2447,IPGP,IPG Photonics,Information Technology,0.00,https://www.ipgphotonics.com,https://en.wikipedia.org/wiki/IPG_Photonics,,,,,,Auto-enriched
2448,STNE,Stoneco Ltd Class A,Financials,0.00,https://www.stone.co,,,,,,,Auto-enriched
2449,FFBC,First Financial Bancorp,Financials,0.00,https://www.bankatfirst.com,https://en.wikipedia.org/wiki/First_Financial_Bancorp,https://www.facebook.com/FirstFinancialBank,https://www.instagram.com/bankatfirst,https://x.com/bankatfirst,,https://www.linkedin.com/company/first-financial-bank,Auto-enriched
2450,NSIT,Insight Enterprises,Information Technology,0.00,https://www.insight.com,https://en.wikipedia.org/wiki/Insight_Enterprises,https://www.facebook.com/InsightEnterprisesInc,,https://x.com/insightent,,,Auto-enriched
2451,CWK,Cushman & Wakefield,Real Estate,0.00,https://www.cushmanwakefield.com,https://en.wikipedia.org/wiki/Cushman_%26_Wakefield,https://www.facebook.com/CushmanWakefield,https://www.instagram.com/cushwake,https://x.com/cushwake,,https://www.linkedin.com/company/cushman-&-wakefield,Auto-enriched
2452,DK,Delek US,Energy,0.00,https://www.delekus.com,https://en.wikipedia.org/wiki/Delek_US,https://www.facebook.com/DelekUSofficial,https://www.instagram.com/delek_us,https://x.com/delekusholdings,https://www.youtube.com/channel/UCk2o11OYPIzHK6rehd6anlg,,Auto-enriched
2453,HIW,Highwoods Properties Reit Inc,Real Estate,0.00,https://www.highwoods.com,,,,,,,Auto-enriched
2454,MMS,Maximus (company),Industrials,0.00,https://www.maximus.com,https://en.wikipedia.org/wiki/Maximus_(company),,https://www.instagram.com/maximuscareers,https://x.com/maximus_news,,,Auto-enriched
2455,HAYW,Hayward Holdings Inc,Industrials,0.00,https://www.hayward.com,,,,,,,Auto-enriched
2456,KALU,Kaiser Aluminum,Materials,0.00,https://www.kaiseraluminum.com,https://en.wikipedia.org/wiki/Kaiser_Aluminum,,,,,,Auto-enriched
2457,VC,Visteon,Consumer Discretionary,0.00,https://www.visteon.com,https://en.wikipedia.org/wiki/Visteon,https://www.facebook.com/VisteonCorporation,,https://x.com/visteon,https://www.youtube.com/channel/UCfQ0D4QVkDp8yRP0uKhuzpQ,,Auto-enriched
2458,LXP,Lxp Industrial Trust,Real Estate,0.00,https://www.lxp.com,,,,,,,Auto-enriched
2459,CENX,Century Aluminum,Materials,0.00,https://www.centuryaluminum.com,https://en.wikipedia.org/wiki/Century_Aluminum,,,,,,Auto-enriched
2460,AMBA,Ambarella (company),Information Technology,0.00,https://www.ambarella.com,https://en.wikipedia.org/wiki/Ambarella_(company),,,,,,Auto-enriched
2461,TDC,Teradata,Information Technology,0.00,https://www.teradata.com,https://en.wikipedia.org/wiki/Teradata,https://www.facebook.com/Teradata,,https://x.com/teradata,,https://www.linkedin.com/company/1466,Auto-enriched
2462,ATKR,Atkore,Industrials,0.00,https://www.atkore.com,https://en.wikipedia.org/wiki/Atkore,,,,,,Auto-enriched
2463,LEU,Centrus Energy,Energy,0.00,https://www.centrusenergy.com,https://en.wikipedia.org/wiki/Centrus_Energy,,,,,,Auto-enriched
2464,PLMR,Palomar Holdings Inc,Financials,0.00,https://www.plmr.com,,,,,,,Auto-enriched
2465,ARQT,Arcutis Biotherapeutics Inc,Health Care,0.00,https://www.arcutis.com,,,,,,,Auto-enriched
2466,NHI,National Health Investors Reit Inc,Real Estate,0.00,https://www.nhireit.com,,,,,,,Auto-enriched
2467,KMT,Kennametal,Industrials,0.00,https://www.kennametal.com,https://en.wikipedia.org/wiki/Kennametal,,,,,,Auto-enriched
2468,HOG,Harley-Davidson,Consumer Discretionary,0.00,https://www.harley-davidson.com,https://en.wikipedia.org/wiki/Harley-Davidson,https://www.facebook.com/harley-davidson,https://www.instagram.com/harleydavidson,https://x.com/harleydavidson,https://www.youtube.com/channel/UCbqVd7XZqpqidIpdblY9dhQ,,Auto-enriched
2469,STEP,StepStone Group,Financials,0.00,https://www.stepstonegroup.com,https://en.wikipedia.org/wiki/StepStone_Group,,,,,,Auto-enriched
2470,NTB,Bank of N.T. Butterfield & Son,Financials,0.00,https://www.butterfieldgroup.com,https://en.wikipedia.org/wiki/Bank_of_N.T._Butterfield_%26_Son,,,,,,Auto-enriched
2471,SFNC,Simmons Bank,Financials,0.00,https://www.simmonsbank.com,https://en.wikipedia.org/wiki/Simmons_Bank,,,https://x.com/greendotcards,,,Auto-enriched
2472,NSA,National Storage Affiliates Trust,Real Estate,0.00,https://www.nationalstorageaffiliates.com,,,,,,,Auto-enriched
2473,PHIN,Phinia,Consumer Discretionary,0.00,https://www.phinia.com,https://en.wikipedia.org/wiki/Phinia,,,,,,Auto-enriched
2474,BCC,Boise Cascade,Industrials,0.00,https://www.bc.com,https://en.wikipedia.org/wiki/Boise_Cascade,,https://www.instagram.com/boisecascade,https://x.com/boise_cascade,https://www.youtube.com/channel/UCzPo136roos1hqSdHn1mh2Q,,Auto-enriched
2475,WDFC,WD-40 Company,Consumer Staples,0.00,https://www.wd40company.com,https://en.wikipedia.org/wiki/WD-40_Company,https://www.facebook.com/OriginalWD40,https://www.instagram.com/wd40brand,https://x.com/OriginalWD40,,,Auto-enriched
2476,ROG,Rogers Corporation,Information Technology,0.00,https://www.rogerscorp.com,https://en.wikipedia.org/wiki/Rogers_Corporation,https://www.facebook.com/RogersCorporation,,https://x.com/Rogers_Corp,,,Auto-enriched
2477,BELFB,Bel Fuse,Information Technology,0.00,https://www.belfuse.com,https://en.wikipedia.org/wiki/Bel_Fuse,,,,,,Auto-enriched
2478,INOD,Innodata,Industrials,0.00,https://www.innodata.com,https://en.wikipedia.org/wiki/Innodata,,,,,,Auto-enriched
2479,DLB,Dolby Laboratories,Information Technology,0.00,https://www.dolby.com,https://en.wikipedia.org/wiki/Dolby_Laboratories,https://www.facebook.com/Dolby,,https://x.com/Dolby,,https://www.linkedin.com/company/dolby-laboratories,Auto-enriched
2480,CC,Chemours,Materials,0.00,https://www.chemours.com,https://en.wikipedia.org/wiki/Chemours,,,,,,Auto-enriched
2481,GPK,Graphic Packaging,Materials,0.00,https://www.graphicpkg.com,https://en.wikipedia.org/wiki/Graphic_Packaging,,,,,,Auto-enriched
2482,PFS,Provident Financial Services,Financials,0.00,https://www.provident.bank,https://en.wikipedia.org/wiki/Provident_Financial_Services,https://www.facebook.com/ProvidentBank,https://www.instagram.com/providentbank,https://x.com/ProvidentBank,,https://www.linkedin.com/company/the-provident-bank,Auto-enriched
2483,NMIH,Nmi Holdings Inc,Financials,0.00,https://www.nationalmi.com,,,,,,,Auto-enriched
2484,VKTX,Viking Therapeutics,Health Care,0.00,https://www.vikingtherapeutics.com,https://en.wikipedia.org/wiki/Viking_Therapeutics,,,,,,Auto-enriched
2485,CELC,Celcuity Inc,Health Care,0.00,https://www.celcuity.com,,,,,,,Auto-enriched
2486,ITGR,Integer Holdings Corp,Health Care,0.00,https://www.integer.net,,,,,,,Auto-enriched
2487,IMVT,Immunovant Inc,Health Care,0.00,https://www.immunovant.com,,,,,,,Auto-enriched
2488,LOAR,Loar Holdings Inc,Industrials,0.00,https://www.loargroup.com,,,,,,,Auto-enriched
2489,PBF,PBF Energy,Energy,0.00,https://www.pbfenergy.com,https://en.wikipedia.org/wiki/PBF_Energy,,,,,,Auto-enriched
2490,LBRDK,Liberty Broadband,Communication,0.00,https://www.libertybroadband.com,https://en.wikipedia.org/wiki/Liberty_Broadband,,,,,,Auto-enriched
2491,RNG,RingCentral,Information Technology,0.00,https://www.ringcentral.com,https://en.wikipedia.org/wiki/RingCentral,https://www.facebook.com/ringcentral,https://www.instagram.com/ringcentral,https://x.com/ringcentral,,,Auto-enriched
2492,SHOO,"Steve Madden, Ltd.",Consumer Discretionary,0.00,https://www.stevemadden.com,"https://en.wikipedia.org/wiki/Steve_Madden,_Ltd.",https://www.facebook.com/SteveMaddenShoes,https://www.instagram.com/stevemadden,https://x.com/SteveMadden,,,Auto-enriched
2493,HGV,Hilton Grand Vacations,Consumer Discretionary,0.00,https://www.hiltongrandvacations.com,https://en.wikipedia.org/wiki/Hilton_Grand_Vacations,https://www.facebook.com/HiltonGrandVacations,,https://x.com/HiltonGrandVac,,,Auto-enriched
2494,TDW,Tidewater (marine services),Energy,0.00,https://www.tdw.com,https://en.wikipedia.org/wiki/Tidewater_(marine_services),,,,,,Auto-enriched
2495,TENB,"Tenable, Inc.",Information Technology,0.00,https://www.tenable.com,"https://en.wikipedia.org/wiki/Tenable,_Inc.",,https://www.instagram.com/tenableofficial,https://x.com/TenableSecurity,,https://www.linkedin.com/company/tenableinc,Auto-enriched
2496,ICUI,ICU Medical,Health Care,0.00,https://www.icumed.com,https://en.wikipedia.org/wiki/ICU_Medical,,,,,,Auto-enriched
2497,MSGE,Madison Square Garden Entertainment,Communication,0.00,https://www.msgentertainment.com,https://en.wikipedia.org/wiki/Madison_Square_Garden_Entertainment,,,,,,Auto-enriched
2498,BOH,Bank of Hawaii,Financials,0.00,https://www.boh.com,https://en.wikipedia.org/wiki/Bank_of_Hawaii,https://www.facebook.com/bankofhawaii,https://www.instagram.com/bankofhawaii,https://x.com/bankofhawaii,,,Auto-enriched
2499,BEAM,Beam Therapeutics,Health Care,0.00,https://www.beamtx.com,https://en.wikipedia.org/wiki/Beam_Therapeutics,,,,,,Auto-enriched
2500,WSBC,WesBanco,Financials,0.00,https://www.wesbanco.com,https://en.wikipedia.org/wiki/WesBanco,https://www.facebook.com/WesBanco,,https://x.com/wesbanco,,https://www.linkedin.com/company/wesbanco,Auto-enriched
2501,PK,Park Hotels & Resorts,Real Estate,0.00,https://www.pkhotelsandresorts.com,https://en.wikipedia.org/wiki/Park_Hotels_%26_Resorts,,,,,,Auto-enriched
2502,HLNE,Hamilton Lane,Financials,0.00,https://www.hamiltonlane.com,https://en.wikipedia.org/wiki/Hamilton_Lane,,,,,,Auto-enriched
2503,PPLI,People,Communication,0.00,,,,,,,,Auto-enriched
2504,AVNT,Avient,Materials,0.00,https://www.avient.com,https://en.wikipedia.org/wiki/Avient,,,,,,Auto-enriched
2505,AEO,American Eagle Outfitters,Consumer Discretionary,0.00,https://www.ae.com,https://en.wikipedia.org/wiki/American_Eagle_Outfitters,https://www.facebook.com/americaneagle,https://www.instagram.com/americaneagle,https://x.com/AEO,,,Auto-enriched
2506,AVA,Avista,Utilities,0.00,https://www.myavista.com,https://en.wikipedia.org/wiki/Avista,https://www.facebook.com/AvistaUtilities,https://www.instagram.com/avistautilities,https://x.com/avistautilities,,https://www.linkedin.com/company/avista,Auto-enriched
2507,CHH,Choice Hotels,Consumer Discretionary,0.00,https://www.choicehotels.com,https://en.wikipedia.org/wiki/Choice_Hotels,https://www.facebook.com/choicehotels,https://www.instagram.com/choicehotels,https://x.com/choicehotels,,https://www.linkedin.com/company/choice-hotels-international,Auto-enriched
2508,BXMT,Blackstone Mortgage Trust Reit Cla,Financials,0.00,https://www.bxmt.com,,,,,,,Auto-enriched
2509,FIBK,First Interstate BancSystem,Financials,0.00,https://www.firstinterstatebank.com,https://en.wikipedia.org/wiki/First_Interstate_BancSystem,https://www.facebook.com/FirstInterstateBank,,,,https://www.linkedin.com/company/first-interstate-bank,Auto-enriched
2510,ARCB,ArcBest,Industrials,0.00,https://www.arcb.com,https://en.wikipedia.org/wiki/ArcBest,,,,,,Auto-enriched
2511,BKD,Brookdale Senior Living,Health Care,0.00,https://www.brookdale.com,https://en.wikipedia.org/wiki/Brookdale_Senior_Living,https://www.facebook.com/brookdaleseniorliving,https://www.instagram.com/brookdaleliving,https://x.com/brookdaleliving,,,Auto-enriched
2512,OII,Oceaneering International,Energy,0.00,https://www.oceaneering.com,https://en.wikipedia.org/wiki/Oceaneering_International,https://www.facebook.com/oceaneering,https://www.instagram.com/oceaneering,https://x.com/oceaneering,https://www.youtube.com/channel/UCheM0G8cXyVgfFMIdDVm2Gg,https://www.linkedin.com/company/oceaneering,Auto-enriched
2513,ADEA,Adeia,Information Technology,0.00,https://www.adeia.com,https://en.wikipedia.org/wiki/Adeia,,,,,,Auto-enriched
2514,ASO,Academy Sports + Outdoors,Consumer Discretionary,0.00,https://www.academy.com,https://en.wikipedia.org/wiki/Academy_Sports_%2B_Outdoors,,,,,,Auto-enriched
2515,QS,QuantumScape,Consumer Discretionary,0.00,https://www.quantumscape.com,https://en.wikipedia.org/wiki/QuantumScape,,,,,,Auto-enriched
2516,CBU,"Community Bank, N.A.",Financials,0.00,https://www.cbna.com,"https://en.wikipedia.org/wiki/Community_Bank,_N.A.",https://www.facebook.com/communitybankna,https://www.instagram.com/communitybankna,,,https://www.linkedin.com/company/community-bank-n-a-,Auto-enriched
2517,CXW,CoreCivic,Industrials,0.00,https://www.corecivic.com,https://en.wikipedia.org/wiki/CoreCivic,https://www.facebook.com/CoreCivic,,https://x.com/corecivic,,,Auto-enriched
2518,VGNT,Versigent Plc,Consumer Discretionary,0.00,,,,,,,,Auto-enriched
2519,KRMN,Karman Holdings,Industrials,0.00,https://www.karman-sd.com,https://en.wikipedia.org/wiki/Karman_Holdings,,,https://x.com/karman_spacedef,https://www.youtube.com/channel/UCKqu80QhF3AA1PDJ5v6xiqQ,,Auto-enriched
2520,CALM,Cal-Maine,Consumer Staples,0.00,https://www.calmainefoods.com,https://en.wikipedia.org/wiki/Cal-Maine,,,,,,Auto-enriched
2521,INSW,International Seaways Inc,Energy,0.00,https://www.intlseas.com,,,,,,,Auto-enriched
2522,HWKN,Hawkins Inc,Materials,0.00,https://www.hawkinsinc.com,,,,,,,Auto-enriched
2523,AMTM,Amentum,Industrials,0.00,https://www.amentum.com,https://en.wikipedia.org/wiki/Amentum,https://www.facebook.com/amentumcorp,,https://x.com/amentum_corp,,https://www.linkedin.com/company/amentumcorp,Auto-enriched
2524,NWS,News Corp,Communication,0.00,https://www.newscorp.com,https://en.wikipedia.org/wiki/News_Corp,https://www.facebook.com/newscorp,,https://x.com/newscorp,,https://www.linkedin.com/company/newscorp,Auto-enriched
2525,DRS,Leonardo DRS,Industrials,0.00,https://www.leonardodrs.com,https://en.wikipedia.org/wiki/Leonardo_DRS,,,,,,Auto-enriched
2526,ADT,ADT Inc.,Consumer Discretionary,0.00,https://www.adt.com,https://en.wikipedia.org/wiki/ADT_Inc.,https://www.facebook.com/ADTMexico,,https://x.com/ADT,,,Auto-enriched
2527,SEI,Solaris Oilfield Infrastructure In,Energy,0.00,https://www.solarisoilfield.com,,,,,,,Auto-enriched
2528,CAKE,The Cheesecake Factory,Consumer Discretionary,0.00,https://www.thecheesecakefactory.com,https://en.wikipedia.org/wiki/The_Cheesecake_Factory,https://www.facebook.com/thecheesecakefactory,https://www.instagram.com/cheesecakefactory,https://x.com/Cheesecake,,,Auto-enriched
2529,RHI,Robert Half,Industrials,0.00,https://www.roberthalf.com,https://en.wikipedia.org/wiki/Robert_Half,https://www.facebook.com/roberthalf,https://www.instagram.com/roberthalf,https://x.com/roberthalf,https://www.youtube.com/channel/UCRZ6Pu8BctdEnmS_5MGWPhw,https://www.linkedin.com/company/robert-half-international,Auto-enriched
2530,DAVE,Dave (company),Financials,0.00,https://www.dave.com,https://en.wikipedia.org/wiki/Dave_(company),,,,,,Auto-enriched
2531,ELF,E.l.f. Beauty,Consumer Staples,0.00,https://www.elfcosmetics.com,https://en.wikipedia.org/wiki/E.l.f._Beauty,https://www.facebook.com/elfcosmetics,https://www.instagram.com/elfcosmetics,https://x.com/elfcosmetics,https://www.youtube.com/channel/UCYBe3cPCbjUManWo2Mg8tNg,,Auto-enriched
2532,OGN,Organon & Co.,Health Care,0.00,https://www.organon.com,https://en.wikipedia.org/wiki/Organon_%26_Co.,,,,,,Auto-enriched
2533,ACHR,Archer Aviation,Industrials,0.00,https://www.archer.com,https://en.wikipedia.org/wiki/Archer_Aviation,,https://www.instagram.com/flyarcher,https://x.com/ArcherAviation,,,Auto-enriched
2534,SLGN,Silgan Holdings,Materials,0.00,https://www.silganholdings.com,https://en.wikipedia.org/wiki/Silgan_Holdings,,,,,,Auto-enriched
2535,GNW,Genworth Financial,Financials,0.00,https://www.genworth.com,https://en.wikipedia.org/wiki/Genworth_Financial,https://www.facebook.com/Genworth,,https://x.com/Genworth,https://www.youtube.com/channel/UCSmegX2mO0XSgO6JCsQCNTA,https://www.linkedin.com/company/genworth-financial_2,Auto-enriched
2536,IRT,Independence Realty Inc,Real Estate,0.00,https://www.irtliving.com,,,,,,,Auto-enriched
2537,PI,Impinj,Information Technology,0.00,https://www.impinj.com,https://en.wikipedia.org/wiki/Impinj,,,https://x.com/impinj,,,Auto-enriched
2538,APPF,AppFolio,Information Technology,0.00,https://www.appfolio.com,https://en.wikipedia.org/wiki/AppFolio,https://www.facebook.com/AppFolio,https://www.instagram.com/appfolio,https://x.com/appfolio,https://www.youtube.com/channel/UCHwnqIuNU_-S-3w9oLrtFXg,,Auto-enriched
2539,TNGX,Tango Therapeutics Inc,Health Care,0.00,https://www.tangotx.com,,,,,,,Auto-enriched
2540,PAG,Penske Automotive Group,Consumer Discretionary,0.00,https://www.penskeautomotive.com,https://en.wikipedia.org/wiki/Penske_Automotive_Group,,,,,,Auto-enriched
2541,DORM,Dorman Products,Consumer Discretionary,0.00,https://www.dormanproducts.com,https://en.wikipedia.org/wiki/Dorman_Products,,,,,,Auto-enriched
2542,BHF,Brighthouse Financial,Financials,0.00,https://www.brighthousefinancial.com,https://en.wikipedia.org/wiki/Brighthouse_Financial,,,https://x.com/brighthousefin,https://www.youtube.com/channel/UCAbbWBpNeaFPLQ0zcgJarmQ,,Auto-enriched
2543,BOX,Box (company),Information Technology,0.00,https://www.box.com,https://en.wikipedia.org/wiki/Box_(company),https://www.facebook.com/box,https://www.instagram.com/boxhq,https://x.com/Box,,,Auto-enriched
2544,ASH,Ashland Inc.,Materials,0.00,https://www.ashland.com,https://en.wikipedia.org/wiki/Ashland_Inc.,,,,,,Auto-enriched
2545,IRTC,Irhythm Holdings Inc,Health Care,0.00,https://www.irhythmtech.com,,,,,,,Auto-enriched
2546,OTTR,Otter Tail Corp,Utilities,0.00,https://www.ottertail.com,,,,,,,Auto-enriched
2547,MRX,Marex (company),Financials,0.00,https://www.marex.com,https://en.wikipedia.org/wiki/Marex_(company),,,,,,Auto-enriched
2548,LRN,"Stride, Inc.",Consumer Discretionary,0.00,https://www.stridelearning.com,"https://en.wikipedia.org/wiki/Stride,_Inc.",https://www.facebook.com/K12inc,https://www.instagram.com/k12learn,https://x.com/k12learn,,,Auto-enriched
2549,PENN,Penn Entertainment,Consumer Discretionary,0.00,https://www.pennentertainment.com,https://en.wikipedia.org/wiki/Penn_Entertainment,,,,,,Auto-enriched
2550,VCTR,Victory Capital Holdings Class A I,Financials,0.00,https://www.vcm.com,,,,,,,Auto-enriched
2551,RELY,Remitly,Financials,0.00,https://www.remitly.com,https://en.wikipedia.org/wiki/Remitly,,https://www.instagram.com/remitly,https://x.com/remitly,,,Auto-enriched
2552,CVBF,Cvb Financial Corp,Financials,0.00,https://www.cbbank.com,,,,,,,Auto-enriched
2553,SLG,SL Green Realty,Real Estate,0.00,https://www.slgreen.com,https://en.wikipedia.org/wiki/SL_Green_Realty,https://www.facebook.com/SLGreenRealtyCorp,https://www.instagram.com/slgreen_realty,https://x.com/slgreen,,,Auto-enriched
2554,HP,Helmerich & Payne,Energy,0.00,https://www.helmerichpayne.com,https://en.wikipedia.org/wiki/Helmerich_%26_Payne,,,,,,Auto-enriched
2555,PENG,Penguin Solutions Inc,Information Technology,0.00,https://www.penguinsolutions.com,,,,,,,Auto-enriched
2556,PVH,PVH (company),Consumer Discretionary,0.00,https://www.pvh.com,https://en.wikipedia.org/wiki/PVH_(company),https://www.facebook.com/PVH.Corp,https://www.instagram.com/pvhcorp,https://x.com/pvhcorp,https://www.youtube.com/channel/UCzTz3j0znFVFO-EM5Sd4Wmw,https://www.linkedin.com/company/pvh,Auto-enriched
2557,AAP,Advance Auto Parts,Consumer Discretionary,0.00,https://www.advanceautoparts.com,https://en.wikipedia.org/wiki/Advance_Auto_Parts,https://www.facebook.com/advanceautoparts,https://www.instagram.com/advanceautoparts,https://x.com/AdvanceAuto,,,Auto-enriched
2558,RYAN,Ryan Specialty,Financials,0.00,https://www.ryanspecialty.com,https://en.wikipedia.org/wiki/Ryan_Specialty,https://www.facebook.com/flooranddecor,https://www.instagram.com/flooranddecor,https://x.com/flooranddecor,,https://www.linkedin.com/company/flooranddecor,Auto-enriched
2559,NATL,NCR Atleos,Financials,0.00,https://www.ncratleos.com,https://en.wikipedia.org/wiki/NCR_Atleos,https://www.facebook.com/ncrcorp,,https://x.com/NCRCorporation,,,Auto-enriched
2560,MORN,"Morningstar, Inc.",Financials,0.00,https://www.morningstar.com,"https://en.wikipedia.org/wiki/Morningstar,_Inc.",,,https://x.com/MorningstarInc,,,Auto-enriched
2561,THO,Thor Industries,Consumer Discretionary,0.00,https://www.thorindustries.com,https://en.wikipedia.org/wiki/Thor_Industries,https://www.facebook.com/THORIndustries,https://www.instagram.com/thorindustries,,https://www.youtube.com/channel/UCpY_ZUg-KNaIvd_9DOEmVcw,https://www.linkedin.com/company/thor-industries,Auto-enriched
2562,BFAM,Bright Horizons,Consumer Discretionary,0.00,https://www.brighthorizons.com,https://en.wikipedia.org/wiki/Bright_Horizons,,,,,,Auto-enriched
2563,CRNX,Crinetics Pharmaceuticals,Health Care,0.00,https://www.crinetics.com,https://en.wikipedia.org/wiki/Crinetics_Pharmaceuticals,https://www.facebook.com/Crinetics,,https://x.com/Crinetics,,https://www.linkedin.com/company/crinetics-pharmaceuticals,Auto-enriched
2564,ORKA,Oruka Therapeutics Inc,Health Care,0.00,https://www.orukatx.com,,,,,,,Auto-enriched
2565,BKU,BankUnited,Financials,0.00,https://www.bankunited.com,https://en.wikipedia.org/wiki/BankUnited,https://www.facebook.com/BankUnited.Official,https://www.instagram.com/bankunited.official,https://x.com/bankunited,,,Auto-enriched
2566,WHD,Cactus Inc Class A,Energy,0.00,https://www.cactuswhd.com,,,,,,,Auto-enriched
2567,LMND,"Lemonade, Inc.",Financials,0.00,https://www.lemonade.com,"https://en.wikipedia.org/wiki/Lemonade,_Inc.",,,,,,Auto-enriched
2568,ITRI,Itron,Information Technology,0.00,https://www.itron.com,https://en.wikipedia.org/wiki/Itron,,,https://x.com/ItronInc,,,Auto-enriched
2569,DNLI,Denali Therapeutics Inc,Health Care,0.00,https://www.denalitherapeutics.com,,,,,,,Auto-enriched
2570,SEVN,Seven Hills Realty Trust,Real Estate,0.000,https://www.sevenhillsrealtytrust.com,,,,,,,Auto-enriched
2571,SKIL,Skillsoft Corp.,Information Technology,0.000,https://www.skillsoft.com,https://en.wikipedia.org/wiki/Skillsoft,,,,,,Auto-enriched
2572,SFBC,"Sound Financial Bancorp, Inc.",Financials,0.000,https://www.soundfinancialbancorp.com,,,,,,,Auto-enriched
2573,SNDA,"Sonida Senior Living, Inc.",Health Care,0.000,https://www.sonidaseniorliving.com,https://en.wikipedia.org/wiki/Sonida_Senior_Living,,,,,,Auto-enriched
2574,SVCO,"Silvaco Group, Inc.",Information Technology,0.000,https://www.silvaco.com,https://en.wikipedia.org/wiki/Silvaco,,,,,,Auto-enriched
2575,SNFCA,Security National Financial Corporation,Financials,0.000,https://www.securitynational.com,,,,,,,Auto-enriched
2576,SGHT,"Sight Sciences, Inc.",Health Care,0.000,https://www.sightsciences.com,,,,,,,Auto-enriched
2577,SI,"Shoulder Innovations, Inc.",Health Care,0.000,https://shoulderinnovations.com,,,,,,https://www.linkedin.com/company/shoulder-innovations,Auto-enriched
2578,SBC,SBC Medical Group Holdings Incorporated,Health Care,0.000,https://sbc-holdings.com,,,,,,https://www.linkedin.com/company/sbc-medical-group-holdings-inc,Auto-enriched
2579,SNWV,"SANUWAVE Health, Inc.",Health Care,0.000,https://sanuwave.com,,,,,,https://www.linkedin.com/company/sanuwave,Auto-enriched
2580,RXST,"RxSight, Inc.",Health Care,0.000,https://rxsight.com,,https://www.facebook.com/rxsight/,https://www.instagram.com/rxsight/,https://x.com/rxsight,,https://www.linkedin.com/company/calhoun-vision-inc-,Auto-enriched
2581,RCKY,"Rocky Brands, Inc.",Consumer Discretionary,0.000,https://www.rockybrands.com,https://en.wikipedia.org/wiki/Rocky_Brands,https://www.facebook.com/RockyBrands/,https://www.instagram.com/rockybrands/,,,https://www.linkedin.com/company/rocky-brands-inc-,Auto-enriched
2582,RELL,"Richardson Electronics, Ltd.",Information Technology,0.000,https://www.rell.com,,,,,,https://www.linkedin.com/company/richardson-electronics,Auto-enriched
2583,RGCO,"RGC Resources, Inc.",Utilities,0.000,https://www.rgcresources.com,,,,,,https://www.linkedin.com/company/roanoke-gas-company,Auto-enriched
2584,SKYH,Sky Harbour Group Corporation,Real Estate,0.000,https://www.skyharbour.group,,,,,,,Auto-enriched
2585,UNB,"Union Bankshares, Inc.",Financials,0.000,https://www.ublocal.com,,,,,,,Auto-enriched
2586,TLSI,"TriSalus Life Sciences, Inc.",Health Care,0.000,https://www.trisaluslifesciences.com,,,,,,,Auto-enriched
2587,TSSI,"TSS, Inc.",Information Technology,0.000,https://www.tssiusa.com,,,,,,,Auto-enriched
2588,TZOO,Travelzoo,Communication,0.000,https://www.travelzoo.com,https://en.wikipedia.org/wiki/Travelzoo,,,,,,Auto-enriched
2589,JYNT,The Joint Corp.,Health Care,0.000,https://www.thejoint.com,https://en.wikipedia.org/wiki/The_Joint_Chiropractic,,,,,,Auto-enriched
2590,COOK,"Traeger, Inc.",Consumer Discretionary,0.000,https://www.traeger.com,,,,,,,Auto-enriched
2591,CURV,Torrid Holdings Inc.,Consumer Discretionary,0.000,https://www.torrid.com,https://en.wikipedia.org/wiki/Torrid_(clothing_retailer),,,,,,Auto-enriched
2592,TNXP,Tonix Pharmaceuticals Holding Corp.,Health Care,0.000,https://www.tonixpharma.com,https://en.wikipedia.org/wiki/Tonix_Pharmaceuticals,,,,,,Auto-enriched
2593,TVGN,Tevogen Bio Holdings Inc.,Health Care,0.000,https://www.tevogen.com,,,,,,,Auto-enriched
2594,TRAK,"ReposiTrak, Inc.",Information Technology,0.000,https://repositrak.com,https://en.wikipedia.org/wiki/Park_City_Group,,,,,https://www.linkedin.com/company/repositrak-park-city-group,Auto-enriched
2595,TLS,Telos Corporation,Information Technology,0.000,https://www.telos.com,https://en.wikipedia.org/wiki/Telos_Corporation,,,,,,Auto-enriched
2596,SUNS,"Sunrise Realty Trust, Inc.",Financials,0.000,https://www.sunriserealtytrust.com,,,,,,,Auto-enriched
2597,SPWR,SunPower Inc. (formerly Complete Solaria),Industrials,0.000,https://us.sunpower.com,https://en.wikipedia.org/wiki/SunPower,,,,,,Auto-enriched
2598,STXS,"Stereotaxis, Inc.",Health Care,0.000,https://www.stereotaxis.com,,,,,,,Auto-enriched
2599,STRW,"Strawberry Fields REIT, Inc.",Real Estate,0.000,https://strawberryfieldsreit.com,,,,,,,Auto-enriched
2600,STRS,Stratus Properties Inc.,Real Estate,0.000,https://www.stratusproperties.com,,,,,,,Auto-enriched
2601,SLSN,"Solesence, Inc.",Consumer Staples,0.000,https://solesence.com,,,,,,,Auto-enriched
2602,SKYX,SKYX Platforms Corp.,Consumer Discretionary,0.000,https://skyplug.com,,,,,,,Auto-enriched
2603,SLND,"Southland Holdings, Inc.",Industrials,0.000,https://www.southlandholdings.com,,,,,,,Auto-enriched
2604,SWKH,SWK Holdings Corporation,Financials,0.000,https://www.swkhold.com,,,,,,,Auto-enriched
2605,OPFI,OppFi Inc. (Opportunity Financial),Financials,0.000,https://www.oppfi.com,,,,,,https://www.linkedin.com/company/oppfi,Auto-enriched
2606,OPRT,Oportun Financial Corporation,Financials,0.000,https://oportun.com,,,https://www.instagram.com/oportun/,https://x.com/oportun,,https://www.linkedin.com/company/oportun,Auto-enriched
2607,OSG,"Octave Specialty Group, Inc.",Financials,0.000,https://octavegroup.com,https://en.wikipedia.org/wiki/Ambac,,,,,,Auto-enriched
2608,LPRO,Open Lending Corporation,Financials,0.000,https://www.openlending.com/,,,,,,,Auto-enriched
2609,OPAL,OPAL Fuels Inc.,Energy,0.000,https://www.opalfuels.com/,,,,https://x.com/opalfuels,,https://www.linkedin.com/company/opal-fuels-inc,Auto-enriched
2610,OFLX,"Omega Flex, Inc.",Industrials,0.000,https://www.omegaflex.com/,,,,,,,Auto-enriched
2611,OPBK,OP Bancorp,Financials,0.000,https://www.myopenbank.com/,https://en.wikipedia.org/wiki/Open_Bank,,,,,,Auto-enriched
2612,OVLY,Oak Valley Bancorp,Financials,0.000,https://www.ovcb.com/,,,,,,,Auto-enriched
2613,TBRG,"TruBridge, Inc.",Health Care,0.000,https://www.trubridge.com,,,,,,,Auto-enriched
2614,NVCT,"Nuvectis Pharma, Inc.",Health Care,0.000,https://www.nuvectis.com/,,,,,,,Auto-enriched
2615,NXXT,"NextNRG, Inc.",Energy,0.000,https://www.nextnrg.com/,,,,,,,Auto-enriched
2616,NREF,"NexPoint Real Estate Finance, Inc.",Real Estate,0.000,https://www.nexpoint.com/reits/nexpoint-real-estate-finance/,,,,,,,Auto-enriched
2617,NXDT,NexPoint Diversified Real Estate Trust,Real Estate,0.000,https://www.nexpoint.com/reits/nexpoint-diversified-real-estate-trust/,,,,,,,Auto-enriched
2618,NPWR,NET Power Inc.,Industrials,0.000,https://netpower.com/,,,,https://x.com/_NETPower,,https://www.linkedin.com/company/net-power-llc,Auto-enriched
2619,NRDY,"Nerdy, Inc.",Consumer Discretionary,0.000,https://www.nerdy.com/,,,,https://x.com/nrdyinc,,,Auto-enriched
2620,NEON,Neonode Inc.,Information Technology,0.000,https://www.neonode.com/,https://en.wikipedia.org/wiki/Neonode,,,,,,Auto-enriched
2621,STIM,"Neuronetics, Inc.",Health Care,0.000,https://www.neuronetics.com/,https://en.wikipedia.org/wiki/Neuronetics,,,,,,Auto-enriched
2622,NWFL,Norwood Financial Corp,Financials,0.000,https://www.wayne.bank/,,,,,,,Auto-enriched
2623,RZLT,"Rezolute, Inc.",Health Care,0.000,https://www.rezolutebio.com,,,,,,https://www.linkedin.com/company/rezolute,Auto-enriched
2624,RVSB,"Riverview Bancorp, Inc.",Financials,0.000,https://www.riverviewbank.com,,https://www.facebook.com/RiverviewBank/,,,,https://www.linkedin.com/company/riverviewbank,Auto-enriched
2625,RPT,Rithm Property Trust Inc.,Real Estate,0.000,https://www.rithmpropertytrust.com,,,,,,,Auto-enriched
2626,RMBI,"Richmond Mutual Bancorporation, Inc.",Financials,0.000,https://www.firstbankrichmond.com,,,,,,https://www.linkedin.com/company/first-bank-richmond,Auto-enriched
2627,QUAD,"Quad/Graphics, Inc. (Quad)",Industrials,0.000,https://www.quad.com,https://en.wikipedia.org/wiki/Quad_(company),,,,,https://www.linkedin.com/company/quadgraphics,Auto-enriched
2628,RXT,"Rackspace Technology, Inc.",Information Technology,0.000,https://www.rackspace.com,,https://www.facebook.com/rackspacetechnology/,,https://x.com/Rackspace,https://www.youtube.com/rackspace,https://www.linkedin.com/company/rackspace-technology,Auto-enriched
2629,TARA,"Protara Therapeutics, Inc.",Health Care,0.000,https://protaratx.com,,,,,,https://www.linkedin.com/company/protara-therapeutics,Auto-enriched
2630,PLX,"Protalix BioTherapeutics, Inc.",Health Care,0.000,https://protalix.com,https://en.wikipedia.org/wiki/Protalix_BioTherapeutics,,,,,https://www.linkedin.com/company/protalix-biotherapiutics,Auto-enriched
2631,OVBC,Ohio Valley Banc Corp.,Financials,0.000,https://www.ovbc.com,,https://www.facebook.com/ohiovalleybank/,,,,https://www.linkedin.com/company/ohio-valley-bank,Auto-enriched
2632,PAL,"Proficient Auto Logistics, Inc.",Industrials,0.000,https://proficientautologistics.com,,,,,,https://www.linkedin.com/company/proficient-auto-transport,Auto-enriched
2633,CATX,"Perspective Therapeutics, Inc.",Health Care,0.000,https://perspectivetherapeutics.com,,,,,,https://www.linkedin.com/company/perspective-therapeutics,Auto-enriched
2634,OM,"Outset Medical, Inc.",Health Care,0.000,https://www.outsetmedical.com,,,,,https://www.youtube.com/@OutsetMedical,https://www.linkedin.com/company/outset-medical,Auto-enriched
2635,PAMT,PAMT Corp (PAM Transport),Industrials,0.000,https://www.pamtransport.com,https://en.wikipedia.org/wiki/PAM_Transport,,,,,https://www.linkedin.com/company/pam-transport,Auto-enriched
2636,PDYN,Palladyne AI Corp.,Information Technology,0.000,https://www.palladyneai.com,https://en.wikipedia.org/wiki/Palladyne_AI,,,,,https://www.linkedin.com/company/palladyne-ai,Auto-enriched
2637,PNBK,"Patriot National Bancorp, Inc.",Financials,0.000,https://bankpatriot.com,https://en.wikipedia.org/wiki/Patriot_National_Bancorp,,,,,https://www.linkedin.com/company/patriot-national-bank,Auto-enriched
2638,ONTF,"ON24, Inc.",Information Technology,0.000,https://www.on24.com,https://en.wikipedia.org/wiki/ON24,,https://www.instagram.com/on24inc/,https://x.com/ON24,,https://www.linkedin.com/company/on24,Auto-enriched
2639,OPRX,OptimizeRx Corporation,Health Care,0.000,https://www.optimizerx.com,,,https://www.instagram.com/optimizerx_official/,https://x.com/oprxtweets,,,Auto-enriched
2640,ACDC,ProFrac Holding Corp.,Energy,0.000,https://www.profrac.com,,,,,,,Auto-enriched
2641,CLPR,Clipper Realty Inc.,Real Estate,0.000,https://www.clipperrealty.com,,,,,,,Auto-enriched
2642,COSO,"CoastalSouth Bancshares, Inc.",Financials,0.000,https://www.coastalstatesbank.com,,,,,,,Auto-enriched
2643,CFBK,CF Bankshares Inc.,Financials,0.000,https://www.cf.bank,,,,,,,Auto-enriched
2644,CHMG,Chemung Financial Corporation,Financials,0.000,https://www.chemungcanal.com,,,,,,,Auto-enriched
2645,GLSI,"Greenwich LifeSciences, Inc.",Health Care,0.000,https://www.greenwichlifesciences.com,,,,,,,Auto-enriched
2646,SAMG,Silvercrest Asset Management Group Inc.,Financials,0.000,https://www.silvercrestgroup.com,,,,,,,Auto-enriched
2647,SMHI,SEACOR Marine Holdings Inc.,Energy,0.000,https://www.seacormarine.com,,,,,,,Auto-enriched
2648,SIEB,Siebert Financial Corp.,Financials,0.000,https://www.siebert.com,https://en.wikipedia.org/wiki/Siebert_Financial,,,,,,Auto-enriched
2649,NATH,"Nathan's Famous, Inc.",Consumer Discretionary,0.000,https://nathansfamous.com/,https://en.wikipedia.org/wiki/Nathan%27s_Famous,https://www.facebook.com/nathansfamous/,,,,,Auto-enriched
2650,MAPS,"WM Technology, Inc. (Weedmaps)",Information Technology,0.000,https://www.weedmaps.com,https://en.wikipedia.org/wiki/Weedmaps,,https://www.instagram.com/weedmaps,https://x.com/weedmaps,,https://www.linkedin.com/company/weedmaps,Auto-enriched
2651,VYGR,"Voyager Therapeutics, Inc.",Health Care,0.000,https://www.voyagertherapeutics.com,https://en.wikipedia.org/wiki/Voyager_Therapeutics,,,,,https://www.linkedin.com/company/voyager-therapeutics,Auto-enriched
2652,USCB,"USCB Financial Holdings, Inc.",Financials,0.000,https://www.uscentury.com,,,,,,https://www.linkedin.com/company/u-s-century-bank,Auto-enriched
2653,TVRD,"Tvardi Therapeutics, Inc.",Health Care,0.000,https://www.tvardi.com,,,,,,https://www.linkedin.com/company/tvardi-therapeutics,Auto-enriched
2654,HURA,"TuHURA Biosciences, Inc.",Health Care,0.000,https://tuhurabio.com,,,,,,https://www.linkedin.com/company/tuhura-biosciences,Auto-enriched
2655,MPX,Marine Products Corporation,Consumer Discretionary,0.000,https://www.marineproductscorp.com,,,,,,https://www.linkedin.com/company/marine-products-corporation,Auto-enriched
2656,LENZ,"LENZ Therapeutics, Inc.",Health Care,0.000,https://www.lenz-tx.com,,,,,,https://www.linkedin.com/company/lenz-therapeutics,Auto-enriched
2657,LEGH,Legacy Housing Corporation,Consumer Discretionary,0.000,https://www.legacyhousingcorp.com,,https://www.facebook.com/legacyhousing,,,,https://www.linkedin.com/company/legacy-housing-corporation,Auto-enriched
2658,SBFG,"SB Financial Group, Inc.",Financials,0.000,https://www.yourstatebank.com,,,,,,https://www.linkedin.com/company/the-state-bank-and-trust-company,Auto-enriched
2659,RSVR,"Reservoir Media, Inc.",Communication,0.000,https://www.reservoir-media.com,https://en.wikipedia.org/wiki/Reservoir_Media,,,,,,Auto-enriched
2660,RLGT,"Radiant Logistics, Inc.",Industrials,0.000,https://www.radiantdelivers.com,https://en.wikipedia.org/wiki/Radiant_Logistics,,,,,,Auto-enriched
2661,RCMT,"RCM Technologies, Inc.",Industrials,0.000,https://www.rcmt.com,,,,,,,Auto-enriched
2662,PBYI,"Puma Biotechnology, Inc.",Health Care,0.000,https://www.pumabiotechnology.com,https://en.wikipedia.org/wiki/Puma_Biotechnology,,,,,,Auto-enriched
2663,QSI,Quantum-Si Incorporated,Health Care,0.000,https://www.quantum-si.com,https://en.wikipedia.org/wiki/Quantum-Si,,,,,,Auto-enriched
2664,PDEX,"Pro-Dex, Inc.",Health Care,0.000,https://www.pro-dex.com,,,,,,,Auto-enriched
2665,PNRG,PrimeEnergy Resources Corporation,Energy,0.000,https://www.primeenergy.com,,,,,,,Auto-enriched
2666,PESI,"Perma-Fix Environmental Services, Inc.",Industrials,0.000,https://www.perma-fix.com,https://en.wikipedia.org/wiki/Perma-Fix_Environmental_Services,,,,,,Auto-enriched
2667,CMRC,"Commerce.com, Inc.",Information Technology,0.000,https://www.commerce.com,https://en.wikipedia.org/wiki/BigCommerce,https://www.facebook.com/poweredbycommerce/,,,,,Auto-enriched
2668,EPSN,Epsilon Energy Ltd.,Energy,0.000,https://www.epsilonenergyltd.com,,,,,,,Auto-enriched
2669,ELDN,"Eledon Pharmaceuticals, Inc.",Health Care,0.000,https://www.eledon.com,,,,,,,Auto-enriched
2670,DOUG,Douglas Elliman Inc.,Real Estate,0.000,https://www.elliman.com,https://en.wikipedia.org/wiki/Douglas_Elliman,,,,,,Auto-enriched
2671,DMAC,DiaMedica Therapeutics Inc.,Health Care,0.000,https://www.diamedica.com,,,,,,,Auto-enriched
2672,PMTS,CPI Card Group Inc.,Information Technology,0.000,https://www.cpicardgroup.com,,,,,,,Auto-enriched
2673,CIX,CompX International Inc.,Industrials,0.000,https://www.compx.com,,,,,,,Auto-enriched
2674,CPSS,"Consumer Portfolio Services, Inc.",Financials,0.000,https://www.consumerportfolio.com,,,,,,,Auto-enriched
2675,CBK,"Commercial Bancgroup, Inc.",Financials,0.000,https://www.cbtn.com,,,,,,,Auto-enriched
2676,PMI,"Picard Medical, Inc.",Health Care,0.000,https://picardmedical.com,,,,,,,Auto-enriched
2677,WHG,"Westwood Holdings Group, Inc.",Financials,0.000,https://www.westwoodgroup.com/,,,,,,,Auto-enriched
2678,WEAV,"Weave Communications, Inc.",Information Technology,0.000,https://www.getweave.com/,,,,,,,Auto-enriched
2679,WNEB,"Western New England Bancorp, Inc.",Financials,0.000,https://www.westernnewenglandbancorp.com/,,,,,,,Auto-enriched
2680,VUZI,Vuzix Corporation,Information Technology,0.000,https://www.vuzix.com/,https://en.wikipedia.org/wiki/Vuzix,,,,,,Auto-enriched
2681,VTEX,VTEX,Information Technology,0.000,https://vtex.com/,https://en.wikipedia.org/wiki/VTEX,,,,,,Auto-enriched
2682,VRM,"Vroom, Inc.",Financials,0.000,https://www.vroom.com/,"https://en.wikipedia.org/wiki/Vroom,_Inc.",https://www.facebook.com/vroom,https://www.instagram.com/vroom/,https://x.com/vroomcars,,,Auto-enriched
2683,VIRC,Virco Manufacturing Corporation,Consumer Discretionary,0.000,https://www.virco.com/,https://en.wikipedia.org/wiki/Virco,,,,,,Auto-enriched
2684,VOXR,Vox Royalty Corp.,Materials,0.000,https://www.voxroyalty.com/,,,,,,,Auto-enriched
2685,ISPR,Ispire Technology Inc.,Consumer Staples,0.000,https://www.ispiretechnology.com,,,https://www.instagram.com/ispire.official,,,https://www.linkedin.com/company/ispire-technology,Auto-enriched
2686,VIA,"Via Transportation, Inc.",Information Technology,0.000,https://ridewithvia.com/,https://en.wikipedia.org/wiki/Via_Transportation,,,,,,Auto-enriched
2687,VABK,Virginia National Bankshares Corporation,Financials,0.000,https://www.vnb.com/,,,,,,,Auto-enriched
2688,VALU,"Value Line, Inc.",Financials,0.000,https://www.valueline.com/,https://en.wikipedia.org/wiki/Value_Line,,,,,,Auto-enriched
2689,USAU,U.S. Gold Corp.,Materials,0.000,https://www.usgoldcorp.gold/,,,,,,,Auto-enriched
2690,VHI,"Valhi, Inc.",Materials,0.000,https://www.valhi.net/,"https://en.wikipedia.org/wiki/Valhi,_Inc.",,,,,,Auto-enriched
2691,UPB,"Upstream Bio, Inc.",Health Care,0.000,https://www.upstreambio.com/,,,,,,,Auto-enriched
2692,UTMD,"Utah Medical Products, Inc.",Health Care,0.000,https://www.utahmed.com/,https://en.wikipedia.org/wiki/Utah_Medical_Products,,,,,,Auto-enriched
2693,USGO,U.S. GoldMining Inc.,Materials,0.000,https://www.usgoldmining.us,,,,,,,Auto-enriched
2694,VGAS,"Verde Clean Fuels, Inc.",Energy,0.000,https://www.verdecleanfuels.com/,,,,,,,Auto-enriched
2695,IKT,"Inhibikase Therapeutics, Inc.",Health Care,0.000,https://www.inhibikase.com,,,,,,https://www.linkedin.com/company/inhibikase-therapeutics,Auto-enriched
2696,HPK,"HighPeak Energy, Inc.",Energy,0.000,https://www.highpeakenergy.com,,,,,,https://www.linkedin.com/company/highpeak-energy-inc,Auto-enriched
2697,GYRE,"Gyre Therapeutics, Inc.",Health Care,0.000,https://www.gyretx.com,,,,,,https://www.linkedin.com/company/gyre-therapeutics,Auto-enriched
2698,PXED,"Phoenix Education Partners, Inc.",Consumer Discretionary,0.000,https://www.phoenix.edu,https://en.wikipedia.org/wiki/University_of_Phoenix,,,,,,Auto-enriched
2699,NL,"NL Industries, Inc.",Materials,0.000,https://www.nl-ind.com,https://en.wikipedia.org/wiki/NL_Industries,,,,,,Auto-enriched
2700,NAGE,"Niagen Bioscience, Inc.",Health Care,0.000,https://www.niagenbioscience.com,https://en.wikipedia.org/wiki/ChromaDex,,,,,,Auto-enriched
2701,NEXN,Nexxen International Ltd.,Communication,0.000,https://www.nexxen.com,https://en.wikipedia.org/wiki/Nexxen,,,,,,Auto-enriched
2702,NKSH,"National Bankshares, Inc.",Financials,0.000,https://www.nationalbankshares.com,,,,,,,Auto-enriched
2703,WALD,Waldencast plc,Consumer Staples,0.000,https://www.waldencast.com/,,,,,,,Auto-enriched
2704,NC,"NACCO Industries, Inc.",Energy,0.000,https://www.nacco.com,https://en.wikipedia.org/wiki/NACCO_Industries,,,,,,Auto-enriched
2705,MTRX,Matrix Service Company,Industrials,0.000,https://www.matrixservicecompany.com,,,,,,,Auto-enriched
2706,ZSPC,"zSpace, Inc.",Information Technology,0.000,https://zspace.com/,,,,,,,Auto-enriched
2707,XOMA,XOMA Royalty Corporation,Health Care,0.000,https://www.xoma.com/,https://en.wikipedia.org/wiki/XOMA,,,,,,Auto-enriched
2708,ZVIA,Zevia PBC,Consumer Staples,0.000,https://www.zevia.com/,https://en.wikipedia.org/wiki/Zevia,,,,,,Auto-enriched
2709,XCF,"XCF Global, Inc.",Energy,0.000,https://www.xcfglobal.com/,,,,,,,Auto-enriched
2710,WYFI,"WhiteFiber, Inc.",Information Technology,0.000,https://www.whitefiber.com/,,,,,,,Auto-enriched
2711,WEYS,"Weyco Group, Inc.",Consumer Discretionary,0.000,https://www.weycogroup.com/,https://en.wikipedia.org/wiki/Weyco_Group,,,,,,Auto-enriched
2712,WBTN,Webtoon Entertainment Inc.,Communication,0.000,https://www.webtoonscorp.com/,https://en.wikipedia.org/wiki/Webtoon_Entertainment,,,,,,Auto-enriched
2713,NNOX,Nano-X Imaging Ltd.,Health Care,0.000,https://www.nanox.vision/,https://en.wikipedia.org/wiki/Nanox,,,https://x.com/nanox_vision,https://www.youtube.com/@NanoXImaging,https://www.linkedin.com/company/nanox-imaging,Auto-enriched
2714,EVEX,"Eve Holding, Inc. (Eve Air Mobility)",Industrials,0.000,https://www.eveairmobility.com,https://en.wikipedia.org/wiki/Eve_Air_Mobility,,,,,https://www.linkedin.com/company/eveairmobility,Auto-enriched
2715,FFAI,Faraday Future Intelligent Electric Inc.,Consumer Discretionary,0.000,https://www.ff.com,https://en.wikipedia.org/wiki/Faraday_Future,,,https://x.com/FaradayFuture,https://www.youtube.com/c/faradayfuture,https://www.linkedin.com/company/faradayfuture,Auto-enriched
2716,FBYD,"Falcon's Beyond Global, Inc.",Communication,0.000,https://falconsbeyond.com,,https://www.facebook.com/falconsbeyond/,https://www.instagram.com/falconsbeyond/,,,https://www.linkedin.com/company/falcon-s-beyond,Auto-enriched
2717,EVMN,"Evommune, Inc.",Health Care,0.000,https://www.evommune.com,,,,,,https://www.linkedin.com/company/evommune,Auto-enriched
2718,ESOA,Energy Services of America Corporation,Industrials,0.000,https://energyservicesofamerica.com,,,,,,,Auto-enriched
2719,ELA,Envela Corporation,Consumer Discretionary,0.000,https://envela.com,https://en.wikipedia.org/wiki/Envela,https://www.facebook.com/EnvelaCorporation,,,,https://www.linkedin.com/company/envela-corporation,Auto-enriched
2720,ESCA,"Escalade, Inc.",Consumer Discretionary,0.000,https://escaladeinc.com,https://en.wikipedia.org/wiki/Escalade_Sports,,,,,https://www.linkedin.com/company/escalade-sports,Auto-enriched
2721,EP,Empire Petroleum Corporation,Energy,0.000,https://empirepetroleumcorp.com,,,,,,https://www.linkedin.com/company/empirepetroleumcorp,Auto-enriched
2722,EEX,"Emerald Holding, Inc.",Communication,0.000,https://www.emeraldx.com,,,,,,https://www.linkedin.com/company/emeraldx,Auto-enriched
2723,ECBK,"ECB Bancorp, Inc.",Financials,0.000,https://www.everettbank.com,,,,,,,Auto-enriched
2724,ACH,"Accendra Health, Inc.",Health Care,0.000,https://www.accendrahealth.com,https://en.wikipedia.org/wiki/Accendra_Health,,,,,,Auto-enriched
2725,EHTH,"eHealth, Inc.",Financials,0.000,https://www.ehealthinsurance.com,https://en.wikipedia.org/wiki/EHealthInsurance,,,,,https://www.linkedin.com/company/ehealthinsurance/,Auto-enriched
2726,EGAN,eGain Corporation,Information Technology,0.000,https://www.egain.com,https://en.wikipedia.org/wiki/EGain,,,,,,Auto-enriched
2727,EFSI,"Eagle Financial Services, Inc.",Financials,0.000,https://www.bankofclarke.bank,,,,,,,Auto-enriched
2728,EBMT,"Eagle Bancorp Montana, Inc.",Financials,0.000,https://opportunitybank.com,,,,,,,Auto-enriched
2729,DCTH,"Delcath Systems, Inc.",Health Care,0.000,https://www.delcath.com,https://en.wikipedia.org/wiki/Delcath_Systems,,,,,https://www.linkedin.com/company/delcath-systems-inc,Auto-enriched
2730,CXDO,"Crexendo, Inc.",Information Technology,0.000,https://www.crexendo.com,,,,,,https://www.linkedin.com/company/crexendo-business-solutions,Auto-enriched
2731,CSPI,CSP Inc.,Information Technology,0.000,https://www.cspi.com,,,,,,https://www.linkedin.com/company/csp-inc,Auto-enriched
2732,LAW,"CS Disco, Inc.",Information Technology,0.000,https://www.csdisco.com,,,,,,https://www.linkedin.com/company/csdisco,Auto-enriched
2733,CVRX,"CVRx, Inc.",Health Care,0.000,https://www.cvrx.com,,,,,,https://www.linkedin.com/company/cvrx,Auto-enriched
2734,CURI,CuriosityStream Inc.,Communication,0.000,https://www.curiositystream.com,https://en.wikipedia.org/wiki/Curiosity_Stream,https://www.facebook.com/curiositystream,https://www.instagram.com/curiositystream/,https://x.com/curiositystream,,,Auto-enriched
2735,BBCP,"Concrete Pumping Holdings, Inc.",Industrials,0.000,https://www.concretepumpingholdings.com,,,,,,https://www.linkedin.com/company/brundage-bone-,Auto-enriched
2736,ELMD,"Electromed, Inc.",Health Care,0.000,https://www.smartvest.com,,,,,,,Auto-enriched
2737,ARDT,"Ardent Health Partners, Inc.",Health Care,0.000,https://www.ardenthealth.com,https://en.wikipedia.org/wiki/Ardent_Health_Services,,,,,https://www.linkedin.com/company/ardent-health-services,Auto-enriched
2738,AOMR,"Angel Oak Mortgage REIT, Inc.",Real Estate,0.000,https://www.angeloakreit.com,,,,,,https://www.linkedin.com/company/angel-oak-mortgage-reit,Auto-enriched
2739,AVXL,Anavex Life Sciences Corp.,Health Care,0.000,https://www.anavex.com,https://en.wikipedia.org/wiki/Anavex_Life_Sciences,,,,,https://www.linkedin.com/company/anavex-life-sciences-corp-,Auto-enriched
2740,ALTI,"AlTi Global, Inc.",Financials,0.000,https://www.alti-global.com,,,,,,https://www.linkedin.com/company/alti-global,Auto-enriched
2741,PINE,"Alpine Income Property Trust, Inc.",Real Estate,0.000,https://www.alpinereit.com,,,,,,https://www.linkedin.com/company/alpine-income-property-trust,Auto-enriched
2742,GAIA,"Gaia, Inc.",Communication,0.000,https://www.gaia.com,"https://en.wikipedia.org/wiki/Gaia,_Inc.",,https://www.instagram.com/gaia_inc/,,,https://www.linkedin.com/company/gaia-inc-,Auto-enriched
2743,FVCB,"FVCBankcorp, Inc.",Financials,0.000,https://www.fvcbank.com,,,,,,,Auto-enriched
2744,FF,FutureFuel Corp.,Materials,0.000,https://futurefuelcorporation.com,https://en.wikipedia.org/wiki/FutureFuel,,,,,https://www.linkedin.com/company/futurefuel-chemical-company,Auto-enriched
2745,FSP,Franklin Street Properties Corp.,Real Estate,0.000,https://www.franklinstreetproperties.com,,,,,,,Auto-enriched
2746,FRAF,Franklin Financial Services Corporation,Financials,0.000,https://www.franklinfin.com,,,,,,,Auto-enriched
2747,FLD,"Fold Holdings, Inc.",Financials,0.000,https://foldapp.com,,,,https://x.com/fold_app,https://www.youtube.com/@foldapp,https://www.linkedin.com/company/fold-app,Auto-enriched
2748,EXFY,"Expensify, Inc.",Information Technology,0.000,https://www.expensify.com,,,https://www.instagram.com/expensify/,https://x.com/expensify,,https://www.linkedin.com/company/expensify,Auto-enriched
2749,FLYX,"flyExclusive, Inc.",Industrials,0.000,https://www.flyexclusive.com,,https://www.facebook.com/exclusivejets/,https://www.instagram.com/flyexclusive/,,,https://www.linkedin.com/company/flyexclusive,Auto-enriched
2750,FSTR,L.B. Foster Company,Industrials,0.000,https://www.lbfoster.com,,,,,,https://www.linkedin.com/company/lbfoster,Auto-enriched
2751,FTK,"Flotek Industries, Inc.",Energy,0.000,https://www.flotekind.com,,,,,,https://www.linkedin.com/company/flotek-industries-inc,Auto-enriched
2752,FINW,FinWise Bancorp,Financials,0.000,https://www.finwise.bank,,,,,,,Auto-enriched
2753,FNWD,Finward Bancorp,Financials,0.000,https://www.finwardbancorp.com,,,,,,,Auto-enriched
2754,FTLF,"FitLife Brands, Inc.",Consumer Staples,0.000,https://fitlifebrands.com,,https://www.facebook.com/fitlifebrands/,https://www.instagram.com/fitlife_brands/,,,https://www.linkedin.com/company/fitlife-brands-inc,Auto-enriched
2755,MYFW,"First Western Financial, Inc.",Financials,0.000,https://myfw.com,,,,,,,Auto-enriched
2756,FRMI,Fermi Inc. (Fermi America),Utilities,0.000,https://fermiamerica.com,,,,,,https://www.linkedin.com/company/fermi-america,Auto-enriched
2757,EOLS,"Evolus, Inc.",Health Care,0.000,https://www.evolus.com,,https://www.facebook.com/evolusaesthetic/,https://www.instagram.com/evolus/,,,,Auto-enriched
2758,XZO,"Exzeo Group, Inc.",Information Technology,0.000,https://www.exzeo.com,,,,,,,Auto-enriched
2759,EVI,"EVI Industries, Inc.",Industrials,0.000,https://www.evi-ind.com,,,,,,https://www.linkedin.com/company/envirostar-inc-,Auto-enriched
2760,FHTX,Foghorn Therapeutics Inc.,Health Care,0.000,https://www.foghorntx.com,,,,,,,Auto-enriched
2761,FEIM,"Frequency Electronics, Inc.",Information Technology,0.000,https://www.frequencyelectronics.com,https://en.wikipedia.org/wiki/Frequency_Electronics,,,,,,Auto-enriched
2762,AFRI,Forafric Global PLC,Consumer Staples,0.000,https://www.forafric.com,,,,,,,Auto-enriched
2763,FXNC,First National Corporation,Financials,0.000,https://www.fbvirginia.com,,,,,,,Auto-enriched
2764,FCAP,"First Capital, Inc.",Financials,0.000,https://www.firstharrison.com,,,,,,,Auto-enriched
2765,FENC,Fennec Pharmaceuticals Inc.,Health Care,0.000,https://www.fennecpharma.com,,,,,,,Auto-enriched
2766,FATE,"Fate Therapeutics, Inc.",Health Care,0.000,https://www.fatetherapeutics.com,https://en.wikipedia.org/wiki/Fate_Therapeutics,,,,,,Auto-enriched
2767,BVFL,"BV Financial, Inc.",Financials,0.000,https://www.bayvanguard.com,,,,,,,Auto-enriched
2768,BKTI,BK Technologies Corporation,Information Technology,0.000,https://www.bktechnologies.com,https://en.wikipedia.org/wiki/BK_Technologies,,,,,,Auto-enriched
2769,ACNT,Ascent Industries Co.,Materials,0.000,https://www.ascentco.com,,,,,,https://www.linkedin.com/company/ascent-industries-co,Auto-enriched
2770,ARAI,Arrive AI Inc.,Industrials,0.000,https://www.arriveai.com,,,,,,,Auto-enriched
2771,CLAR,Clarus Corporation,Consumer Discretionary,0.000,https://www.claruscorp.com,,,,,,https://www.linkedin.com/company/clarus-corp-clar,Auto-enriched
2772,AISP,"Airship AI Holdings, Inc.",Information Technology,0.000,https://www.airshipai.com,,,,,,,Auto-enriched
2773,ABEO,Abeona Therapeutics Inc.,Health Care,0.000,https://www.abeonatherapeutics.com,https://en.wikipedia.org/wiki/Abeona_Therapeutics,,,,,,Auto-enriched
2774,ACU,Acme United Corporation,Industrials,0.000,https://www.acmeunited.com,https://en.wikipedia.org/wiki/Acme_United_Corporation,,,,,,Auto-enriched
2775,SGC,"Superior Group of Companies, Inc.",Industrials,0.000,https://www.superiorgroupofcompanies.com,,,,,,,Auto-enriched
2776,SMC,Summit Midstream Corporation,Energy,0.000,https://www.summitmidstream.com,,,,,,,Auto-enriched
2777,SNBR,Sleep Number Corporation,Consumer Discretionary,0.000,https://www.sleepnumber.com,https://en.wikipedia.org/wiki/Sleep_Number,,,,,,Auto-enriched
2778,SMID,Smith-Midland Corporation,Materials,0.000,https://www.smithmidland.com,,,,,,,Auto-enriched
2779,SMTI,Sanara MedTech Inc.,Health Care,0.000,https://www.sanaramedtech.com,,,,,,,Auto-enriched
2780,CMTG,"Claros Mortgage Trust, Inc.",Real Estate,0.000,https://www.clarosmortgage.com,,,,,,,Auto-enriched
2781,ACR,ACRES Commercial Realty Corp.,Real Estate,0.000,https://www.acresreit.com,,,,,,,Auto-enriched
2782,TCI,"Transcontinental Realty Investors, Inc.",Real Estate,0.000,https://www.transconrealty-invest.com,,,,,,,Auto-enriched
2783,ATLO,Ames National Corporation,Financials,0.000,https://www.amesnational.com,https://en.wikipedia.org/wiki/Ames_National_Corporation,,,,,,Auto-enriched
2784,CTEV,Claritev Corporation,Health Care,0.000,https://www.claritev.com,https://en.wikipedia.org/wiki/MultiPlan,,,,,,Auto-enriched
2785,CHRS,"Coherus Oncology, Inc.",Health Care,0.000,https://www.coherus.com,,,,,,,Auto-enriched
2786,CTRN,"Citi Trends, Inc.",Consumer Discretionary,0.000,https://www.cititrends.com,https://en.wikipedia.org/wiki/Citi_Trends,https://www.facebook.com/people/Wearecititrends/61578844005049/,https://www.instagram.com/wearecititrends/,https://x.com/cititrends,,,Auto-enriched
2787,CD,Chaince Digital Holdings Inc.,Financials,0.000,https://chaincedigital.com,,,,,,https://www.linkedin.com/company/chaince-digital-holdings-inc,Auto-enriched
2788,CBNA,"Chain Bridge Bancorp, Inc.",Financials,0.000,https://www.chainbridgebank.com,,,,,,,Auto-enriched
2789,CBFV,"CB Financial Services, Inc.",Financials,0.000,https://www.cb.bank,,,,,,,Auto-enriched
2790,CARL,"Carlsmed, Inc.",Health Care,0.000,https://www.carlsmed.com,,,,,,,Auto-enriched
2791,CRDF,"Cardiff Oncology, Inc.",Health Care,0.000,https://www.cardiffoncology.com,,,,,,,Auto-enriched
2792,CV,"CapsoVision, Inc.",Health Care,0.000,https://www.capsovision.com,,,,,,,Auto-enriched
2793,RNAC,"Cartesian Therapeutics, Inc.",Health Care,0.000,https://www.cartesiantherapeutics.com,,,,,,https://www.linkedin.com/company/cartesian-therapeutics,Auto-enriched
2794,CDZI,"Cadiz, Inc.",Utilities,0.000,https://www.cadizinc.com,https://en.wikipedia.org/wiki/Cadiz_Inc.,,,,,,Auto-enriched
2795,GLIBA,"GCI Liberty, Inc. (Series A)",Communication,0.000,https://www.gciliberty.com,https://en.wikipedia.org/wiki/GCI_(company),,,,,,Auto-enriched
2796,CFFI,C&F Financial Corporation,Financials,0.000,https://www.cffc.com,,,,,,,Auto-enriched
2797,BHR,Braemar Hotels & Resorts Inc.,Real Estate,0.000,https://www.bhrreit.com,,,,,,,Auto-enriched
2798,BOC,Boston Omaha Corporation,Financials,0.000,https://www.bostonomaha.com,https://en.wikipedia.org/wiki/Boston_Omaha,,,,,,Auto-enriched
2799,ALCO,"Alico, Inc.",Consumer Staples,0.000,https://www.alicoinc.com,"https://en.wikipedia.org/wiki/Alico,_Inc.",,,,,,Auto-enriched
2800,TKNO,"Alpha Teknova, Inc.",Health Care,0.000,https://www.teknova.com,,,,,,,Auto-enriched
2801,ALDX,"Aldeyra Therapeutics, Inc.",Health Care,0.000,https://www.aldeyra.com,,,,,,,Auto-enriched
2802,AIRS,"AirSculpt Technologies, Inc.",Health Care,0.000,https://www.airsculpt.com,,,https://www.instagram.com/airsculpt,,,,Auto-enriched
2803,AIRO,"AIRO Group Holdings, Inc.",Industrials,0.000,https://www.theairogroup.com,https://en.wikipedia.org/wiki/AIRO_Group,,,,,,Auto-enriched
2804,AIRJ,AirJoule Technologies Corporation,Industrials,0.000,https://airjouletech.com,,,,,,,Auto-enriched
2805,ALMU,"Aeluma, Inc.",Information Technology,0.000,https://www.aeluma.com,,,,,,,Auto-enriched
2806,ACTU,"Actuate Therapeutics, Inc.",Health Care,0.000,https://www.actuatetherapeutics.com,,,,,,,Auto-enriched
2807,CADL,"Candel Therapeutics, Inc.",Health Care,0.000,https://www.candeltx.com,,,,https://x.com/candeltx,,,Auto-enriched
2808,LZM,Lifezone Metals Limited,Materials,0.000,https://lifezonemetals.com,,,,https://x.com/LifezoneMetals,https://www.youtube.com/@LifezoneMetals,https://www.linkedin.com/company/lifezone-metals/,Auto-enriched
2809,LWAY,"Lifeway Foods, Inc.",Consumer Staples,0.000,https://lifewaykefir.com,https://en.wikipedia.org/wiki/Lifeway_Foods,https://www.facebook.com/LifewayKefir,https://www.instagram.com/lifewaykefir,,https://www.youtube.com/lifewaykefir,,Auto-enriched
2810,LFVN,LifeVantage Corporation,Consumer Staples,0.000,https://www.lifevantage.com,https://en.wikipedia.org/wiki/LifeVantage,https://www.facebook.com/LifeVantage/,,,https://www.youtube.com/@LifeVantageCorp,https://www.linkedin.com/company/lifevantage,Auto-enriched
2811,LNSR,"LENSAR, Inc.",Health Care,0.000,https://www.lensar.com,,https://www.facebook.com/LENSARLaser/,https://www.instagram.com/lensarlaser/,https://x.com/LENSAR,,https://www.linkedin.com/company/lensar-inc-,Auto-enriched
2812,LFMD,"LifeMD, Inc.",Health Care,0.000,https://lifemd.com,,,https://www.instagram.com/lifemd/,https://x.com/lifemd,,https://www.linkedin.com/company/lifemd-inc,Auto-enriched
2813,LFCR,"Lifecore Biomedical, Inc.",Health Care,0.000,https://www.lifecore.com,,,,,https://www.youtube.com/@lifecorebiomedicalcdmo,https://www.linkedin.com/company/lifecore-biomedical/,Auto-enriched
2814,KRO,"Kronos Worldwide, Inc.",Materials,0.000,https://www.kronosww.com,https://en.wikipedia.org/wiki/Kronos_Worldwide,,,,https://www.youtube.com/channel/UCsVUgmbMWI_V7FNlWRZ-3TA,https://www.linkedin.com/company/kronos-worldwide-inc/,Auto-enriched
2815,LE,"Lands' End, Inc.",Consumer Discretionary,0.000,https://www.landsend.com,https://en.wikipedia.org/wiki/Lands%27_End,https://www.facebook.com/landsend/,https://www.instagram.com/landsend/,,https://www.youtube.com/landsend,,Auto-enriched
2816,LARK,"Landmark Bancorp, Inc.",Financials,0.000,https://www.banklandmark.com,,https://www.facebook.com/LandmarkNationalBank,https://www.instagram.com/landmarknationalbank/,,,https://www.linkedin.com/company/banklandmark/,Auto-enriched
2817,KRMD,"KORU Medical Systems, Inc.",Health Care,0.000,https://www.korumedical.com,,https://www.facebook.com/korumedical/,https://www.instagram.com/korumedical/,https://x.com/korumedical,https://www.youtube.com/channel/UCvMytb_74xGs8f7ajk7M7yQ,https://www.linkedin.com/company/korumedical,Auto-enriched
2818,AREN,"The Arena Group Holdings, Inc.",Communication,0.000,https://www.thearenagroup.net,https://en.wikipedia.org/wiki/The_Arena_Group,,,,,https://www.linkedin.com/company/the-arena-group,Auto-enriched
2819,LAKE,"Lakeland Industries, Inc.",Industrials,0.000,https://www.lakeland.com,,https://www.facebook.com/Lakeland-Industries-Inc-111296413097,,https://x.com/Lakelandind,https://www.youtube.com/user/lakelandindustries,https://www.linkedin.com/company/lakeland-industries/,Auto-enriched
2820,LCNB,LCNB Corp.,Financials,0.000,https://www.lcnb.com,,https://www.facebook.com/LCNBNATBANK/,https://www.instagram.com/lcnbnationalbank/,,,https://www.linkedin.com/company/lcnb-national-bank,Auto-enriched
2821,KGEI,Kolibri Global Energy Inc.,Energy,0.000,https://www.kolibrienergy.com,,https://www.facebook.com/kolibrienergy/,,https://x.com/kolibrienergy,,https://www.linkedin.com/company/kolibri-global-energy-inc,Auto-enriched
2822,SWIM,"Latham Group, Inc.",Consumer Discretionary,0.000,https://www.lathampool.com,,https://www.facebook.com/LathamPool,https://www.instagram.com/lathampool/,,https://www.youtube.com/channel/UC4wCXZbE1kGCLuEj2rEySVQ,https://www.linkedin.com/company/latham-pool/,Auto-enriched
2823,KULR,"KULR Technology Group, Inc.",Industrials,0.000,https://www.kulr.ai,,https://www.facebook.com/KULRTech,,,,,Auto-enriched
2824,LRMR,"Larimar Therapeutics, Inc.",Health Care,0.000,https://www.larimartx.com,,,,,,,Auto-enriched
2825,JILL,"J.Jill, Inc.",Consumer Discretionary,0.000,https://www.jjill.com,https://en.wikipedia.org/wiki/J.Jill,https://www.facebook.com/jjillstyle,https://www.instagram.com/jjillstyle,https://x.com/jjillstyle,,,Auto-enriched
2826,KFS,Kingsway Financial Services Inc.,Financials,0.000,https://kingsway-financial.com,,,,,,,Auto-enriched
2827,KINS,"Kingstone Companies, Inc.",Financials,0.000,https://www.kingstonecompanies.com,,,,,,,Auto-enriched
2828,KRT,Karat Packaging Inc.,Materials,0.000,https://www.karatpackaging.com,,,,,,,Auto-enriched
2829,KLTR,"Kaltura, Inc.",Information Technology,0.000,https://corp.kaltura.com,https://en.wikipedia.org/wiki/Kaltura,,,,,,Auto-enriched
2830,KRRO,"Korro Bio, Inc.",Health Care,0.000,https://korrobio.com,,,,https://x.com/korrobio,,https://www.linkedin.com/company/korro-bio/,Auto-enriched
2831,BEEP,Mobile Infrastructure Corporation,Real Estate,0.000,https://www.mobileit.com/,,,,,,,Auto-enriched
2832,MG,"Mistras Group, Inc.",Industrials,0.000,https://www.mistrasgroup.com/,,,,,,,Auto-enriched
2833,MYO,"Myomo, Inc.",Health Care,0.000,https://myomo.com/,,,,,,,Auto-enriched
2834,MNPR,Monopar Therapeutics Inc.,Health Care,0.000,https://www.monopartx.com/,,,,,,,Auto-enriched
2835,MDV,"Modiv Industrial, Inc.",Real Estate,0.000,https://www.modiv.com/,,,,,,https://www.linkedin.com/company/modiv-inc,Auto-enriched
2836,MRBK,Meridian Corporation (Meridian Bank),Financials,0.000,https://www.meridianbanker.com/,,,,,,,Auto-enriched
2837,MEC,"Mayville Engineering Company, Inc.",Industrials,0.000,https://www.mecinc.com/,,,,,,,Auto-enriched
2838,MXCT,"MaxCyte, Inc.",Health Care,0.000,https://www.maxcyte.com/,,,,,,,Auto-enriched
2839,MLP,"Maui Land & Pineapple Company, Inc.",Real Estate,0.000,https://mauiland.com/,https://en.wikipedia.org/wiki/Maui_Land_%26_Pineapple_Company,,,,,,Auto-enriched
2840,MDWD,MediWound Ltd.,Health Care,0.000,https://www.mediwound.com/,https://en.wikipedia.org/wiki/MediWound,,,,,,Auto-enriched
2841,MAX,"MediaAlpha, Inc.",Communication,0.000,https://www.mediaalpha.com/,,,,,,,Auto-enriched
2842,LTBR,Lightbridge Corporation,Energy,0.000,https://www.ltbridge.com,,,,https://x.com/LightbridgeCorp,https://www.youtube.com/channel/UC_yxUT7ph4oNp3zcZ7d3znQ,https://www.linkedin.com/company/ltbridge,Auto-enriched
2843,MPTI,"M-tron Industries, Inc.",Information Technology,0.000,https://www.mtronpti.com,,,,,,,Auto-enriched
2844,TUSK,"Mammoth Energy Services, Inc.",Energy,0.000,https://www.mammothenergy.com,,https://www.facebook.com/mammothenergyservices,,https://x.com/MammothEnrgyInc,,https://www.linkedin.com/company/mammoth-energy-services,Auto-enriched
2845,LMRI,"Lumexa Imaging Holdings, Inc.",Health Care,0.000,https://www.lumexaimaging.com,,,,https://x.com/lumexaimaging,,https://www.linkedin.com/company/lumexa-imaging/,Auto-enriched
2846,MKTW,"MarketWise, Inc.",Communication,0.000,https://marketwise.com,,https://www.facebook.com/profile.php?id=61584543707640,https://www.instagram.com/marketwise_official/,https://x.com/MarketWise_Inc,,,Auto-enriched
2847,MNSB,"MainStreet Bancshares, Inc.",Financials,0.000,https://www.mstreetbank.com,,https://www.facebook.com/mainstreetbank,https://www.instagram.com/mainstreet.bank,,https://www.youtube.com/@MStreetCommunityBank,https://www.linkedin.com/company/mainstreet-bank,Auto-enriched
2848,MAGN,Magnera Corporation,Materials,0.000,https://www.magnera.com,,,,https://x.com/Magneracorp,https://www.youtube.com/channel/UCYmzinvS8OW-qSWnfFbaJtA,https://www.linkedin.com/company/magneracorp/,Auto-enriched
2849,LUCD,Lucid Diagnostics Inc.,Health Care,0.000,https://luciddx.com,,,,https://x.com/LucidDiag,https://www.youtube.com/@Lucid_Diagnostics,https://www.linkedin.com/company/luciddiagnostics/,Auto-enriched
2850,LNKB,"LINKBANCORP, Inc.",Financials,0.000,https://www.linkbank.com,,,,,,https://www.linkedin.com/company/linkbankbanking,Auto-enriched
2851,LPA,Logistic Properties of the Americas,Real Estate,0.000,https://www.lpamericas.com,,,,,,https://www.linkedin.com/company/latam-logistic-properties,Auto-enriched
2852,LDI,"loanDepot, Inc.",Financials,0.000,https://www.loandepot.com,https://en.wikipedia.org/wiki/LoanDepot,https://www.facebook.com/loandepotdotcom,https://www.instagram.com/loandepot/,https://x.com/loanDepot,https://www.youtube.com/channel/UCYzcEu_uaP1z8IWaVk8mSmw,https://www.linkedin.com/company/loandepot,Auto-enriched
2853,LVWR,"LiveWire Group, Inc.",Consumer Discretionary,0.000,https://www.livewire.com,,https://www.facebook.com/LiveWireEV,https://www.instagram.com/livewireev,,https://www.youtube.com/c/livewireev,https://www.linkedin.com/company/livewireev,Auto-enriched
2854,MFIN,Medallion Financial Corp.,Financials,0.000,https://www.medallion.com/,https://en.wikipedia.org/wiki/Medallion_Financial,,,,,,Auto-enriched
2855,BRBS,"Blue Ridge Bankshares, Inc.",Financials,0.000,https://www.mybrb.com,,,,,,https://www.linkedin.com/company/blue-ridge-bank,Auto-enriched
2856,BTMD,biote Corp.,Health Care,0.000,https://www.biote.com,,,,,,https://www.linkedin.com/company/biotemedical,Auto-enriched
2857,BZAI,"Blaize Holdings, Inc.",Information Technology,0.000,https://www.blaize.com,,,,,,https://www.linkedin.com/company/blaize-inc,Auto-enriched
2858,BNTC,Benitec Biopharma Inc.,Health Care,0.000,https://www.benitec.com,https://en.wikipedia.org/wiki/Benitec_Biopharma,,,,,https://www.linkedin.com/company/benitec-biopharma,Auto-enriched
2859,BLZE,"Backblaze, Inc.",Information Technology,0.000,https://www.backblaze.com,https://en.wikipedia.org/wiki/Backblaze,https://facebook.com/backblaze,,https://x.com/backblaze,https://www.youtube.com/channel/UCpIVQUYBArvA9JcnGJksxGA,https://www.linkedin.com/company/backblaze/,Auto-enriched
2860,BSVN,Bank7 Corp.,Financials,0.000,https://www.bank7.com,,,,,,https://www.linkedin.com/company/bank7,Auto-enriched
2861,SKIN,The Beauty Health Company,Health Care,0.000,https://www.beautyhealth.com,https://en.wikipedia.org/wiki/Hydrafacial,,,,,https://www.linkedin.com/company/the-beauty-health-company,Auto-enriched
2862,BCBP,"BCB Bancorp, Inc.",Financials,0.000,https://www.bcb.bank,,,,,,https://www.linkedin.com/company/bcb-community-bank,Auto-enriched
2863,BSET,"Bassett Furniture Industries, Incorporated",Consumer Discretionary,0.000,https://www.bassettfurniture.com,https://en.wikipedia.org/wiki/Bassett_Furniture,https://www.facebook.com/pages/Bassett-Furniture/209388690408,https://www.instagram.com/bassettfurniture/,,https://www.youtube.com/user/bassettfurniture,https://www.linkedin.com/company/bassett-furniture-industries,Auto-enriched
2864,BNED,"Barnes & Noble Education, Inc.",Consumer Discretionary,0.000,https://www.bned.com,https://en.wikipedia.org/wiki/Barnes_%26_Noble_Education,,,,,https://www.linkedin.com/company/barnes-&-noble-education,Auto-enriched
2865,JRVR,"James River Group Holdings, Ltd.",Financials,0.000,https://www.jrvrgroup.com,,,,,,,Auto-enriched
2866,AVBH,"Avidbank Holdings, Inc.",Financials,0.000,https://www.avidbank.com,,,,,,https://www.linkedin.com/company/avidbank,Auto-enriched
2867,BKKT,"Bakkt Holdings, Inc.",Financials,0.000,https://www.bakkt.com,https://en.wikipedia.org/wiki/Bakkt,,,https://x.com/Bakkt,,https://www.linkedin.com/company/bakkt,Auto-enriched
2868,ATLC,Atlanticus Holdings Corporation,Financials,0.000,https://www.atlanticus.com,https://en.wikipedia.org/wiki/Atlanticus_Holdings,,,,,https://www.linkedin.com/company/atlanticus,Auto-enriched
2869,ATLN,Atlantic International Corp.,Industrials,0.000,https://www.atlantic-international.com,,,,,,https://www.linkedin.com/company/atlantic-international-corp,Auto-enriched
2870,ASIC,Ategrity Specialty Insurance Company Holdings,Financials,0.000,https://www.ategrity.com,,,,,,https://www.linkedin.com/company/ategrity-specialty-insurance,Auto-enriched
2871,AURA,"Aura Biosciences, Inc.",Health Care,0.000,https://www.aurabiosciences.com,,,,,,https://www.linkedin.com/company/aura-biosciences,Auto-enriched
2872,AEYE,"AudioEye, Inc.",Information Technology,0.000,https://www.audioeye.com,,https://www.facebook.com/audioeyeinc,https://www.instagram.com/audioeyeinc/,https://x.com/audioeyeinc,https://www.youtube.com/c/AudioEye,https://www.linkedin.com/company/audioeye-inc/,Auto-enriched
2873,RNA,"Atrium Therapeutics, Inc.",Health Care,0.000,https://atriumtherapeutics.com,,,,,,https://www.linkedin.com/company/atrium-therapeutics,Auto-enriched
2874,ATOM,Atomera Incorporated,Information Technology,0.000,https://www.atomera.com,https://en.wikipedia.org/wiki/Atomera,,,,,https://www.linkedin.com/company/atomera-incorporated,Auto-enriched
2875,ARQ,"Arq, Inc.",Materials,0.000,https://www.arqsol.com,,,,,,https://www.linkedin.com/company/arqsolutions,Auto-enriched
2876,ACRE,Ares Commercial Real Estate Corporation,Real Estate,0.000,https://www.arescre.com,,,,,,https://www.linkedin.com/company/ares-management,Auto-enriched
2877,BARK,"BARK, Inc.",Consumer Discretionary,0.000,https://www.bark.co,https://en.wikipedia.org/wiki/BarkBox,https://www.facebook.com/Bark/,https://www.instagram.com/bark,https://twitter.com/barkbox,https://www.youtube.com/c/barkbox,https://www.linkedin.com/company/bark-co,Auto-enriched
2878,DERM,Journey Medical Corporation,Health Care,0.000,https://www.journeymedicalcorp.com,,,,,,,Auto-enriched
2879,KG,Kestrel Group Ltd,Financials,0.000,https://www.kestrelgroup.com,,,,,,,Auto-enriched
2880,INSG,Inseego Corp.,Information Technology,0.000,https://www.inseego.com,,,,,,,Auto-enriched
2881,INV,"Innventure, Inc.",Industrials,0.000,https://www.innventure.com,,,,,,,Auto-enriched
2882,INNV,InnovAge Holding Corp.,Health Care,0.000,https://www.innovage.com,,,,,,,Auto-enriched
2883,INMB,"INmune Bio, Inc.",Health Care,0.000,https://www.inmunebio.com,,,,,,,Auto-enriched
2884,III,"Information Services Group, Inc.",Industrials,0.000,https://isg-one.com,,,,,,,Auto-enriched
2885,INR,"Infinity Natural Resources, Inc.",Energy,0.000,https://www.infinitynr.com,,,,,,,Auto-enriched
2886,IBEX,IBEX Limited,Industrials,0.000,https://www.ibex.co,,,,,,,Auto-enriched
2887,HFFG,HF Foods Group Inc.,Consumer Staples,0.000,https://www.hffoodsgroup.com,,,,,,,Auto-enriched
2888,HLLY,Holley Inc.,Consumer Discretionary,0.000,https://www.holley.com,https://en.wikipedia.org/wiki/Holley_Performance_Products,,https://www.instagram.com/byholley/,,,https://www.linkedin.com/company/holley,Auto-enriched
2889,BH,Biglari Holdings Inc. (Class B),Consumer Discretionary,0.000,https://www.biglariholdings.com,https://en.wikipedia.org/wiki/Biglari_Holdings,,,,,https://www.linkedin.com/company/biglari-holdings-inc,Auto-enriched
2890,HWBK,"Hawthorn Bancshares, Inc.",Financials,0.000,https://www.hawthornbank.com,,,,,,,Auto-enriched
2891,HNVR,"Hanover Bancorp, Inc.",Financials,0.000,https://www.hanoverbank.com,,,,,,,Auto-enriched
2892,HBB,Hamilton Beach Brands Holding Company,Consumer Discretionary,0.000,https://www.hamiltonbeachbrands.com,https://en.wikipedia.org/wiki/Hamilton_Beach_Brands,https://www.facebook.com/HamiltonBeach,,,,https://www.linkedin.com/company/hamilton-beach-brands-inc,Auto-enriched
2893,GCBC,"Greene County Bancorp, Inc.",Financials,0.000,https://www.tbogc.com,,,,,,,Auto-enriched
2894,DNA,"Ginkgo Bioworks Holdings, Inc.",Health Care,0.000,https://www.ginkgobioworks.com,https://en.wikipedia.org/wiki/Ginkgo_Bioworks,,,,,,Auto-enriched
2895,GOCO,"GoHealth, Inc.",Financials,0.000,https://www.gohealth.com,,,,,,,Auto-enriched
2896,GENC,"Gencor Industries, Inc.",Industrials,0.000,https://www.gencor.com,,,,,,,Auto-enriched
2897,GWRS,"Global Water Resources, Inc.",Utilities,0.000,https://www.gwresources.com,,,,,,,Auto-enriched
2898,GBFH,GBank Financial Holdings Inc.,Financials,0.000,https://www.gbankfinancialholdings.com,,,,,,,Auto-enriched
2899,FRD,"Friedman Industries, Incorporated",Materials,0.000,https://friedmanindustries.com,,,,,,,Auto-enriched
2900,GAMB,Gambling.com Group Limited,Communication,0.000,https://gambling.com,https://en.wikipedia.org/wiki/Gambling.com_Group,,,,,,Auto-enriched
2901,HQI,"HireQuest, Inc.",Industrials,0.000,https://www.hirequest.com,,,,,,,Auto-enriched
